nu,seed,model,train_res,epoch,loss
0.1,0,fno,64,0,0.5098733341693878
0.1,0,fno,64,1,0.08396044187247753
0.1,0,fno,64,2,0.037096145674586294
0.1,0,fno,64,3,0.027021656930446624
0.1,0,fno,64,4,0.02203817531466484
0.1,0,fno,64,5,0.022058398015797138
0.1,0,fno,64,6,0.02391354713588953
0.1,0,fno,64,7,0.02113307198509574
0.1,0,fno,64,8,0.019450454991310834
0.1,0,fno,64,9,0.020011655073612928
0.1,0,fno,64,10,0.020469029750674963
0.1,0,fno,64,11,0.012931337505578995
0.1,0,fno,64,12,0.016980430800467728
0.1,0,fno,64,13,0.016685070004314184
0.1,0,fno,64,14,0.014941208474338054
0.1,0,fno,64,15,0.014109369330108167
0.1,0,fno,64,16,0.01415223595686257
0.1,0,fno,64,17,0.012978512346744537
0.1,0,fno,64,18,0.016148369517177342
0.1,0,fno,64,19,0.017736451216042042
0.1,0,fno,64,20,0.017122914008796217
0.1,0,fno,64,21,0.01523067120462656
0.1,0,fno,64,22,0.0146249021589756
0.1,0,fno,64,23,0.014068704899400472
0.1,0,fno,64,24,0.014051771704107523
0.1,0,fno,64,25,0.014275557622313499
0.1,0,fno,64,26,0.016497316034510733
0.1,0,fno,64,27,0.01302950520068407
0.1,0,fno,64,28,0.011935286121442915
0.1,0,fno,64,29,0.010798985017463564
0.1,0,fno,64,30,0.013454089108854532
0.1,0,fno,64,31,0.011845627427101135
0.1,0,fno,64,32,0.0163492944650352
0.1,0,fno,64,33,0.01627575432881713
0.1,0,fno,64,34,0.015316230431199073
0.1,0,fno,64,35,0.014641500692814589
0.1,0,fno,64,36,0.014406904708594084
0.1,0,fno,64,37,0.012282301895320416
0.1,0,fno,64,38,0.012239691643044353
0.1,0,fno,64,39,0.014028175361454486
0.1,0,fno,64,40,0.013646900104358792
0.1,0,fno,64,41,0.011124829873442649
0.1,0,fno,64,42,0.013201296366751193
0.1,0,fno,64,43,0.013717388352379203
0.1,0,fno,64,44,0.01457828477025032
0.1,0,fno,64,45,0.01281179854646325
0.1,0,fno,64,46,0.012007099268957972
0.1,0,fno,64,47,0.01385221976786852
0.1,0,fno,64,48,0.013157850187271834
0.1,0,fno,64,49,0.013856669347733259
0.1,0,fno,64,50,0.012257624473422766
0.1,0,fno,64,51,0.010384893547743558
0.1,0,fno,64,52,0.013146412493661046
0.1,0,fno,64,53,0.01155487284064293
0.1,0,fno,64,54,0.014003886207938195
0.1,0,fno,64,55,0.01209893156774342
0.1,0,fno,64,56,0.012440765891224146
0.1,0,fno,64,57,0.012713206307962537
0.1,0,fno,64,58,0.01167749191634357
0.1,0,fno,64,59,0.010962236747145653
0.1,0,fno,64,60,0.008117791246622801
0.1,0,fno,64,61,0.006441061217337847
0.1,0,fno,64,62,0.005719927493482828
0.1,0,fno,64,63,0.0062199841160327195
0.1,0,fno,64,64,0.005482924808748066
0.1,0,fno,64,65,0.006640675012022257
0.1,0,fno,64,66,0.006087393583729863
0.1,0,fno,64,67,0.007145700063556432
0.1,0,fno,64,68,0.006383881736546755
0.1,0,fno,64,69,0.0059160878509283065
0.1,0,fno,64,70,0.006988160284236073
0.1,0,fno,64,71,0.007045744117349386
0.1,0,fno,64,72,0.006819369923323393
0.1,0,fno,64,73,0.005605013268068433
0.1,0,fno,64,74,0.005068037351593375
0.1,0,fno,64,75,0.005387391927652061
0.1,0,fno,64,76,0.006061802553012967
0.1,0,fno,64,77,0.006626534331589937
0.1,0,fno,64,78,0.006405957927927375
0.1,0,fno,64,79,0.007799127288162708
0.1,0,fno,64,80,0.005217480850405991
0.1,0,fno,64,81,0.005568377966992557
0.1,0,fno,64,82,0.006485292576253414
0.1,0,fno,64,83,0.0072022950556129214
0.1,0,fno,64,84,0.00689679853618145
0.1,0,fno,64,85,0.006923351576551795
0.1,0,fno,64,86,0.006610353328287601
0.1,0,fno,64,87,0.006450965404510498
0.1,0,fno,64,88,0.00642943985760212
0.1,0,fno,64,89,0.007351304208859801
0.1,0,fno,64,90,0.006666930979117751
0.1,0,fno,64,91,0.006759078605100512
0.1,0,fno,64,92,0.0070033687725663185
0.1,0,fno,64,93,0.005810983637347817
0.1,0,fno,64,94,0.007053447961807251
0.1,0,fno,64,95,0.007447471665218472
0.1,0,fno,64,96,0.006678203092887997
0.1,0,fno,64,97,0.007102629817090929
0.1,0,fno,64,98,0.008552040066570043
0.1,0,fno,64,99,0.007241512034088373
0.1,0,fno,64,100,0.007099641254171729
0.1,0,fno,64,101,0.007415846567600966
0.1,0,fno,64,102,0.0073059941548854115
0.1,0,fno,64,103,0.005922006107866764
0.1,0,fno,64,104,0.0065500269504263995
0.1,0,fno,64,105,0.007108887415379286
0.1,0,fno,64,106,0.006722839768044651
0.1,0,fno,64,107,0.007271267827600241
0.1,0,fno,64,108,0.007367974771186709
0.1,0,fno,64,109,0.0058664729120209815
0.1,0,fno,64,110,0.00586496714502573
0.1,0,fno,64,111,0.005252481531351804
0.1,0,fno,64,112,0.005691488017328083
0.1,0,fno,64,113,0.006560579184442758
0.1,0,fno,64,114,0.007075530281290412
0.1,0,fno,64,115,0.00715860296972096
0.1,0,fno,64,116,0.00682797200512141
0.1,0,fno,64,117,0.005516829062253236
0.1,0,fno,64,118,0.005152534232474863
0.1,0,fno,64,119,0.006315203011035919
0.1,0,fno,64,120,0.00418025968130678
0.1,0,fno,64,121,0.0035752506693825124
0.1,0,fno,64,122,0.003913229522295296
0.1,0,fno,64,123,0.0035292673436924816
0.1,0,fno,64,124,0.003847854328341782
0.1,0,fno,64,125,0.0038439377024769785
0.1,0,fno,64,126,0.0034874070156365633
0.1,0,fno,64,127,0.0033957395888864995
0.1,0,fno,64,128,0.0038836012780666352
0.1,0,fno,64,129,0.003973128511570394
0.1,0,fno,64,130,0.003503568936139345
0.1,0,fno,64,131,0.003721591015346348
0.1,0,fno,64,132,0.0038534036790952085
0.1,0,fno,64,133,0.004067869875580072
0.1,0,fno,64,134,0.004529228322207928
0.1,0,fno,64,135,0.003781585772521794
0.1,0,fno,64,136,0.0038260129699483514
0.1,0,fno,64,137,0.004371893042698503
0.1,0,fno,64,138,0.003361523011699319
0.1,0,fno,64,139,0.0038178258296102286
0.1,0,fno,64,140,0.0032650098484009503
0.1,0,fno,64,141,0.0036963795498013495
0.1,0,fno,64,142,0.0033034750074148176
0.1,0,fno,64,143,0.0035688214190304278
0.1,0,fno,64,144,0.0039710018923506145
0.1,0,fno,64,145,0.0036651053931564094
0.1,0,fno,64,146,0.00418138287961483
0.1,0,fno,64,147,0.00420360438991338
0.1,0,fno,64,148,0.004209820097312331
0.1,0,fno,64,149,0.0036008133227005603
0.1,0,fno,64,150,0.0040707593597471715
0.1,0,fno,64,151,0.003788663758896291
0.1,0,fno,64,152,0.0034114946657791733
0.1,0,fno,64,153,0.0036898940755054357
0.1,0,fno,64,154,0.0035183323547244073
0.1,0,fno,64,155,0.0033969360217452047
0.1,0,fno,64,156,0.003524697730317712
0.1,0,fno,64,157,0.0036915577668696644
0.1,0,fno,64,158,0.003144217608496547
0.1,0,fno,64,159,0.0038643164513632654
0.1,0,fno,64,160,0.0032967659179121258
0.1,0,fno,64,161,0.0037215981213375928
0.1,0,fno,64,162,0.004233089978806674
0.1,0,fno,64,163,0.004317252868786454
0.1,0,fno,64,164,0.003540309467352927
0.1,0,fno,64,165,0.004076870628632605
0.1,0,fno,64,166,0.004079529792070389
0.1,0,fno,64,167,0.004152601696550846
0.1,0,fno,64,168,0.0040399894351139665
0.1,0,fno,64,169,0.0035821460047736763
0.1,0,fno,64,170,0.0036809913953766227
0.1,0,fno,64,171,0.003905396363697946
0.1,0,fno,64,172,0.0040563185792416336
0.1,0,fno,64,173,0.0036277464125305412
0.1,0,fno,64,174,0.003621198101900518
0.1,0,fno,64,175,0.0034573435550555587
0.1,0,fno,64,176,0.0035468685394153
0.1,0,fno,64,177,0.004084936399012804
0.1,0,fno,64,178,0.004067765921354294
0.1,0,fno,64,179,0.004147576382383705
0.1,0,fno,64,180,0.0025761668337509038
0.1,0,fno,64,181,0.002528111329302192
0.1,0,fno,64,182,0.002434793368447572
0.1,0,fno,64,183,0.002364756783936173
0.1,0,fno,64,184,0.0024987879884429275
0.1,0,fno,64,185,0.0023450543847866358
0.1,0,fno,64,186,0.0023763198009692133
0.1,0,fno,64,187,0.002434078990481794
0.1,0,fno,64,188,0.002449133680202067
0.1,0,fno,64,189,0.0024637938267551363
0.1,0,fno,64,190,0.0026297442568466067
0.1,0,fno,64,191,0.0025741336145438253
0.1,0,fno,64,192,0.002408835841342807
0.1,0,fno,64,193,0.0024156071431934833
0.1,0,fno,64,194,0.0022913781413808464
0.1,0,fno,64,195,0.002333654712419957
0.1,0,fno,64,196,0.0024912802851758896
0.1,0,fno,64,197,0.0022553317924030123
0.1,0,fno,64,198,0.002376895919442177
0.1,0,fno,64,199,0.0023573854379355906
0.1,0,fno,64,200,0.002408989917021245
0.1,0,fno,64,201,0.002436873640399426
0.1,0,fno,64,202,0.002436260054819286
0.1,0,fno,64,203,0.0023307734332047403
0.1,0,fno,64,204,0.002474202043376863
0.1,0,fno,64,205,0.0024460558872669933
0.1,0,fno,64,206,0.002749614641070366
0.1,0,fno,64,207,0.002387136612087488
0.1,0,fno,64,208,0.0023999380646273494
0.1,0,fno,64,209,0.0024083181470632552
0.1,0,fno,64,210,0.002334851382765919
0.1,0,fno,64,211,0.0023963364819064737
0.1,0,fno,64,212,0.002742354937363416
0.1,0,fno,64,213,0.0023714321409352124
0.1,0,fno,64,214,0.0023811184172518552
0.1,0,fno,64,215,0.0025487225060351194
0.1,0,fno,64,216,0.002577157379128039
0.1,0,fno,64,217,0.002496789963915944
0.1,0,fno,64,218,0.002430787184275687
0.1,0,fno,64,219,0.0026402982720173896
0.1,0,fno,64,220,0.0024830467230640353
0.1,0,fno,64,221,0.0025640750909224153
0.1,0,fno,64,222,0.0026229905034415423
0.1,0,fno,64,223,0.0021415876224637033
0.1,0,fno,64,224,0.0023657142953015862
0.1,0,fno,64,225,0.0027401131414808333
0.1,0,fno,64,226,0.0023662295681424438
0.1,0,fno,64,227,0.0023003216250799597
0.1,0,fno,64,228,0.002341190206352621
0.1,0,fno,64,229,0.0022469945577904583
0.1,0,fno,64,230,0.002606605312321335
0.1,0,fno,64,231,0.0022217035037465395
0.1,0,fno,64,232,0.002718997865449637
0.1,0,fno,64,233,0.002739240252412856
0.1,0,fno,64,234,0.0028265397856011986
0.1,0,fno,64,235,0.002590659228153527
0.1,0,fno,64,236,0.002472613144200295
0.1,0,fno,64,237,0.00243933888617903
0.1,0,fno,64,238,0.002430035984143615
0.1,0,fno,64,239,0.002063956351485103
0.1,0,fno,64,240,0.001967931198887527
0.1,0,fno,64,241,0.001963732710573822
0.1,0,fno,64,242,0.001896962383762002
0.1,0,fno,64,243,0.001953363576903939
0.1,0,fno,64,244,0.0019389824895188212
0.1,0,fno,64,245,0.0018687975686043502
0.1,0,fno,64,246,0.0018935824045911431
0.1,0,fno,64,247,0.0017746988288126885
0.1,0,fno,64,248,0.0018691152590326965
0.1,0,fno,64,249,0.001953005155082792
0.1,0,fno,64,250,0.0018562815128825604
0.1,0,fno,64,251,0.001831270104739815
0.1,0,fno,64,252,0.001964267597068101
0.1,0,fno,64,253,0.0019463593908585607
0.1,0,fno,64,254,0.0019898364460095765
0.1,0,fno,64,255,0.0018865711754187942
0.1,0,fno,64,256,0.0018738253158517182
0.1,0,fno,64,257,0.0017928399355150758
0.1,0,fno,64,258,0.0018074711808003486
0.1,0,fno,64,259,0.001845985606778413
0.1,0,fno,64,260,0.0018183305975981057
0.1,0,fno,64,261,0.0019185580965131522
0.1,0,fno,64,262,0.001873745189514011
0.1,0,fno,64,263,0.0018382622790522874
0.1,0,fno,64,264,0.0018146971799433231
0.1,0,fno,64,265,0.0019275226793251932
0.1,0,fno,64,266,0.0019035828486084938
0.1,0,fno,64,267,0.0018714771047234535
0.1,0,fno,64,268,0.0017693730234168469
0.1,0,fno,64,269,0.001898178062401712
0.1,0,fno,64,270,0.0018629293516278266
0.1,0,fno,64,271,0.001935531732160598
0.1,0,fno,64,272,0.0020128433778882028
0.1,0,fno,64,273,0.0018021691683679818
0.1,0,fno,64,274,0.0018705587252043187
0.1,0,fno,64,275,0.0017962322873063385
0.1,0,fno,64,276,0.0018569571035914124
0.1,0,fno,64,277,0.0017853945097886027
0.1,0,fno,64,278,0.0018694230658002197
0.1,0,fno,64,279,0.0018233803007751703
0.1,0,fno,64,280,0.0018768013245426117
0.1,0,fno,64,281,0.001861493200995028
0.1,0,fno,64,282,0.0018367131217382848
0.1,0,fno,64,283,0.0019461677270010114
0.1,0,fno,64,284,0.0018381745670922101
0.1,0,fno,64,285,0.0018841129611246287
0.1,0,fno,64,286,0.001820104841608554
0.1,0,fno,64,287,0.0018222126341424882
0.1,0,fno,64,288,0.0018158063082955778
0.1,0,fno,64,289,0.0018648106814362108
0.1,0,fno,64,290,0.001871962444856763
0.1,0,fno,64,291,0.0019336957531049847
0.1,0,fno,64,292,0.0017790952674113215
0.1,0,fno,64,293,0.0018551107379607857
0.1,0,fno,64,294,0.0018606765859294683
0.1,0,fno,64,295,0.0017669443832710385
0.1,0,fno,64,296,0.0017428281134925783
0.1,0,fno,64,297,0.00185128582874313
0.1,0,fno,64,298,0.0019298485200852156
0.1,0,fno,64,299,0.001759107445832342
0.1,1,fno,64,0,0.5436859500408172
0.1,1,fno,64,1,0.10826641030609607
0.1,1,fno,64,2,0.04613634213805198
0.1,1,fno,64,3,0.032774687111377716
0.1,1,fno,64,4,0.027225413247942924
0.1,1,fno,64,5,0.024191386066377163
0.1,1,fno,64,6,0.019630310758948326
0.1,1,fno,64,7,0.01829950300976634
0.1,1,fno,64,8,0.01759224435314536
0.1,1,fno,64,9,0.022085937783122064
0.1,1,fno,64,10,0.0219670613668859
0.1,1,fno,64,11,0.015903634317219258
0.1,1,fno,64,12,0.017204238492995502
0.1,1,fno,64,13,0.015214879885315896
0.1,1,fno,64,14,0.013438604176044464
0.1,1,fno,64,15,0.014093791134655476
0.1,1,fno,64,16,0.01735350474715233
0.1,1,fno,64,17,0.014426544308662415
0.1,1,fno,64,18,0.019165176339447497
0.1,1,fno,64,19,0.018249240722507238
0.1,1,fno,64,20,0.01839413484558463
0.1,1,fno,64,21,0.016200198475271464
0.1,1,fno,64,22,0.014515604842454195
0.1,1,fno,64,23,0.01689216958358884
0.1,1,fno,64,24,0.014934878116473555
0.1,1,fno,64,25,0.016015952583402396
0.1,1,fno,64,26,0.01171250682324171
0.1,1,fno,64,27,0.012608487764373422
0.1,1,fno,64,28,0.013954301383346319
0.1,1,fno,64,29,0.015349319651722908
0.1,1,fno,64,30,0.016426332127302885
0.1,1,fno,64,31,0.01506472123786807
0.1,1,fno,64,32,0.01373551856726408
0.1,1,fno,64,33,0.0146509681455791
0.1,1,fno,64,34,0.013688721507787705
0.1,1,fno,64,35,0.014071340337395669
0.1,1,fno,64,36,0.015006671231240033
0.1,1,fno,64,37,0.014803716726601125
0.1,1,fno,64,38,0.01162534100934863
0.1,1,fno,64,39,0.011147447656840085
0.1,1,fno,64,40,0.011441976530477405
0.1,1,fno,64,41,0.012227196479216218
0.1,1,fno,64,42,0.01184902391396463
0.1,1,fno,64,43,0.01099199514836073
0.1,1,fno,64,44,0.014641107320785522
0.1,1,fno,64,45,0.013724857494235038
0.1,1,fno,64,46,0.015191141460090875
0.1,1,fno,64,47,0.014246481098234653
0.1,1,fno,64,48,0.012686178935691714
0.1,1,fno,64,49,0.012437562588602305
0.1,1,fno,64,50,0.01198751812800765
0.1,1,fno,64,51,0.012811064273118972
0.1,1,fno,64,52,0.013572027254849673
0.1,1,fno,64,53,0.014370029252022505
0.1,1,fno,64,54,0.013431110940873623
0.1,1,fno,64,55,0.01196652694605291
0.1,1,fno,64,56,0.011828292757272721
0.1,1,fno,64,57,0.012220397014170886
0.1,1,fno,64,58,0.01140834717079997
0.1,1,fno,64,59,0.009973946316167713
0.1,1,fno,64,60,0.007797542400658131
0.1,1,fno,64,61,0.006672683209180832
0.1,1,fno,64,62,0.006191696850582957
0.1,1,fno,64,63,0.006096840454265475
0.1,1,fno,64,64,0.0063006201200187205
0.1,1,fno,64,65,0.006262991167604923
0.1,1,fno,64,66,0.005868249256163836
0.1,1,fno,64,67,0.006395292654633522
0.1,1,fno,64,68,0.006459106579422951
0.1,1,fno,64,69,0.007249158234335482
0.1,1,fno,64,70,0.00744987515732646
0.1,1,fno,64,71,0.007275625867769122
0.1,1,fno,64,72,0.006630691457539797
0.1,1,fno,64,73,0.007649030438624322
0.1,1,fno,64,74,0.007389176972210408
0.1,1,fno,64,75,0.007362490985542536
0.1,1,fno,64,76,0.00660703175701201
0.1,1,fno,64,77,0.0077283087465912104
0.1,1,fno,64,78,0.0063612204138189556
0.1,1,fno,64,79,0.006530720377340913
0.1,1,fno,64,80,0.007107034986838698
0.1,1,fno,64,81,0.00744084591511637
0.1,1,fno,64,82,0.007190111493691802
0.1,1,fno,64,83,0.006762732546776533
0.1,1,fno,64,84,0.0065837687440216544
0.1,1,fno,64,85,0.006161875748075545
0.1,1,fno,64,86,0.006872132681310177
0.1,1,fno,64,87,0.006778966588899493
0.1,1,fno,64,88,0.007394606424495578
0.1,1,fno,64,89,0.006865720869973302
0.1,1,fno,64,90,0.005550897615030408
0.1,1,fno,64,91,0.007575228642672301
0.1,1,fno,64,92,0.006442729281261563
0.1,1,fno,64,93,0.006783368848264217
0.1,1,fno,64,94,0.0069719728175550695
0.1,1,fno,64,95,0.005933760516345501
0.1,1,fno,64,96,0.005836273492313922
0.1,1,fno,64,97,0.006698201955296099
0.1,1,fno,64,98,0.007172629749402404
0.1,1,fno,64,99,0.006312237866222858
0.1,1,fno,64,100,0.0056197412125766275
0.1,1,fno,64,101,0.005980637543834746
0.1,1,fno,64,102,0.006276992578059435
0.1,1,fno,64,103,0.00696988902054727
0.1,1,fno,64,104,0.006788124991580844
0.1,1,fno,64,105,0.007685021124780178
0.1,1,fno,64,106,0.007458548322319985
0.1,1,fno,64,107,0.0067042124085128305
0.1,1,fno,64,108,0.0054267947049811485
0.1,1,fno,64,109,0.007541631199419498
0.1,1,fno,64,110,0.00639647513628006
0.1,1,fno,64,111,0.006462550908327103
0.1,1,fno,64,112,0.007128997668623924
0.1,1,fno,64,113,0.006543921697884798
0.1,1,fno,64,114,0.005694088749587536
0.1,1,fno,64,115,0.006250821352005005
0.1,1,fno,64,116,0.006738580423407256
0.1,1,fno,64,117,0.0068507732450962065
0.1,1,fno,64,118,0.006998116821050644
0.1,1,fno,64,119,0.006251656427048146
0.1,1,fno,64,120,0.004092990108765662
0.1,1,fno,64,121,0.004016264546662569
0.1,1,fno,64,122,0.003640828123316169
0.1,1,fno,64,123,0.004057256150990725
0.1,1,fno,64,124,0.004361103130504489
0.1,1,fno,64,125,0.004174338863231241
0.1,1,fno,64,126,0.003974392097443342
0.1,1,fno,64,127,0.004361088140867651
0.1,1,fno,64,128,0.003883893848396838
0.1,1,fno,64,129,0.004297159695997834
0.1,1,fno,64,130,0.004385040309280157
0.1,1,fno,64,131,0.0040294768242165446
0.1,1,fno,64,132,0.003826141799800098
0.1,1,fno,64,133,0.003858221611008048
0.1,1,fno,64,134,0.003826844277791679
0.1,1,fno,64,135,0.003859936920925975
0.1,1,fno,64,136,0.00395112311001867
0.1,1,fno,64,137,0.00373570513445884
0.1,1,fno,64,138,0.004047518381848931
0.1,1,fno,64,139,0.004347681230865419
0.1,1,fno,64,140,0.0041314915334805845
0.1,1,fno,64,141,0.004383561778813601
0.1,1,fno,64,142,0.004448663615621626
0.1,1,fno,64,143,0.003660416379570961
0.1,1,fno,64,144,0.0040515211597085
0.1,1,fno,64,145,0.004279167014174163
0.1,1,fno,64,146,0.005105073302984237
0.1,1,fno,64,147,0.004071216671727598
0.1,1,fno,64,148,0.003913646042346955
0.1,1,fno,64,149,0.003383706216700375
0.1,1,fno,64,150,0.004063936122693121
0.1,1,fno,64,151,0.004084642361849546
0.1,1,fno,64,152,0.003481609798036516
0.1,1,fno,64,153,0.004171446124091744
0.1,1,fno,64,154,0.004147440879605711
0.1,1,fno,64,155,0.0036349528189748527
0.1,1,fno,64,156,0.0033292224956676364
0.1,1,fno,64,157,0.004171495758928358
0.1,1,fno,64,158,0.0039025831408798697
0.1,1,fno,64,159,0.0037261617789044977
0.1,1,fno,64,160,0.00428948113694787
0.1,1,fno,64,161,0.004326258366927504
0.1,1,fno,64,162,0.004189765038900077
0.1,1,fno,64,163,0.003777052918449044
0.1,1,fno,64,164,0.00424353945069015
0.1,1,fno,64,165,0.003892698721028864
0.1,1,fno,64,166,0.004215874536894262
0.1,1,fno,64,167,0.004307703212834895
0.1,1,fno,64,168,0.003406724235974252
0.1,1,fno,64,169,0.0034086301503702997
0.1,1,fno,64,170,0.0035057359421625735
0.1,1,fno,64,171,0.0034677135478705166
0.1,1,fno,64,172,0.0035878901975229384
0.1,1,fno,64,173,0.004412973029538989
0.1,1,fno,64,174,0.003748070392757654
0.1,1,fno,64,175,0.003834437779150903
0.1,1,fno,64,176,0.004310263679362833
0.1,1,fno,64,177,0.004192155366763472
0.1,1,fno,64,178,0.004537083464674652
0.1,1,fno,64,179,0.0033984010852873324
0.1,1,fno,64,180,0.002786236200481653
0.1,1,fno,64,181,0.0027023247396573426
0.1,1,fno,64,182,0.0027988224872387947
0.1,1,fno,64,183,0.0027967386646196245
0.1,1,fno,64,184,0.002603752724826336
0.1,1,fno,64,185,0.0026416766410693525
0.1,1,fno,64,186,0.002732608458027244
0.1,1,fno,64,187,0.0027013389905914662
0.1,1,fno,64,188,0.0026750117843039336
0.1,1,fno,64,189,0.002949235725682229
0.1,1,fno,64,190,0.0030005305539816617
0.1,1,fno,64,191,0.00289327091537416
0.1,1,fno,64,192,0.002654970791190863
0.1,1,fno,64,193,0.002556960107758641
0.1,1,fno,64,194,0.0027425747737288477
0.1,1,fno,64,195,0.0031078570289537312
0.1,1,fno,64,196,0.002783801686018705
0.1,1,fno,64,197,0.0027465092949569224
0.1,1,fno,64,198,0.0025486576673574746
0.1,1,fno,64,199,0.002734687980264425
0.1,1,fno,64,200,0.0028268922842107714
0.1,1,fno,64,201,0.0028629159322008492
0.1,1,fno,64,202,0.002763901778962463
0.1,1,fno,64,203,0.0026319854729808865
0.1,1,fno,64,204,0.002622990363743156
0.1,1,fno,64,205,0.002487700746860355
0.1,1,fno,64,206,0.0027808736241422593
0.1,1,fno,64,207,0.0030997936520725487
0.1,1,fno,64,208,0.002940511149354279
0.1,1,fno,64,209,0.002687800666317344
0.1,1,fno,64,210,0.0031148751499131323
0.1,1,fno,64,211,0.0027405203972011806
0.1,1,fno,64,212,0.002689323073718697
0.1,1,fno,64,213,0.002905361424200237
0.1,1,fno,64,214,0.0027900465554557743
0.1,1,fno,64,215,0.0024612092832103374
0.1,1,fno,64,216,0.0027558730775490404
0.1,1,fno,64,217,0.002814980074763298
0.1,1,fno,64,218,0.0029899724200367927
0.1,1,fno,64,219,0.0028239252930507062
0.1,1,fno,64,220,0.0028744742786511778
0.1,1,fno,64,221,0.002695243258494884
0.1,1,fno,64,222,0.002841772576794028
0.1,1,fno,64,223,0.0025205519306473433
0.1,1,fno,64,224,0.0025001192931085824
0.1,1,fno,64,225,0.00267876532394439
0.1,1,fno,64,226,0.002594461988192052
0.1,1,fno,64,227,0.002830849513411522
0.1,1,fno,64,228,0.002838671081699431
0.1,1,fno,64,229,0.002488022744655609
0.1,1,fno,64,230,0.002619776390492916
0.1,1,fno,64,231,0.0029073141887784003
0.1,1,fno,64,232,0.0028685793885961175
0.1,1,fno,64,233,0.0028563670790754257
0.1,1,fno,64,234,0.0028570330794900657
0.1,1,fno,64,235,0.0028229252295568583
0.1,1,fno,64,236,0.0026487804995849727
0.1,1,fno,64,237,0.0028383021778427063
0.1,1,fno,64,238,0.002936705001629889
0.1,1,fno,64,239,0.002858852061908692
0.1,1,fno,64,240,0.0022267133882269263
0.1,1,fno,64,241,0.0021880142553709447
0.1,1,fno,64,242,0.0021960261720232665
0.1,1,fno,64,243,0.0022079898230731487
0.1,1,fno,64,244,0.002229848839342594
0.1,1,fno,64,245,0.002278544583823532
0.1,1,fno,64,246,0.0023369478271342814
0.1,1,fno,64,247,0.0022623197128996252
0.1,1,fno,64,248,0.0022383542475290594
0.1,1,fno,64,249,0.0021397728682495654
0.1,1,fno,64,250,0.0022002659318968655
0.1,1,fno,64,251,0.002154130428098142
0.1,1,fno,64,252,0.002156761959195137
0.1,1,fno,64,253,0.0023094917042180895
0.1,1,fno,64,254,0.0022255526226945222
0.1,1,fno,64,255,0.002197267655283213
0.1,1,fno,64,256,0.002129367468878627
0.1,1,fno,64,257,0.002279906312469393
0.1,1,fno,64,258,0.0021858861832879484
0.1,1,fno,64,259,0.002218355103395879
0.1,1,fno,64,260,0.002143188735935837
0.1,1,fno,64,261,0.0021774074481800197
0.1,1,fno,64,262,0.0021683563641272485
0.1,1,fno,64,263,0.0022062609042041003
0.1,1,fno,64,264,0.002211492087226361
0.1,1,fno,64,265,0.0021881218813359737
0.1,1,fno,64,266,0.0021313105057924986
0.1,1,fno,64,267,0.002264684287365526
0.1,1,fno,64,268,0.0021584253828041255
0.1,1,fno,64,269,0.0020862703397870066
0.1,1,fno,64,270,0.0021451645786874
0.1,1,fno,64,271,0.0022644446208141744
0.1,1,fno,64,272,0.002144317163620144
0.1,1,fno,64,273,0.0022054230701178314
0.1,1,fno,64,274,0.0021242360677570103
0.1,1,fno,64,275,0.002183179745916277
0.1,1,fno,64,276,0.002096088510006666
0.1,1,fno,64,277,0.002077954947017133
0.1,1,fno,64,278,0.002164352482650429
0.1,1,fno,64,279,0.0021367561095394193
0.1,1,fno,64,280,0.0021564721735194328
0.1,1,fno,64,281,0.002080201883800328
0.1,1,fno,64,282,0.002138953688554466
0.1,1,fno,64,283,0.0021902110171504317
0.1,1,fno,64,284,0.0023469174071215093
0.1,1,fno,64,285,0.0020755804935470223
0.1,1,fno,64,286,0.0021119440952315927
0.1,1,fno,64,287,0.002080064918845892
0.1,1,fno,64,288,0.0021173118450678887
0.1,1,fno,64,289,0.002153416615910828
0.1,1,fno,64,290,0.0021194343850947915
0.1,1,fno,64,291,0.0022150938375853
0.1,1,fno,64,292,0.002236661564093083
0.1,1,fno,64,293,0.002272684508934617
0.1,1,fno,64,294,0.0022340995096601546
0.1,1,fno,64,295,0.0020906560076400637
0.1,1,fno,64,296,0.002082050237804651
0.1,1,fno,64,297,0.002080590631812811
0.1,1,fno,64,298,0.0020557904639281334
0.1,1,fno,64,299,0.0021619692840613423
0.1,2,fno,64,0,0.5196985933184624
0.1,2,fno,64,1,0.09209975935518741
0.1,2,fno,64,2,0.04200929157435894
0.1,2,fno,64,3,0.030183250457048415
0.1,2,fno,64,4,0.027441165298223495
0.1,2,fno,64,5,0.0229386230930686
0.1,2,fno,64,6,0.025936905071139337
0.1,2,fno,64,7,0.022296965382993222
0.1,2,fno,64,8,0.0211609604395926
0.1,2,fno,64,9,0.018711125291883946
0.1,2,fno,64,10,0.016146897599101068
0.1,2,fno,64,11,0.02111826490610838
0.1,2,fno,64,12,0.018234682194888593
0.1,2,fno,64,13,0.016330818850547074
0.1,2,fno,64,14,0.016971897836774587
0.1,2,fno,64,15,0.01566007863730192
0.1,2,fno,64,16,0.01764147510752082
0.1,2,fno,64,17,0.01700709108263254
0.1,2,fno,64,18,0.015594037640839815
0.1,2,fno,64,19,0.01679266454651952
0.1,2,fno,64,20,0.01458076350390911
0.1,2,fno,64,21,0.013675411082804203
0.1,2,fno,64,22,0.0162778558395803
0.1,2,fno,64,23,0.01761638782918453
0.1,2,fno,64,24,0.01711649103090167
0.1,2,fno,64,25,0.012160759698599578
0.1,2,fno,64,26,0.013805241445079447
0.1,2,fno,64,27,0.012220570165663958
0.1,2,fno,64,28,0.014469297267496586
0.1,2,fno,64,29,0.0160153772495687
0.1,2,fno,64,30,0.014179300228133797
0.1,2,fno,64,31,0.013594700302928687
0.1,2,fno,64,32,0.01321605259552598
0.1,2,fno,64,33,0.016032739412039518
0.1,2,fno,64,34,0.015210845842957496
0.1,2,fno,64,35,0.013412766084074974
0.1,2,fno,64,36,0.013904092209413648
0.1,2,fno,64,37,0.01300022255629301
0.1,2,fno,64,38,0.01328901270404458
0.1,2,fno,64,39,0.013653530571609736
0.1,2,fno,64,40,0.015360403507947921
0.1,2,fno,64,41,0.01451310768723488
0.1,2,fno,64,42,0.012452461738139391
0.1,2,fno,64,43,0.012913729716092347
0.1,2,fno,64,44,0.015295429099351167
0.1,2,fno,64,45,0.012346109626814723
0.1,2,fno,64,46,0.014241194371134042
0.1,2,fno,64,47,0.01189112446270883
0.1,2,fno,64,48,0.014070681612938642
0.1,2,fno,64,49,0.012833738718181848
0.1,2,fno,64,50,0.013040618002414704
0.1,2,fno,64,51,0.013864876376464963
0.1,2,fno,64,52,0.010918062031269073
0.1,2,fno,64,53,0.014003177154809237
0.1,2,fno,64,54,0.01375323086977005
0.1,2,fno,64,55,0.012688146205618978
0.1,2,fno,64,56,0.013289638571441173
0.1,2,fno,64,57,0.012467134855687617
0.1,2,fno,64,58,0.012074196916073561
0.1,2,fno,64,59,0.011504987673833966
0.1,2,fno,64,60,0.007468086956068873
0.1,2,fno,64,61,0.007382646454498171
0.1,2,fno,64,62,0.006215582001022995
0.1,2,fno,64,63,0.007552214991301298
0.1,2,fno,64,64,0.0065614789258688685
0.1,2,fno,64,65,0.0072873025760054585
0.1,2,fno,64,66,0.005972954565659165
0.1,2,fno,64,67,0.005541743282228708
0.1,2,fno,64,68,0.00712034753523767
0.1,2,fno,64,69,0.007474545538425446
0.1,2,fno,64,70,0.006132178651168943
0.1,2,fno,64,71,0.00760911911725998
0.1,2,fno,64,72,0.00666276419069618
0.1,2,fno,64,73,0.0074843262322247025
0.1,2,fno,64,74,0.0066516358405351635
0.1,2,fno,64,75,0.005600853404030204
0.1,2,fno,64,76,0.00537853897549212
0.1,2,fno,64,77,0.005977771151810885
0.1,2,fno,64,78,0.006250322973355651
0.1,2,fno,64,79,0.006386283719912171
0.1,2,fno,64,80,0.007427358832210303
0.1,2,fno,64,81,0.006215125704184175
0.1,2,fno,64,82,0.005890089985914528
0.1,2,fno,64,83,0.006153490720316767
0.1,2,fno,64,84,0.00812774277292192
0.1,2,fno,64,85,0.006800570720806718
0.1,2,fno,64,86,0.006551137780770659
0.1,2,fno,64,87,0.006927347462624312
0.1,2,fno,64,88,0.005933802044019103
0.1,2,fno,64,89,0.005592014398425818
0.1,2,fno,64,90,0.005873319897800684
0.1,2,fno,64,91,0.006846708464436233
0.1,2,fno,64,92,0.0076674341689795256
0.1,2,fno,64,93,0.007336487798020244
0.1,2,fno,64,94,0.007440338730812073
0.1,2,fno,64,95,0.00641339429654181
0.1,2,fno,64,96,0.005943510443903506
0.1,2,fno,64,97,0.006939943786710501
0.1,2,fno,64,98,0.006794475121423602
0.1,2,fno,64,99,0.006282244492322207
0.1,2,fno,64,100,0.0063644951907917855
0.1,2,fno,64,101,0.0052145786816254255
0.1,2,fno,64,102,0.0069660625141114
0.1,2,fno,64,103,0.0067814671248197555
0.1,2,fno,64,104,0.008401766009628773
0.1,2,fno,64,105,0.007308394955471158
0.1,2,fno,64,106,0.005756017016246915
0.1,2,fno,64,107,0.006371592390350998
0.1,2,fno,64,108,0.005977100967429578
0.1,2,fno,64,109,0.005960352453403175
0.1,2,fno,64,110,0.007446614196524024
0.1,2,fno,64,111,0.0057340808026492595
0.1,2,fno,64,112,0.006754393111914396
0.1,2,fno,64,113,0.007224204409867525
0.1,2,fno,64,114,0.0071017534006387
0.1,2,fno,64,115,0.0060280929924920205
0.1,2,fno,64,116,0.007009950233623385
0.1,2,fno,64,117,0.007183185704052448
0.1,2,fno,64,118,0.006022371193394065
0.1,2,fno,64,119,0.006708037676289678
0.1,2,fno,64,120,0.004208138887770474
0.1,2,fno,64,121,0.003957525272853673
0.1,2,fno,64,122,0.0046772323315963146
0.1,2,fno,64,123,0.004010555390268564
0.1,2,fno,64,124,0.004152682377025485
0.1,2,fno,64,125,0.0042244098940864205
0.1,2,fno,64,126,0.0038818872859701513
0.1,2,fno,64,127,0.004142280085943639
0.1,2,fno,64,128,0.003684902163222432
0.1,2,fno,64,129,0.00367260854691267
0.1,2,fno,64,130,0.003924776026979089
0.1,2,fno,64,131,0.003915558871813119
0.1,2,fno,64,132,0.0036888501420617105
0.1,2,fno,64,133,0.0039684904739260675
0.1,2,fno,64,134,0.004155932390131056
0.1,2,fno,64,135,0.003994718394242227
0.1,2,fno,64,136,0.003836764353327453
0.1,2,fno,64,137,0.004690009853802622
0.1,2,fno,64,138,0.004265516819432377
0.1,2,fno,64,139,0.0037709128158167006
0.1,2,fno,64,140,0.003806157112121582
0.1,2,fno,64,141,0.0041373668145388365
0.1,2,fno,64,142,0.003605728968977928
0.1,2,fno,64,143,0.004188731168396771
0.1,2,fno,64,144,0.004334388049319387
0.1,2,fno,64,145,0.003774836538359523
0.1,2,fno,64,146,0.003592205080203712
0.1,2,fno,64,147,0.003974618059583008
0.1,2,fno,64,148,0.0038691105088219046
0.1,2,fno,64,149,0.004284668061882257
0.1,2,fno,64,150,0.003887540069408715
0.1,2,fno,64,151,0.0038297392521053552
0.1,2,fno,64,152,0.0037545399507507684
0.1,2,fno,64,153,0.0038533980632200837
0.1,2,fno,64,154,0.0038471010979264975
0.1,2,fno,64,155,0.003794850315898657
0.1,2,fno,64,156,0.0038884442346170545
0.1,2,fno,64,157,0.003586178785189986
0.1,2,fno,64,158,0.0035473595978692176
0.1,2,fno,64,159,0.003946762504056096
0.1,2,fno,64,160,0.004087097235023976
0.1,2,fno,64,161,0.003950306628830731
0.1,2,fno,64,162,0.004090432007797062
0.1,2,fno,64,163,0.0042134122597053646
0.1,2,fno,64,164,0.004115851959213614
0.1,2,fno,64,165,0.0035856904461979864
0.1,2,fno,64,166,0.003559429543092847
0.1,2,fno,64,167,0.0035905263060703875
0.1,2,fno,64,168,0.003725936394184828
0.1,2,fno,64,169,0.0037566672218963502
0.1,2,fno,64,170,0.003824387523345649
0.1,2,fno,64,171,0.003526864084415138
0.1,2,fno,64,172,0.003514192784205079
0.1,2,fno,64,173,0.003432622142136097
0.1,2,fno,64,174,0.0037499660020694136
0.1,2,fno,64,175,0.0035772597137838603
0.1,2,fno,64,176,0.003655477622523904
0.1,2,fno,64,177,0.004196076840162277
0.1,2,fno,64,178,0.0036888180254027246
0.1,2,fno,64,179,0.0037558605475351216
0.1,2,fno,64,180,0.0026859100069850685
0.1,2,fno,64,181,0.002535882731899619
0.1,2,fno,64,182,0.002547523828689009
0.1,2,fno,64,183,0.00253602844895795
0.1,2,fno,64,184,0.002761015465948731
0.1,2,fno,64,185,0.002687270687893033
0.1,2,fno,64,186,0.002737195997033268
0.1,2,fno,64,187,0.002533056694082916
0.1,2,fno,64,188,0.0026165704848244787
0.1,2,fno,64,189,0.002693524304777384
0.1,2,fno,64,190,0.0026495890272781254
0.1,2,fno,64,191,0.0027212024433538318
0.1,2,fno,64,192,0.002537049683742225
0.1,2,fno,64,193,0.0025589833850972353
0.1,2,fno,64,194,0.0026397820631973447
0.1,2,fno,64,195,0.0024680863250978293
0.1,2,fno,64,196,0.002394079507794231
0.1,2,fno,64,197,0.002717585698701441
0.1,2,fno,64,198,0.002394992217887193
0.1,2,fno,64,199,0.0024411425204016266
0.1,2,fno,64,200,0.002594241553451866
0.1,2,fno,64,201,0.00242355311056599
0.1,2,fno,64,202,0.0026027593831531703
0.1,2,fno,64,203,0.0025986591237597166
0.1,2,fno,64,204,0.002465358136687428
0.1,2,fno,64,205,0.002606410854496062
0.1,2,fno,64,206,0.0026933930488303305
0.1,2,fno,64,207,0.0025719321612268685
0.1,2,fno,64,208,0.002725253130774945
0.1,2,fno,64,209,0.002769170366227627
0.1,2,fno,64,210,0.0025071720336563887
0.1,2,fno,64,211,0.0026732984324917197
0.1,2,fno,64,212,0.002494273786433041
0.1,2,fno,64,213,0.0026002136617898942
0.1,2,fno,64,214,0.0024453422147780656
0.1,2,fno,64,215,0.002666604560799897
0.1,2,fno,64,216,0.0025111399870365856
0.1,2,fno,64,217,0.002649139752611518
0.1,2,fno,64,218,0.002803582677152008
0.1,2,fno,64,219,0.0025859786663204433
0.1,2,fno,64,220,0.002560862947721034
0.1,2,fno,64,221,0.0025549445627257228
0.1,2,fno,64,222,0.002478987448848784
0.1,2,fno,64,223,0.0026230685226619243
0.1,2,fno,64,224,0.002387622429523617
0.1,2,fno,64,225,0.002574288903269917
0.1,2,fno,64,226,0.0026755952392704787
0.1,2,fno,64,227,0.002579327565617859
0.1,2,fno,64,228,0.0022985029593110082
0.1,2,fno,64,229,0.0025566766085103154
0.1,2,fno,64,230,0.002481766389682889
0.1,2,fno,64,231,0.0026189918257296086
0.1,2,fno,64,232,0.002544352852273732
0.1,2,fno,64,233,0.0025260383286513388
0.1,2,fno,64,234,0.0025804999005049466
0.1,2,fno,64,235,0.002652275441214442
0.1,2,fno,64,236,0.002646042532287538
0.1,2,fno,64,237,0.002402291737962514
0.1,2,fno,64,238,0.0024000408640131353
0.1,2,fno,64,239,0.0025784062268212437
0.1,2,fno,64,240,0.0021165539207868276
0.1,2,fno,64,241,0.0020073872921057044
0.1,2,fno,64,242,0.001999421815853566
0.1,2,fno,64,243,0.002065854340326041
0.1,2,fno,64,244,0.0020665136259049176
0.1,2,fno,64,245,0.002074829787015915
0.1,2,fno,64,246,0.0021082914597354827
0.1,2,fno,64,247,0.0019888665084727107
0.1,2,fno,64,248,0.0019773457199335097
0.1,2,fno,64,249,0.001979738350491971
0.1,2,fno,64,250,0.002014729555230588
0.1,2,fno,64,251,0.0019996343669481578
0.1,2,fno,64,252,0.0020061068376526236
0.1,2,fno,64,253,0.0019291577325202525
0.1,2,fno,64,254,0.0020350549067370593
0.1,2,fno,64,255,0.0019443460484035314
0.1,2,fno,64,256,0.001999862492084503
0.1,2,fno,64,257,0.002080205143429339
0.1,2,fno,64,258,0.0021262462832964957
0.1,2,fno,64,259,0.0020872872392646968
0.1,2,fno,64,260,0.0020947917434386907
0.1,2,fno,64,261,0.0019381111627444624
0.1,2,fno,64,262,0.0019489937648177148
0.1,2,fno,64,263,0.002042582519352436
0.1,2,fno,64,264,0.0019565154425799846
0.1,2,fno,64,265,0.001982359753455967
0.1,2,fno,64,266,0.002009428336750716
0.1,2,fno,64,267,0.002039333819411695
0.1,2,fno,64,268,0.0022357635921798646
0.1,2,fno,64,269,0.001983403111808002
0.1,2,fno,64,270,0.002029498862102628
0.1,2,fno,64,271,0.001942675388418138
0.1,2,fno,64,272,0.0021196702984161674
0.1,2,fno,64,273,0.0020311483531259
0.1,2,fno,64,274,0.00195213854778558
0.1,2,fno,64,275,0.0019316766341216862
0.1,2,fno,64,276,0.0020432398235425355
0.1,2,fno,64,277,0.002040953319519758
0.1,2,fno,64,278,0.0021241234778426586
0.1,2,fno,64,279,0.0020482543529942634
0.1,2,fno,64,280,0.002009985090699047
0.1,2,fno,64,281,0.001986050212290138
0.1,2,fno,64,282,0.0019497161568142473
0.1,2,fno,64,283,0.00204162159236148
0.1,2,fno,64,284,0.001978069941978902
0.1,2,fno,64,285,0.0019491448905318974
0.1,2,fno,64,286,0.002021993526723236
0.1,2,fno,64,287,0.0019773618457838895
0.1,2,fno,64,288,0.0021025165589526294
0.1,2,fno,64,289,0.002031803906429559
0.1,2,fno,64,290,0.0019201530702412128
0.1,2,fno,64,291,0.0019407487707212567
0.1,2,fno,64,292,0.0019738410459831358
0.1,2,fno,64,293,0.0019124711002223194
0.1,2,fno,64,294,0.0020959828817285597
0.1,2,fno,64,295,0.0020119594689458607
0.1,2,fno,64,296,0.0020744996843859555
0.1,2,fno,64,297,0.0020465769642032685
0.1,2,fno,64,298,0.0019516702904365957
0.1,2,fno,64,299,0.0019418125902302564
0.1,0,cnn,64,0,0.47110452204942704
0.1,0,cnn,64,1,0.11167482726275921
0.1,0,cnn,64,2,0.07588544100522995
0.1,0,cnn,64,3,0.06305815503001214
0.1,0,cnn,64,4,0.05449376240372658
0.1,0,cnn,64,5,0.04432841788977385
0.1,0,cnn,64,6,0.04444041971117258
0.1,0,cnn,64,7,0.04260434847325087
0.1,0,cnn,64,8,0.04143154434859753
0.1,0,cnn,64,9,0.03467715412378311
0.1,0,cnn,64,10,0.04539170738309622
0.1,0,cnn,64,11,0.04581719864159822
0.1,0,cnn,64,12,0.03479857217520475
0.1,0,cnn,64,13,0.03146506760269403
0.1,0,cnn,64,14,0.028709571883082388
0.1,0,cnn,64,15,0.0338276281952858
0.1,0,cnn,64,16,0.030487315729260445
0.1,0,cnn,64,17,0.025961669571697713
0.1,0,cnn,64,18,0.028663320261985065
0.1,0,cnn,64,19,0.032576437406241894
0.1,0,cnn,64,20,0.031967753507196904
0.1,0,cnn,64,21,0.031079101487994195
0.1,0,cnn,64,22,0.023353991191834213
0.1,0,cnn,64,23,0.026595198009163143
0.1,0,cnn,64,24,0.021483987886458635
0.1,0,cnn,64,25,0.024295761957764627
0.1,0,cnn,64,26,0.024682474359869956
0.1,0,cnn,64,27,0.02405492154881358
0.1,0,cnn,64,28,0.02173917569220066
0.1,0,cnn,64,29,0.02680635180324316
0.1,0,cnn,64,30,0.024533133078366517
0.1,0,cnn,64,31,0.027982393242418767
0.1,0,cnn,64,32,0.019879009332507847
0.1,0,cnn,64,33,0.021202745959162713
0.1,0,cnn,64,34,0.02583313573151827
0.1,0,cnn,64,35,0.022979499362409114
0.1,0,cnn,64,36,0.025074702259153127
0.1,0,cnn,64,37,0.020691447984427215
0.1,0,cnn,64,38,0.022765649389475583
0.1,0,cnn,64,39,0.01763498514890671
0.1,0,cnn,64,40,0.019225938785821198
0.1,0,cnn,64,41,0.017168769612908363
0.1,0,cnn,64,42,0.020399666503071786
0.1,0,cnn,64,43,0.024046673867851497
0.1,0,cnn,64,44,0.01831608956679702
0.1,0,cnn,64,45,0.023231812324374913
0.1,0,cnn,64,46,0.02206586182117462
0.1,0,cnn,64,47,0.02275039557367563
0.1,0,cnn,64,48,0.0187946867197752
0.1,0,cnn,64,49,0.023669347260147335
0.1,0,cnn,64,50,0.023436703775078057
0.1,0,cnn,64,51,0.016719386000186204
0.1,0,cnn,64,52,0.022186079677194357
0.1,0,cnn,64,53,0.01920816211029887
0.1,0,cnn,64,54,0.024471676386892797
0.1,0,cnn,64,55,0.019381911624222994
0.1,0,cnn,64,56,0.01877093907445669
0.1,0,cnn,64,57,0.021846665646880866
0.1,0,cnn,64,58,0.019986402336508037
0.1,0,cnn,64,59,0.016403927560895683
0.1,0,cnn,64,60,0.011688638674095274
0.1,0,cnn,64,61,0.009121769545599819
0.1,0,cnn,64,62,0.009837845796719194
0.1,0,cnn,64,63,0.009926333120092749
0.1,0,cnn,64,64,0.009625653503462672
0.1,0,cnn,64,65,0.011554871443659067
0.1,0,cnn,64,66,0.010454677985981107
0.1,0,cnn,64,67,0.009897579597309232
0.1,0,cnn,64,68,0.01033561653457582
0.1,0,cnn,64,69,0.011359423389658332
0.1,0,cnn,64,70,0.010065649459138513
0.1,0,cnn,64,71,0.012915845736861229
0.1,0,cnn,64,72,0.009089330127462745
0.1,0,cnn,64,73,0.013357543554157018
0.1,0,cnn,64,74,0.010853225057944655
0.1,0,cnn,64,75,0.008673183964565396
0.1,0,cnn,64,76,0.01333380363881588
0.1,0,cnn,64,77,0.009072456145659089
0.1,0,cnn,64,78,0.010116881020367145
0.1,0,cnn,64,79,0.012721948847174645
0.1,0,cnn,64,80,0.010794251272454859
0.1,0,cnn,64,81,0.00998684867285192
0.1,0,cnn,64,82,0.014693535733968019
0.1,0,cnn,64,83,0.011071737380698323
0.1,0,cnn,64,84,0.00859369638375938
0.1,0,cnn,64,85,0.008463473208248615
0.1,0,cnn,64,86,0.011361006218940019
0.1,0,cnn,64,87,0.010339682614430785
0.1,0,cnn,64,88,0.011640930324792862
0.1,0,cnn,64,89,0.01131870255805552
0.1,0,cnn,64,90,0.012933915015310049
0.1,0,cnn,64,91,0.012622866174206137
0.1,0,cnn,64,92,0.011426128847524523
0.1,0,cnn,64,93,0.013033518940210343
0.1,0,cnn,64,94,0.01069903587922454
0.1,0,cnn,64,95,0.009344494342803955
0.1,0,cnn,64,96,0.010372565342113376
0.1,0,cnn,64,97,0.011591939125210046
0.1,0,cnn,64,98,0.010167981879785657
0.1,0,cnn,64,99,0.010002688495442271
0.1,0,cnn,64,100,0.009521407978609205
0.1,0,cnn,64,101,0.011247405419126152
0.1,0,cnn,64,102,0.010770988706499339
0.1,0,cnn,64,103,0.011123512471094728
0.1,0,cnn,64,104,0.008444515699520707
0.1,0,cnn,64,105,0.010744499573484063
0.1,0,cnn,64,106,0.011132528157904744
0.1,0,cnn,64,107,0.009338527405634522
0.1,0,cnn,64,108,0.009512503575533628
0.1,0,cnn,64,109,0.01355132319033146
0.1,0,cnn,64,110,0.009384872643277049
0.1,0,cnn,64,111,0.010341856777668
0.1,0,cnn,64,112,0.009172147670760751
0.1,0,cnn,64,113,0.008839087560772896
0.1,0,cnn,64,114,0.00863906872458756
0.1,0,cnn,64,115,0.008285282254219055
0.1,0,cnn,64,116,0.00937574204057455
0.1,0,cnn,64,117,0.010611425042152406
0.1,0,cnn,64,118,0.01159593066200614
0.1,0,cnn,64,119,0.010303327133879065
0.1,0,cnn,64,120,0.00568147243000567
0.1,0,cnn,64,121,0.005533783962018788
0.1,0,cnn,64,122,0.006181836714968085
0.1,0,cnn,64,123,0.006805156832560897
0.1,0,cnn,64,124,0.0054738779179751874
0.1,0,cnn,64,125,0.005673263473436236
0.1,0,cnn,64,126,0.005496528916992247
0.1,0,cnn,64,127,0.006083718622103333
0.1,0,cnn,64,128,0.006410591453313828
0.1,0,cnn,64,129,0.007667031828314066
0.1,0,cnn,64,130,0.006043557478114962
0.1,0,cnn,64,131,0.00623259412124753
0.1,0,cnn,64,132,0.005578686916269362
0.1,0,cnn,64,133,0.005174535275436938
0.1,0,cnn,64,134,0.006337741687893868
0.1,0,cnn,64,135,0.006402418566867709
0.1,0,cnn,64,136,0.006471797740086913
0.1,0,cnn,64,137,0.00604161380790174
0.1,0,cnn,64,138,0.005951372012495995
0.1,0,cnn,64,139,0.005054157921113074
0.1,0,cnn,64,140,0.007241628253832459
0.1,0,cnn,64,141,0.005274163782596588
0.1,0,cnn,64,142,0.006266614068299532
0.1,0,cnn,64,143,0.0057781407935544845
0.1,0,cnn,64,144,0.005521605620160699
0.1,0,cnn,64,145,0.004901543483138085
0.1,0,cnn,64,146,0.006047515021637082
0.1,0,cnn,64,147,0.005512392506934702
0.1,0,cnn,64,148,0.006427296483889222
0.1,0,cnn,64,149,0.004833775022998452
0.1,0,cnn,64,150,0.005798939680680633
0.1,0,cnn,64,151,0.007061746697872877
0.1,0,cnn,64,152,0.0057338799396529794
0.1,0,cnn,64,153,0.005872872034087777
0.1,0,cnn,64,154,0.004819221054203808
0.1,0,cnn,64,155,0.00586715545039624
0.1,0,cnn,64,156,0.006233380772173404
0.1,0,cnn,64,157,0.006498646731488407
0.1,0,cnn,64,158,0.006090185390785336
0.1,0,cnn,64,159,0.005263669020496309
0.1,0,cnn,64,160,0.005087534063495696
0.1,0,cnn,64,161,0.006187256881967187
0.1,0,cnn,64,162,0.005634341659024358
0.1,0,cnn,64,163,0.004734662305563689
0.1,0,cnn,64,164,0.004832979864440859
0.1,0,cnn,64,165,0.005311286435462534
0.1,0,cnn,64,166,0.005610721874982119
0.1,0,cnn,64,167,0.005634082872420549
0.1,0,cnn,64,168,0.005010730172507465
0.1,0,cnn,64,169,0.006058669658377766
0.1,0,cnn,64,170,0.005910207885317504
0.1,0,cnn,64,171,0.0053241432551294566
0.1,0,cnn,64,172,0.005421085702255368
0.1,0,cnn,64,173,0.005441763484850526
0.1,0,cnn,64,174,0.005854234341531992
0.1,0,cnn,64,175,0.0063385477475821975
0.1,0,cnn,64,176,0.0052241273503750565
0.1,0,cnn,64,177,0.006182680833153427
0.1,0,cnn,64,178,0.005102665834128856
0.1,0,cnn,64,179,0.007089046528562903
0.1,0,cnn,64,180,0.005093513252213597
0.1,0,cnn,64,181,0.0037462354497984052
0.1,0,cnn,64,182,0.003348817094229162
0.1,0,cnn,64,183,0.003169716191478074
0.1,0,cnn,64,184,0.0032834344636648895
0.1,0,cnn,64,185,0.002818084217142314
0.1,0,cnn,64,186,0.0031041167210787536
0.1,0,cnn,64,187,0.0032269685622304677
0.1,0,cnn,64,188,0.003384022559039295
0.1,0,cnn,64,189,0.003471740707755089
0.1,0,cnn,64,190,0.004040610864758491
0.1,0,cnn,64,191,0.003307498237118125
0.1,0,cnn,64,192,0.003696613893844187
0.1,0,cnn,64,193,0.003200991130433977
0.1,0,cnn,64,194,0.003951180991716683
0.1,0,cnn,64,195,0.0030889714532531796
0.1,0,cnn,64,196,0.003678991785272956
0.1,0,cnn,64,197,0.003684989451430738
0.1,0,cnn,64,198,0.003876929027028382
0.1,0,cnn,64,199,0.003187987771816552
0.1,0,cnn,64,200,0.0031022666301578285
0.1,0,cnn,64,201,0.003910750616341829
0.1,0,cnn,64,202,0.0034703093161806463
0.1,0,cnn,64,203,0.0030444376170635223
0.1,0,cnn,64,204,0.0035962449572980405
0.1,0,cnn,64,205,0.0033041221834719183
0.1,0,cnn,64,206,0.0033830306632444264
0.1,0,cnn,64,207,0.0035178833454847336
0.1,0,cnn,64,208,0.0033116853842511773
0.1,0,cnn,64,209,0.0034978424618020655
0.1,0,cnn,64,210,0.0034726760676130654
0.1,0,cnn,64,211,0.003521317127160728
0.1,0,cnn,64,212,0.0035614264523610474
0.1,0,cnn,64,213,0.0038162912614643574
0.1,0,cnn,64,214,0.0033723431080579756
0.1,0,cnn,64,215,0.003417373946867883
0.1,0,cnn,64,216,0.002755137200001627
0.1,0,cnn,64,217,0.0035924627794884146
0.1,0,cnn,64,218,0.0033765560295432808
0.1,0,cnn,64,219,0.0033683478320017455
0.1,0,cnn,64,220,0.003176939964760095
0.1,0,cnn,64,221,0.003428120696917176
0.1,0,cnn,64,222,0.00419867298565805
0.1,0,cnn,64,223,0.0030257967486977577
0.1,0,cnn,64,224,0.003270213045179844
0.1,0,cnn,64,225,0.004408350801095366
0.1,0,cnn,64,226,0.0030108810774981975
0.1,0,cnn,64,227,0.0034203033451922237
0.1,0,cnn,64,228,0.0036991024995222687
0.1,0,cnn,64,229,0.0034191517345607283
0.1,0,cnn,64,230,0.0029882029723376034
0.1,0,cnn,64,231,0.003186614643782377
0.1,0,cnn,64,232,0.00424027238972485
0.1,0,cnn,64,233,0.0036047590081579985
0.1,0,cnn,64,234,0.003297040960751474
0.1,0,cnn,64,235,0.002977055967785418
0.1,0,cnn,64,236,0.0032771325204521418
0.1,0,cnn,64,237,0.0030881629139184953
0.1,0,cnn,64,238,0.0029124714992940426
0.1,0,cnn,64,239,0.00337631949223578
0.1,0,cnn,64,240,0.002574352128431201
0.1,0,cnn,64,241,0.0021789326518774034
0.1,0,cnn,64,242,0.0021881122794002294
0.1,0,cnn,64,243,0.002289456562139094
0.1,0,cnn,64,244,0.0022472142428159713
0.1,0,cnn,64,245,0.002095792046748102
0.1,0,cnn,64,246,0.0022547585447318854
0.1,0,cnn,64,247,0.002425657627172768
0.1,0,cnn,64,248,0.0022088218317367135
0.1,0,cnn,64,249,0.0022010750090703367
0.1,0,cnn,64,250,0.0021847888501361013
0.1,0,cnn,64,251,0.002397765596397221
0.1,0,cnn,64,252,0.002115046354010701
0.1,0,cnn,64,253,0.0023697381955571474
0.1,0,cnn,64,254,0.0022144692903384566
0.1,0,cnn,64,255,0.002432871339842677
0.1,0,cnn,64,256,0.00235675128409639
0.1,0,cnn,64,257,0.0022673341329209505
0.1,0,cnn,64,258,0.002433549202978611
0.1,0,cnn,64,259,0.002281718810554594
0.1,0,cnn,64,260,0.0021208246261812747
0.1,0,cnn,64,261,0.0023736588936299086
0.1,0,cnn,64,262,0.0022453627921640872
0.1,0,cnn,64,263,0.0022088446584530175
0.1,0,cnn,64,264,0.0022931014141067863
0.1,0,cnn,64,265,0.002289218921214342
0.1,0,cnn,64,266,0.002262453059665859
0.1,0,cnn,64,267,0.002160981597844511
0.1,0,cnn,64,268,0.002226857398636639
0.1,0,cnn,64,269,0.0022195769264362754
0.1,0,cnn,64,270,0.0022749633993953467
0.1,0,cnn,64,271,0.002432282154913992
0.1,0,cnn,64,272,0.002380007393658161
0.1,0,cnn,64,273,0.002215955478604883
0.1,0,cnn,64,274,0.002371879741549492
0.1,0,cnn,64,275,0.0022082471917383374
0.1,0,cnn,64,276,0.0023098530364222825
0.1,0,cnn,64,277,0.002594722486101091
0.1,0,cnn,64,278,0.002308881052304059
0.1,0,cnn,64,279,0.0022491633309982715
0.1,0,cnn,64,280,0.00197517222026363
0.1,0,cnn,64,281,0.002081769232172519
0.1,0,cnn,64,282,0.0021915700286626815
0.1,0,cnn,64,283,0.002629022526089102
0.1,0,cnn,64,284,0.0023256126837804913
0.1,0,cnn,64,285,0.0021668190811760723
0.1,0,cnn,64,286,0.0022854756214655937
0.1,0,cnn,64,287,0.002401109463535249
0.1,0,cnn,64,288,0.0022381928586401047
0.1,0,cnn,64,289,0.0023208142910152675
0.1,0,cnn,64,290,0.002509443899616599
0.1,0,cnn,64,291,0.002340849118772894
0.1,0,cnn,64,292,0.0022861256380565464
0.1,0,cnn,64,293,0.002429844383150339
0.1,0,cnn,64,294,0.002185222888365388
0.1,0,cnn,64,295,0.0023362263152375815
0.1,0,cnn,64,296,0.002884331380482763
0.1,0,cnn,64,297,0.0022176949377171696
0.1,0,cnn,64,298,0.0022149049583822487
0.1,0,cnn,64,299,0.002007755551021546
0.1,0,fno,256,0,0.5098732823133468
0.1,0,fno,256,1,0.08396012626588345
0.1,0,fno,256,2,0.03709596458822489
0.1,0,fno,256,3,0.02702612992376089
0.1,0,fno,256,4,0.021970159392803907
0.1,0,fno,256,5,0.025608563106507064
0.1,0,fno,256,6,0.01869670232757926
0.1,0,fno,256,7,0.018432559855282308
0.1,0,fno,256,8,0.01940485995262861
0.1,0,fno,256,9,0.017418219055980445
0.1,0,fno,256,10,0.01891620835289359
0.1,0,fno,256,11,0.018853109553456305
0.1,0,fno,256,12,0.01325681507587433
0.1,0,fno,256,13,0.01706926938146353
0.1,0,fno,256,14,0.015513389501720667
0.1,0,fno,256,15,0.017288541067391635
0.1,0,fno,256,16,0.01657954288646579
0.1,0,fno,256,17,0.01772544965147972
0.1,0,fno,256,18,0.015163207016885281
0.1,0,fno,256,19,0.015521295759826899
0.1,0,fno,256,20,0.016654028855264187
0.1,0,fno,256,21,0.015091047901660205
0.1,0,fno,256,22,0.015945708733052014
0.1,0,fno,256,23,0.01498034231364727
0.1,0,fno,256,24,0.012633058596402407
0.1,0,fno,256,25,0.011891405340284109
0.1,0,fno,256,26,0.012843795213848352
0.1,0,fno,256,27,0.014523294158279895
0.1,0,fno,256,28,0.015257071033120155
0.1,0,fno,256,29,0.015576416850090027
0.1,0,fno,256,30,0.016258632838726042
0.1,0,fno,256,31,0.011630788492038847
0.1,0,fno,256,32,0.012811513263732194
0.1,0,fno,256,33,0.010253578750416636
0.1,0,fno,256,34,0.015969835110008716
0.1,0,fno,256,35,0.015378383547067642
0.1,0,fno,256,36,0.014632517285645009
0.1,0,fno,256,37,0.012453190814703703
0.1,0,fno,256,38,0.01263770105317235
0.1,0,fno,256,39,0.014127763798460364
0.1,0,fno,256,40,0.011482412777841091
0.1,0,fno,256,41,0.011414006231352686
0.1,0,fno,256,42,0.01437538381665945
0.1,0,fno,256,43,0.01195981572382152
0.1,0,fno,256,44,0.013301610108464956
0.1,0,fno,256,45,0.012622443540021778
0.1,0,fno,256,46,0.014126453045755626
0.1,0,fno,256,47,0.013907259590923786
0.1,0,fno,256,48,0.011741203190758824
0.1,0,fno,256,49,0.008812729362398386
0.1,0,fno,256,50,0.012537328507751227
0.1,0,fno,256,51,0.013437237571924925
0.1,0,fno,256,52,0.01338280719704926
0.1,0,fno,256,53,0.012441596230491996
0.1,0,fno,256,54,0.012121684830635786
0.1,0,fno,256,55,0.011798146264627576
0.1,0,fno,256,56,0.014024234833195806
0.1,0,fno,256,57,0.011426088083535433
0.1,0,fno,256,58,0.009360801558941603
0.1,0,fno,256,59,0.013858123701065778
0.1,0,fno,256,60,0.00825526537373662
0.1,0,fno,256,61,0.007021649479866028
0.1,0,fno,256,62,0.005314916451461613
0.1,0,fno,256,63,0.006672128620557487
0.1,0,fno,256,64,0.00723479988053441
0.1,0,fno,256,65,0.006416170597076416
0.1,0,fno,256,66,0.006478808857500553
0.1,0,fno,256,67,0.006357891475781799
0.1,0,fno,256,68,0.006350643350742757
0.1,0,fno,256,69,0.006920462446287274
0.1,0,fno,256,70,0.006596597107127309
0.1,0,fno,256,71,0.005819868585094809
0.1,0,fno,256,72,0.006253082328476012
0.1,0,fno,256,73,0.005676653757691383
0.1,0,fno,256,74,0.005888395626097918
0.1,0,fno,256,75,0.005933845262043178
0.1,0,fno,256,76,0.006237704823724925
0.1,0,fno,256,77,0.006595792090520263
0.1,0,fno,256,78,0.006697251070290804
0.1,0,fno,256,79,0.007506775027140975
0.1,0,fno,256,80,0.007575773932039738
0.1,0,fno,256,81,0.007580674514174462
0.1,0,fno,256,82,0.007042412757873535
0.1,0,fno,256,83,0.006855787145905196
0.1,0,fno,256,84,0.007301776073873043
0.1,0,fno,256,85,0.006032420713454485
0.1,0,fno,256,86,0.006533926506526768
0.1,0,fno,256,87,0.005530518903397024
0.1,0,fno,256,88,0.006964638745412231
0.1,0,fno,256,89,0.007477258117869496
0.1,0,fno,256,90,0.0057117438735440375
0.1,0,fno,256,91,0.007516669230535626
0.1,0,fno,256,92,0.007112550437450409
0.1,0,fno,256,93,0.005662741642445326
0.1,0,fno,256,94,0.0062585170660167935
0.1,0,fno,256,95,0.006975895911455155
0.1,0,fno,256,96,0.005925888177007437
0.1,0,fno,256,97,0.006027759490534663
0.1,0,fno,256,98,0.0069040154619142416
0.1,0,fno,256,99,0.006812754096463322
0.1,0,fno,256,100,0.0058917249832302334
0.1,0,fno,256,101,0.0072153629455715415
0.1,0,fno,256,102,0.00606239399407059
0.1,0,fno,256,103,0.00713630607817322
0.1,0,fno,256,104,0.007074493588879705
0.1,0,fno,256,105,0.007088716439902783
0.1,0,fno,256,106,0.0069902632012963295
0.1,0,fno,256,107,0.0050518202176317575
0.1,0,fno,256,108,0.007504751612432301
0.1,0,fno,256,109,0.007125449129380286
0.1,0,fno,256,110,0.0068012087140232325
0.1,0,fno,256,111,0.0065527451504021885
0.1,0,fno,256,112,0.007219039611518383
0.1,0,fno,256,113,0.0061858705617487434
0.1,0,fno,256,114,0.005332173597998917
0.1,0,fno,256,115,0.005925818653777242
0.1,0,fno,256,116,0.006951711243018508
0.1,0,fno,256,117,0.004749588267877698
0.1,0,fno,256,118,0.006412765253335237
0.1,0,fno,256,119,0.005416234936565161
0.1,0,fno,256,120,0.003731905072927475
0.1,0,fno,256,121,0.0037856425344944
0.1,0,fno,256,122,0.0035985391261056064
0.1,0,fno,256,123,0.003473556688986719
0.1,0,fno,256,124,0.003655088362284005
0.1,0,fno,256,125,0.003944606306031346
0.1,0,fno,256,126,0.0038093609968200327
0.1,0,fno,256,127,0.0038905536010861398
0.1,0,fno,256,128,0.0036578339012339712
0.1,0,fno,256,129,0.004109541107900441
0.1,0,fno,256,130,0.003384878500364721
0.1,0,fno,256,131,0.003804205860942602
0.1,0,fno,256,132,0.003917093724012375
0.1,0,fno,256,133,0.0035481243021786213
0.1,0,fno,256,134,0.0032981943106278775
0.1,0,fno,256,135,0.0039495883975178
0.1,0,fno,256,136,0.004155306718312204
0.1,0,fno,256,137,0.003655327339656651
0.1,0,fno,256,138,0.003759639454074204
0.1,0,fno,256,139,0.004171288809739053
0.1,0,fno,256,140,0.004142859452404082
0.1,0,fno,256,141,0.003648080546408892
0.1,0,fno,256,142,0.0039995274553075435
0.1,0,fno,256,143,0.004120801286771894
0.1,0,fno,256,144,0.004160701134242118
0.1,0,fno,256,145,0.004217806751839816
0.1,0,fno,256,146,0.003676335942000151
0.1,0,fno,256,147,0.003873902037739754
0.1,0,fno,256,148,0.0035679139755666256
0.1,0,fno,256,149,0.004015843821689486
0.1,0,fno,256,150,0.00351394928060472
0.1,0,fno,256,151,0.0033493011398240922
0.1,0,fno,256,152,0.003937946981750429
0.1,0,fno,256,153,0.003802986051887274
0.1,0,fno,256,154,0.003935950896702707
0.1,0,fno,256,155,0.0034855743357911704
0.1,0,fno,256,156,0.0037634172802791
0.1,0,fno,256,157,0.003698694999329746
0.1,0,fno,256,158,0.004052980127744377
0.1,0,fno,256,159,0.003514019795693457
0.1,0,fno,256,160,0.003083379091694951
0.1,0,fno,256,161,0.004342677309177816
0.1,0,fno,256,162,0.0034333950001746417
0.1,0,fno,256,163,0.003171347032766789
0.1,0,fno,256,164,0.004138601897284389
0.1,0,fno,256,165,0.003639003881253302
0.1,0,fno,256,166,0.004305185610428452
0.1,0,fno,256,167,0.0036470414884388447
0.1,0,fno,256,168,0.0028745198901742697
0.1,0,fno,256,169,0.003789092297665775
0.1,0,fno,256,170,0.0042066033091396095
0.1,0,fno,256,171,0.0038832498108968137
0.1,0,fno,256,172,0.003717219447717071
0.1,0,fno,256,173,0.004581428477540612
0.1,0,fno,256,174,0.0033166238432750105
0.1,0,fno,256,175,0.004071652877610177
0.1,0,fno,256,176,0.003891619360074401
0.1,0,fno,256,177,0.0037388635985553267
0.1,0,fno,256,178,0.004076931546442211
0.1,0,fno,256,179,0.003981035826727748
0.1,0,fno,256,180,0.0025048521300777794
0.1,0,fno,256,181,0.0024597563920542597
0.1,0,fno,256,182,0.0023279706318862737
0.1,0,fno,256,183,0.00245058361440897
0.1,0,fno,256,184,0.0024742009537294506
0.1,0,fno,256,185,0.002219409574754536
0.1,0,fno,256,186,0.002331234042067081
0.1,0,fno,256,187,0.002274382133036852
0.1,0,fno,256,188,0.002280449050012976
0.1,0,fno,256,189,0.0023780410084873436
0.1,0,fno,256,190,0.002708216137252748
0.1,0,fno,256,191,0.0024718592409044503
0.1,0,fno,256,192,0.002565077617764473
0.1,0,fno,256,193,0.0024747738079167903
0.1,0,fno,256,194,0.0024247981095686555
0.1,0,fno,256,195,0.0026153819425962866
0.1,0,fno,256,196,0.0022879681247286498
0.1,0,fno,256,197,0.0027212626603432
0.1,0,fno,256,198,0.0028174877795390783
0.1,0,fno,256,199,0.002507446187082678
0.1,0,fno,256,200,0.0022624396928586066
0.1,0,fno,256,201,0.002416979179251939
0.1,0,fno,256,202,0.002676536731887609
0.1,0,fno,256,203,0.002496780699584633
0.1,0,fno,256,204,0.0025867798808030785
0.1,0,fno,256,205,0.0024135593837127088
0.1,0,fno,256,206,0.0025127203040756284
0.1,0,fno,256,207,0.0024240432446822526
0.1,0,fno,256,208,0.0023753196955658496
0.1,0,fno,256,209,0.0025205562030896547
0.1,0,fno,256,210,0.0023737420979887246
0.1,0,fno,256,211,0.0025000394717790185
0.1,0,fno,256,212,0.002545437414664775
0.1,0,fno,256,213,0.0023775618174113333
0.1,0,fno,256,214,0.002266710051335394
0.1,0,fno,256,215,0.0022412847680971025
0.1,0,fno,256,216,0.0021329041011631487
0.1,0,fno,256,217,0.0024577839416451753
0.1,0,fno,256,218,0.0024494461296126245
0.1,0,fno,256,219,0.0025965562183409927
0.1,0,fno,256,220,0.002611840949393809
0.1,0,fno,256,221,0.0028575514373369517
0.1,0,fno,256,222,0.002701201580930501
0.1,0,fno,256,223,0.002510560208465904
0.1,0,fno,256,224,0.002425511428155005
0.1,0,fno,256,225,0.0026302012242376805
0.1,0,fno,256,226,0.0023303416278213263
0.1,0,fno,256,227,0.0022649677214212714
0.1,0,fno,256,228,0.002630466518457979
0.1,0,fno,256,229,0.002479938929900527
0.1,0,fno,256,230,0.002332083177752793
0.1,0,fno,256,231,0.0021685769222676756
0.1,0,fno,256,232,0.00271634834818542
0.1,0,fno,256,233,0.0030105425626970827
0.1,0,fno,256,234,0.0027521673194132747
0.1,0,fno,256,235,0.002608302638400346
0.1,0,fno,256,236,0.002573634774889797
0.1,0,fno,256,237,0.002370405232068151
0.1,0,fno,256,238,0.002478592414408922
0.1,0,fno,256,239,0.0020907150488346815
0.1,0,fno,256,240,0.0018913472723215818
0.1,0,fno,256,241,0.0018581425049342215
0.1,0,fno,256,242,0.0018461189907975496
0.1,0,fno,256,243,0.0019701559795066714
0.1,0,fno,256,244,0.0018628997495397925
0.1,0,fno,256,245,0.0018607518472708762
0.1,0,fno,256,246,0.0018933848128654062
0.1,0,fno,256,247,0.0017878355225548147
0.1,0,fno,256,248,0.0018654441903345287
0.1,0,fno,256,249,0.001960891066119075
0.1,0,fno,256,250,0.001873995871283114
0.1,0,fno,256,251,0.0018342482880689204
0.1,0,fno,256,252,0.0019632986071519555
0.1,0,fno,256,253,0.0019040661957114935
0.1,0,fno,256,254,0.0020092413784004747
0.1,0,fno,256,255,0.0018774664727970957
0.1,0,fno,256,256,0.001872977667953819
0.1,0,fno,256,257,0.001807918818667531
0.1,0,fno,256,258,0.0018027344159781934
0.1,0,fno,256,259,0.0018264188733883202
0.1,0,fno,256,260,0.0018591835559345782
0.1,0,fno,256,261,0.0019063567579723894
0.1,0,fno,256,262,0.0018751038936898113
0.1,0,fno,256,263,0.0018401900888420641
0.1,0,fno,256,264,0.00181838967371732
0.1,0,fno,256,265,0.002071781703270972
0.1,0,fno,256,266,0.0018627607822418212
0.1,0,fno,256,267,0.001844908893108368
0.1,0,fno,256,268,0.0017772497399710118
0.1,0,fno,256,269,0.0018934046430513262
0.1,0,fno,256,270,0.0018719999073073268
0.1,0,fno,256,271,0.0019327740860171617
0.1,0,fno,256,272,0.0020144463633187115
0.1,0,fno,256,273,0.0018158021080307662
0.1,0,fno,256,274,0.0018687064829282464
0.1,0,fno,256,275,0.0018065354716964065
0.1,0,fno,256,276,0.0018565577687695623
0.1,0,fno,256,277,0.0017687355214729905
0.1,0,fno,256,278,0.0018982627289369702
0.1,0,fno,256,279,0.0018262395984493195
0.1,0,fno,256,280,0.001875050135422498
0.1,0,fno,256,281,0.0018704871414229273
0.1,0,fno,256,282,0.0018798990594223143
0.1,0,fno,256,283,0.0018107766029424965
0.1,0,fno,256,284,0.0018885921663604676
0.1,0,fno,256,285,0.0019407869200222193
0.1,0,fno,256,286,0.0018258994747884572
0.1,0,fno,256,287,0.0017991608334705235
0.1,0,fno,256,288,0.001895554040092975
0.1,0,fno,256,289,0.001856299377977848
0.1,0,fno,256,290,0.0018875228217802942
0.1,0,fno,256,291,0.001853848195169121
0.1,0,fno,256,292,0.0018041356140747666
0.1,0,fno,256,293,0.0018281549564562738
0.1,0,fno,256,294,0.00179324691882357
0.1,0,fno,256,295,0.0017758701974526048
0.1,0,fno,256,296,0.0017418678291141988
0.1,0,fno,256,297,0.001850175131112337
0.1,0,fno,256,298,0.0018948416388593614
0.1,0,fno,256,299,0.0017486172169446945
0.1,1,cnn,64,0,0.4656491032242775
0.1,1,cnn,64,1,0.12235582381486892
0.1,1,cnn,64,2,0.08336023390293121
0.1,1,cnn,64,3,0.053421136513352396
0.1,1,cnn,64,4,0.048247677460312846
0.1,1,cnn,64,5,0.04473410658538342
0.1,1,cnn,64,6,0.04132090471684933
0.1,1,cnn,64,7,0.04255818035453558
0.1,1,cnn,64,8,0.034200007803738115
0.1,1,cnn,64,9,0.03922652646899223
0.1,1,cnn,64,10,0.03381230678409338
0.1,1,cnn,64,11,0.032687951512634754
0.1,1,cnn,64,12,0.04003909319639206
0.1,1,cnn,64,13,0.02542458362877369
0.1,1,cnn,64,14,0.02481904171407223
0.1,1,cnn,64,15,0.023532683830708265
0.1,1,cnn,64,16,0.03087676227092743
0.1,1,cnn,64,17,0.029354835208505393
0.1,1,cnn,64,18,0.03275613151490688
0.1,1,cnn,64,19,0.025384573675692083
0.1,1,cnn,64,20,0.020440980363637208
0.1,1,cnn,64,21,0.022690654583275318
0.1,1,cnn,64,22,0.022574349120259286
0.1,1,cnn,64,23,0.022186917327344416
0.1,1,cnn,64,24,0.024638711661100387
0.1,1,cnn,64,25,0.02518642708659172
0.1,1,cnn,64,26,0.023303716517984865
0.1,1,cnn,64,27,0.022749891728162764
0.1,1,cnn,64,28,0.02730822775512934
0.1,1,cnn,64,29,0.02910856358706951
0.1,1,cnn,64,30,0.02711497377604246
0.1,1,cnn,64,31,0.021934916283935308
0.1,1,cnn,64,32,0.019470601920038463
0.1,1,cnn,64,33,0.0230586333014071
0.1,1,cnn,64,34,0.02196140360087156
0.1,1,cnn,64,35,0.019669343493878843
0.1,1,cnn,64,36,0.01839715076610446
0.1,1,cnn,64,37,0.018177531342953444
0.1,1,cnn,64,38,0.023193428590893746
0.1,1,cnn,64,39,0.02235120315104723
0.1,1,cnn,64,40,0.022760761752724647
0.1,1,cnn,64,41,0.016325760930776596
0.1,1,cnn,64,42,0.01913369547575712
0.1,1,cnn,64,43,0.02141804475337267
0.1,1,cnn,64,44,0.01910803163424134
0.1,1,cnn,64,45,0.020694898162037133
0.1,1,cnn,64,46,0.02531151261180639
0.1,1,cnn,64,47,0.019446621779352427
0.1,1,cnn,64,48,0.018005591444671155
0.1,1,cnn,64,49,0.0201694193482399
0.1,1,cnn,64,50,0.018439066037535666
0.1,1,cnn,64,51,0.020345521792769432
0.1,1,cnn,64,52,0.01951837185770273
0.1,1,cnn,64,53,0.019297668859362602
0.1,1,cnn,64,54,0.018090231027454138
0.1,1,cnn,64,55,0.016170569229871035
0.1,1,cnn,64,56,0.016593406703323127
0.1,1,cnn,64,57,0.016294669080525636
0.1,1,cnn,64,58,0.01812709404155612
0.1,1,cnn,64,59,0.0172664781101048
0.1,1,cnn,64,60,0.010747868353500962
0.1,1,cnn,64,61,0.010871580075472594
0.1,1,cnn,64,62,0.010598526643589139
0.1,1,cnn,64,63,0.0085797218978405
0.1,1,cnn,64,64,0.009689801931381225
0.1,1,cnn,64,65,0.01125087335705757
0.1,1,cnn,64,66,0.011554343840107322
0.1,1,cnn,64,67,0.009968317123129964
0.1,1,cnn,64,68,0.011150511913001537
0.1,1,cnn,64,69,0.010866941465064884
0.1,1,cnn,64,70,0.011184363141655922
0.1,1,cnn,64,71,0.00876509727910161
0.1,1,cnn,64,72,0.0086237374227494
0.1,1,cnn,64,73,0.01000576987862587
0.1,1,cnn,64,74,0.012249337304383516
0.1,1,cnn,64,75,0.00973238542675972
0.1,1,cnn,64,76,0.01078600543551147
0.1,1,cnn,64,77,0.011715866457670927
0.1,1,cnn,64,78,0.010244332551956177
0.1,1,cnn,64,79,0.009608944142237306
0.1,1,cnn,64,80,0.01144424089230597
0.1,1,cnn,64,81,0.010016318820416927
0.1,1,cnn,64,82,0.009495869055390358
0.1,1,cnn,64,83,0.008773623844608664
0.1,1,cnn,64,84,0.010743861347436904
0.1,1,cnn,64,85,0.009713112497702242
0.1,1,cnn,64,86,0.011000476144254208
0.1,1,cnn,64,87,0.01109669535420835
0.1,1,cnn,64,88,0.008939937055110932
0.1,1,cnn,64,89,0.009723504614084959
0.1,1,cnn,64,90,0.0097569203004241
0.1,1,cnn,64,91,0.011020217323675752
0.1,1,cnn,64,92,0.008860070537775756
0.1,1,cnn,64,93,0.011209096135571599
0.1,1,cnn,64,94,0.011604745052754878
0.1,1,cnn,64,95,0.007640030737966299
0.1,1,cnn,64,96,0.009864233760163188
0.1,1,cnn,64,97,0.00885298065841198
0.1,1,cnn,64,98,0.008875041920691728
0.1,1,cnn,64,99,0.010067738592624664
0.1,1,cnn,64,100,0.00992305513471365
0.1,1,cnn,64,101,0.010355210546404123
0.1,1,cnn,64,102,0.007723507992923259
0.1,1,cnn,64,103,0.009760365122929215
0.1,1,cnn,64,104,0.009865175904706121
0.1,1,cnn,64,105,0.009501850949600339
0.1,1,cnn,64,106,0.010315655721351505
0.1,1,cnn,64,107,0.010041337134316564
0.1,1,cnn,64,108,0.009685122622177005
0.1,1,cnn,64,109,0.01160200017504394
0.1,1,cnn,64,110,0.010165209900587797
0.1,1,cnn,64,111,0.009846153846010565
0.1,1,cnn,64,112,0.010345069216564298
0.1,1,cnn,64,113,0.012676072251051664
0.1,1,cnn,64,114,0.00973750026896596
0.1,1,cnn,64,115,0.00888198897242546
0.1,1,cnn,64,116,0.009059416679665446
0.1,1,cnn,64,117,0.00976895104162395
0.1,1,cnn,64,118,0.008759322632104159
0.1,1,cnn,64,119,0.010297420648857952
0.1,1,cnn,64,120,0.006584494560956955
0.1,1,cnn,64,121,0.00500013220589608
0.1,1,cnn,64,122,0.005277788881212473
0.1,1,cnn,64,123,0.005831848834641278
0.1,1,cnn,64,124,0.005237071109004319
0.1,1,cnn,64,125,0.0050976325105875735
0.1,1,cnn,64,126,0.0052341677993535994
0.1,1,cnn,64,127,0.005403345571830869
0.1,1,cnn,64,128,0.004505115994252264
0.1,1,cnn,64,129,0.0065227289870381355
0.1,1,cnn,64,130,0.005715418909676373
0.1,1,cnn,64,131,0.004994423007592559
0.1,1,cnn,64,132,0.005105772009119392
0.1,1,cnn,64,133,0.0048244231753051285
0.1,1,cnn,64,134,0.005011392715387046
0.1,1,cnn,64,135,0.006435822322964668
0.1,1,cnn,64,136,0.005881669875234366
0.1,1,cnn,64,137,0.005820173509418964
0.1,1,cnn,64,138,0.006019593914970756
0.1,1,cnn,64,139,0.005366784147918224
0.1,1,cnn,64,140,0.005256457524374127
0.1,1,cnn,64,141,0.005934338364750147
0.1,1,cnn,64,142,0.0053764123935252425
0.1,1,cnn,64,143,0.005425469391047955
0.1,1,cnn,64,144,0.005032776016741991
0.1,1,cnn,64,145,0.0051052399398759
0.1,1,cnn,64,146,0.005579106817021966
0.1,1,cnn,64,147,0.0048222141759470104
0.1,1,cnn,64,148,0.004635034501552582
0.1,1,cnn,64,149,0.004229200594127178
0.1,1,cnn,64,150,0.004732959032990039
0.1,1,cnn,64,151,0.005773303438909352
0.1,1,cnn,64,152,0.00512746793217957
0.1,1,cnn,64,153,0.0055647892691195015
0.1,1,cnn,64,154,0.005060817901976406
0.1,1,cnn,64,155,0.005983142098411918
0.1,1,cnn,64,156,0.004554696199484169
0.1,1,cnn,64,157,0.005573683409020305
0.1,1,cnn,64,158,0.004559100642800331
0.1,1,cnn,64,159,0.005447124564088881
0.1,1,cnn,64,160,0.005742389732040465
0.1,1,cnn,64,161,0.00533282155636698
0.1,1,cnn,64,162,0.005691282316111029
0.1,1,cnn,64,163,0.005084544578567147
0.1,1,cnn,64,164,0.005275833602063358
0.1,1,cnn,64,165,0.006277485978789628
0.1,1,cnn,64,166,0.005276694167405367
0.1,1,cnn,64,167,0.004216130906715989
0.1,1,cnn,64,168,0.004407065468840301
0.1,1,cnn,64,169,0.0043784088222309945
0.1,1,cnn,64,170,0.0060040178336203094
0.1,1,cnn,64,171,0.00528988846577704
0.1,1,cnn,64,172,0.004483115030452609
0.1,1,cnn,64,173,0.004710412891581655
0.1,1,cnn,64,174,0.005057092756032944
0.1,1,cnn,64,175,0.005026788688264787
0.1,1,cnn,64,176,0.006310731791891158
0.1,1,cnn,64,177,0.005915581691078841
0.1,1,cnn,64,178,0.004552254378795624
0.1,1,cnn,64,179,0.005843218108639121
0.1,1,cnn,64,180,0.003497720304876566
0.1,1,cnn,64,181,0.00327934798784554
0.1,1,cnn,64,182,0.002918998738750815
0.1,1,cnn,64,183,0.0032977276062592866
0.1,1,cnn,64,184,0.0028355071414262055
0.1,1,cnn,64,185,0.0032794147729873655
0.1,1,cnn,64,186,0.0029062999645248057
0.1,1,cnn,64,187,0.0032655860087834297
0.1,1,cnn,64,188,0.0027073117601685228
0.1,1,cnn,64,189,0.0033318534912541507
0.1,1,cnn,64,190,0.003361052623949945
0.1,1,cnn,64,191,0.00313283693511039
0.1,1,cnn,64,192,0.002735316529870033
0.1,1,cnn,64,193,0.0032119830232113598
0.1,1,cnn,64,194,0.0036496907845139505
0.1,1,cnn,64,195,0.0027463782927952705
0.1,1,cnn,64,196,0.0027664634073153137
0.1,1,cnn,64,197,0.003344189692288637
0.1,1,cnn,64,198,0.0032136455690488217
0.1,1,cnn,64,199,0.0029933247854933144
0.1,1,cnn,64,200,0.0028553366265259682
0.1,1,cnn,64,201,0.0031861642235890032
0.1,1,cnn,64,202,0.003333203422371298
0.1,1,cnn,64,203,0.0028836757899262013
0.1,1,cnn,64,204,0.0032007409585639835
0.1,1,cnn,64,205,0.002853256044909358
0.1,1,cnn,64,206,0.002806985443457961
0.1,1,cnn,64,207,0.0030610899603925644
0.1,1,cnn,64,208,0.0035345678171142935
0.1,1,cnn,64,209,0.003455873895436525
0.1,1,cnn,64,210,0.003078991509974003
0.1,1,cnn,64,211,0.003063210267573595
0.1,1,cnn,64,212,0.0033152904687449337
0.1,1,cnn,64,213,0.0030791852762922646
0.1,1,cnn,64,214,0.003001311649568379
0.1,1,cnn,64,215,0.0037249812157824636
0.1,1,cnn,64,216,0.0038856001012027262
0.1,1,cnn,64,217,0.0030320901144295933
0.1,1,cnn,64,218,0.0035415842570364476
0.1,1,cnn,64,219,0.0036236220272257923
0.1,1,cnn,64,220,0.003112344201654196
0.1,1,cnn,64,221,0.0029215359687805175
0.1,1,cnn,64,222,0.0034606379806064068
0.1,1,cnn,64,223,0.003227665980812162
0.1,1,cnn,64,224,0.003144806958734989
0.1,1,cnn,64,225,0.0030861356807872654
0.1,1,cnn,64,226,0.0033390010986477136
0.1,1,cnn,64,227,0.0027726496290415526
0.1,1,cnn,64,228,0.0028513037064112723
0.1,1,cnn,64,229,0.0032194705656729636
0.1,1,cnn,64,230,0.0033483615424484015
0.1,1,cnn,64,231,0.003559170556254685
0.1,1,cnn,64,232,0.0033346543833613395
0.1,1,cnn,64,233,0.0030347093846648933
0.1,1,cnn,64,234,0.002862977893091738
0.1,1,cnn,64,235,0.003208370981737971
0.1,1,cnn,64,236,0.0032741187699139116
0.1,1,cnn,64,237,0.0033035269705578687
0.1,1,cnn,64,238,0.003176423888653517
0.1,1,cnn,64,239,0.0028001747163943947
0.1,1,cnn,64,240,0.002169835253152996
0.1,1,cnn,64,241,0.002190825853031129
0.1,1,cnn,64,242,0.0019918745406903326
0.1,1,cnn,64,243,0.0020418856129981577
0.1,1,cnn,64,244,0.0019425113033503293
0.1,1,cnn,64,245,0.0019325730460695923
0.1,1,cnn,64,246,0.0021122200577519835
0.1,1,cnn,64,247,0.002177230538800359
0.1,1,cnn,64,248,0.0021247249422594906
0.1,1,cnn,64,249,0.0019661025889217854
0.1,1,cnn,64,250,0.002122371213044971
0.1,1,cnn,64,251,0.0022183096897788347
0.1,1,cnn,64,252,0.0021202922100201247
0.1,1,cnn,64,253,0.002132144954521209
0.1,1,cnn,64,254,0.002324894790071994
0.1,1,cnn,64,255,0.0021106163482181727
0.1,1,cnn,64,256,0.00214521826710552
0.1,1,cnn,64,257,0.002094426089897752
0.1,1,cnn,64,258,0.0019140065601095557
0.1,1,cnn,64,259,0.001996420242357999
0.1,1,cnn,64,260,0.0020538151008076965
0.1,1,cnn,64,261,0.0021193106728605924
0.1,1,cnn,64,262,0.002317483213264495
0.1,1,cnn,64,263,0.0021394953643903134
0.1,1,cnn,64,264,0.001976096557918936
0.1,1,cnn,64,265,0.002194134769961238
0.1,1,cnn,64,266,0.0023501697881147267
0.1,1,cnn,64,267,0.0022724975249730052
0.1,1,cnn,64,268,0.0018737086025066674
0.1,1,cnn,64,269,0.0021290574013255537
0.1,1,cnn,64,270,0.0019699102174490692
0.1,1,cnn,64,271,0.0019404675392434001
0.1,1,cnn,64,272,0.002415957641787827
0.1,1,cnn,64,273,0.00217238353099674
0.1,1,cnn,64,274,0.0020865952502936123
0.1,1,cnn,64,275,0.0021247281855903567
0.1,1,cnn,64,276,0.002075203300919384
0.1,1,cnn,64,277,0.002144973387476057
0.1,1,cnn,64,278,0.0019764162763021885
0.1,1,cnn,64,279,0.0020894188666716216
0.1,1,cnn,64,280,0.0020458858599886297
0.1,1,cnn,64,281,0.002029418717138469
0.1,1,cnn,64,282,0.001916405668016523
0.1,1,cnn,64,283,0.002060399856418371
0.1,1,cnn,64,284,0.001994871210772544
0.1,1,cnn,64,285,0.0020847941283136605
0.1,1,cnn,64,286,0.0022154086409136653
0.1,1,cnn,64,287,0.001967825866304338
0.1,1,cnn,64,288,0.001965081689413637
0.1,1,cnn,64,289,0.0022179123945534228
0.1,1,cnn,64,290,0.0020195262250490486
0.1,1,cnn,64,291,0.002016568530816585
0.1,1,cnn,64,292,0.001978359939530492
0.1,1,cnn,64,293,0.0022364807175472377
0.1,1,cnn,64,294,0.001957677926402539
0.1,1,cnn,64,295,0.002274284567683935
0.1,1,cnn,64,296,0.0022134749870747327
0.1,1,cnn,64,297,0.00209889650112018
0.1,1,cnn,64,298,0.001982628519181162
0.1,1,cnn,64,299,0.0020377882872708144
0.1,1,fno,256,0,0.5436858928203583
0.1,1,fno,256,1,0.10826625034213067
0.1,1,fno,256,2,0.0461360227316618
0.1,1,fno,256,3,0.0327744847536087
0.1,1,fno,256,4,0.027622917629778386
0.1,1,fno,256,5,0.02411830423399806
0.1,1,fno,256,6,0.02431778198108077
0.1,1,fno,256,7,0.022155684772878884
0.1,1,fno,256,8,0.024006355032324792
0.1,1,fno,256,9,0.018581710048019884
0.1,1,fno,256,10,0.017592673767358066
0.1,1,fno,256,11,0.01757169958204031
0.1,1,fno,256,12,0.017314141020178794
0.1,1,fno,256,13,0.016652946211397648
0.1,1,fno,256,14,0.018873672913759947
0.1,1,fno,256,15,0.0178009020909667
0.1,1,fno,256,16,0.018500637244433165
0.1,1,fno,256,17,0.016898863073438405
0.1,1,fno,256,18,0.016492187436670067
0.1,1,fno,256,19,0.018173848260194064
0.1,1,fno,256,20,0.016549130119383335
0.1,1,fno,256,21,0.01577774291858077
0.1,1,fno,256,22,0.013778476174920798
0.1,1,fno,256,23,0.012951058791950345
0.1,1,fno,256,24,0.013742124922573566
0.1,1,fno,256,25,0.014315854553133249
0.1,1,fno,256,26,0.015005757939070464
0.1,1,fno,256,27,0.01644327860325575
0.1,1,fno,256,28,0.01564209932461381
0.1,1,fno,256,29,0.01504124253988266
0.1,1,fno,256,30,0.01491905516013503
0.1,1,fno,256,31,0.014529194328933953
0.1,1,fno,256,32,0.014258065689355136
0.1,1,fno,256,33,0.013155345115810632
0.1,1,fno,256,34,0.014850175399333239
0.1,1,fno,256,35,0.014172395113855601
0.1,1,fno,256,36,0.014099799264222383
0.1,1,fno,256,37,0.014118658658117057
0.1,1,fno,256,38,0.012626653872430324
0.1,1,fno,256,39,0.011553231608122588
0.1,1,fno,256,40,0.011704079797491431
0.1,1,fno,256,41,0.011906646955758333
0.1,1,fno,256,42,0.012914008041843773
0.1,1,fno,256,43,0.01378344051539898
0.1,1,fno,256,44,0.01160520792938769
0.1,1,fno,256,45,0.012149938931688666
0.1,1,fno,256,46,0.011535942796617746
0.1,1,fno,256,47,0.012821558695286513
0.1,1,fno,256,48,0.011534714112058283
0.1,1,fno,256,49,0.014011884983628988
0.1,1,fno,256,50,0.012521266238763928
0.1,1,fno,256,51,0.011324259862303733
0.1,1,fno,256,52,0.011319700395688415
0.1,1,fno,256,53,0.01358589308336377
0.1,1,fno,256,54,0.011892980821430683
0.1,1,fno,256,55,0.013356946557760239
0.1,1,fno,256,56,0.01257176548242569
0.1,1,fno,256,57,0.013747485298663377
0.1,1,fno,256,58,0.010691908448934554
0.1,1,fno,256,59,0.01137998029589653
0.1,1,fno,256,60,0.0069341701082885265
0.1,1,fno,256,61,0.006375002441927791
0.1,1,fno,256,62,0.0067075944878160956
0.1,1,fno,256,63,0.006571492925286293
0.1,1,fno,256,64,0.006534049203619361
0.1,1,fno,256,65,0.007288839137181639
0.1,1,fno,256,66,0.006897212667390704
0.1,1,fno,256,67,0.005940865995362401
0.1,1,fno,256,68,0.007815113700926303
0.1,1,fno,256,69,0.007041108598932624
0.1,1,fno,256,70,0.007569680288434029
0.1,1,fno,256,71,0.006488724974915385
0.1,1,fno,256,72,0.006468052556738257
0.1,1,fno,256,73,0.00654081791639328
0.1,1,fno,256,74,0.005876422822475433
0.1,1,fno,256,75,0.007292921897023916
0.1,1,fno,256,76,0.006897383099421859
0.1,1,fno,256,77,0.007072216151282191
0.1,1,fno,256,78,0.006954361195676028
0.1,1,fno,256,79,0.006620341511443258
0.1,1,fno,256,80,0.007415559412911534
0.1,1,fno,256,81,0.00687811840325594
0.1,1,fno,256,82,0.006985344244167208
0.1,1,fno,256,83,0.007229684321209788
0.1,1,fno,256,84,0.006192500283941626
0.1,1,fno,256,85,0.006466524135321379
0.1,1,fno,256,86,0.007345232162624598
0.1,1,fno,256,87,0.006395071558654308
0.1,1,fno,256,88,0.007022541598416865
0.1,1,fno,256,89,0.005937325255945325
0.1,1,fno,256,90,0.007640648307278753
0.1,1,fno,256,91,0.008141820421442389
0.1,1,fno,256,92,0.006082867085933685
0.1,1,fno,256,93,0.005940106641501189
0.1,1,fno,256,94,0.0061731943814083935
0.1,1,fno,256,95,0.0058807142591103916
0.1,1,fno,256,96,0.005536673301830888
0.1,1,fno,256,97,0.006661705048754811
0.1,1,fno,256,98,0.005963786472566426
0.1,1,fno,256,99,0.0073361462168395515
0.1,1,fno,256,100,0.00697470729239285
0.1,1,fno,256,101,0.006939087463542819
0.1,1,fno,256,102,0.005610460452735424
0.1,1,fno,256,103,0.006080765165388584
0.1,1,fno,256,104,0.0076865007355809215
0.1,1,fno,256,105,0.007619332373142242
0.1,1,fno,256,106,0.008579753879457712
0.1,1,fno,256,107,0.007334527680650353
0.1,1,fno,256,108,0.006268187081441283
0.1,1,fno,256,109,0.006379432789981365
0.1,1,fno,256,110,0.006588973212055862
0.1,1,fno,256,111,0.006835686806589365
0.1,1,fno,256,112,0.0062181251868605614
0.1,1,fno,256,113,0.007617590110749006
0.1,1,fno,256,114,0.007197179915383458
0.1,1,fno,256,115,0.006833487143740058
0.1,1,fno,256,116,0.0071183347329497335
0.1,1,fno,256,117,0.006887021968141198
0.1,1,fno,256,118,0.00722773876041174
0.1,1,fno,256,119,0.007220219280570745
0.1,1,fno,256,120,0.0041848995024338365
0.1,1,fno,256,121,0.0038411818956956265
0.1,1,fno,256,122,0.0036651542317122222
0.1,1,fno,256,123,0.003897984521463513
0.1,1,fno,256,124,0.004326618160121143
0.1,1,fno,256,125,0.004391792216338218
0.1,1,fno,256,126,0.0038239450426772238
0.1,1,fno,256,127,0.0040218189917504785
0.1,1,fno,256,128,0.004160692691802978
0.1,1,fno,256,129,0.004033992034383118
0.1,1,fno,256,130,0.004407632877118885
0.1,1,fno,256,131,0.00396769214887172
0.1,1,fno,256,132,0.0035243234084919093
0.1,1,fno,256,133,0.004198574596084654
0.1,1,fno,256,134,0.004140502880327404
0.1,1,fno,256,135,0.004271786231547594
0.1,1,fno,256,136,0.004399631186388433
0.1,1,fno,256,137,0.003861031290143728
0.1,1,fno,256,138,0.0036598092364147307
0.1,1,fno,256,139,0.00420043284073472
0.1,1,fno,256,140,0.004228603965602815
0.1,1,fno,256,141,0.004278427790850401
0.1,1,fno,256,142,0.004412566632963717
0.1,1,fno,256,143,0.004156275037676096
0.1,1,fno,256,144,0.0037466167518869042
0.1,1,fno,256,145,0.0038343490520492195
0.1,1,fno,256,146,0.004190662987530232
0.1,1,fno,256,147,0.004360566539689898
0.1,1,fno,256,148,0.0036533650336787104
0.1,1,fno,256,149,0.003665424482896924
0.1,1,fno,256,150,0.00417971056420356
0.1,1,fno,256,151,0.00401690024882555
0.1,1,fno,256,152,0.0035197991924360394
0.1,1,fno,256,153,0.003965388569049537
0.1,1,fno,256,154,0.004204958411864936
0.1,1,fno,256,155,0.003943801093846559
0.1,1,fno,256,156,0.003644655547104776
0.1,1,fno,256,157,0.004005753062665462
0.1,1,fno,256,158,0.004198312726803124
0.1,1,fno,256,159,0.0038323262287303806
0.1,1,fno,256,160,0.004063316686078906
0.1,1,fno,256,161,0.004074643217027187
0.1,1,fno,256,162,0.0036003037309274076
0.1,1,fno,256,163,0.0040253309719264505
0.1,1,fno,256,164,0.003848058679141104
0.1,1,fno,256,165,0.0038469240302219988
0.1,1,fno,256,166,0.0035875452309846877
0.1,1,fno,256,167,0.0042829654738307
0.1,1,fno,256,168,0.004365326170809567
0.1,1,fno,256,169,0.0045441949367523195
0.1,1,fno,256,170,0.004058331586420536
0.1,1,fno,256,171,0.004642823571339249
0.1,1,fno,256,172,0.004344260827638209
0.1,1,fno,256,173,0.003980053579434753
0.1,1,fno,256,174,0.004058962780982256
0.1,1,fno,256,175,0.0039426152035593985
0.1,1,fno,256,176,0.003712525023147464
0.1,1,fno,256,177,0.004007286848500371
0.1,1,fno,256,178,0.004351386069320142
0.1,1,fno,256,179,0.004351063594222069
0.1,1,fno,256,180,0.0031156374979764223
0.1,1,fno,256,181,0.0026791571173816918
0.1,1,fno,256,182,0.0027663971204310656
0.1,1,fno,256,183,0.00271650156006217
0.1,1,fno,256,184,0.002689596575219184
0.1,1,fno,256,185,0.00262486427789554
0.1,1,fno,256,186,0.002585887301247567
0.1,1,fno,256,187,0.0027581282518804075
0.1,1,fno,256,188,0.002672807879280299
0.1,1,fno,256,189,0.0029064558167010545
0.1,1,fno,256,190,0.0028786200541071594
0.1,1,fno,256,191,0.0029434577212668956
0.1,1,fno,256,192,0.0026812724373303353
0.1,1,fno,256,193,0.0026022945158183574
0.1,1,fno,256,194,0.002746215621009469
0.1,1,fno,256,195,0.002916299740318209
0.1,1,fno,256,196,0.002814293373376131
0.1,1,fno,256,197,0.002752559897489846
0.1,1,fno,256,198,0.002734024713281542
0.1,1,fno,256,199,0.002651305007748306
0.1,1,fno,256,200,0.00264463277766481
0.1,1,fno,256,201,0.0031297124014236033
0.1,1,fno,256,202,0.0030249280435964464
0.1,1,fno,256,203,0.0028338358621113
0.1,1,fno,256,204,0.0027875124895945192
0.1,1,fno,256,205,0.0028396078245714307
0.1,1,fno,256,206,0.0027778980415314436
0.1,1,fno,256,207,0.003112758588977158
0.1,1,fno,256,208,0.00280894401948899
0.1,1,fno,256,209,0.002577318230178207
0.1,1,fno,256,210,0.002984071404207498
0.1,1,fno,256,211,0.0025352371484041215
0.1,1,fno,256,212,0.002927793727722019
0.1,1,fno,256,213,0.0029265402094461024
0.1,1,fno,256,214,0.0027497161645442247
0.1,1,fno,256,215,0.0025909501197747885
0.1,1,fno,256,216,0.0027451602765358983
0.1,1,fno,256,217,0.0028700903872959315
0.1,1,fno,256,218,0.002819786719046533
0.1,1,fno,256,219,0.002831733049824834
0.1,1,fno,256,220,0.002743793230038136
0.1,1,fno,256,221,0.0027217250876128674
0.1,1,fno,256,222,0.002920758172404021
0.1,1,fno,256,223,0.0030174696911126377
0.1,1,fno,256,224,0.0026133900601416826
0.1,1,fno,256,225,0.0026397446636110544
0.1,1,fno,256,226,0.0027651047194376588
0.1,1,fno,256,227,0.0025851482478901743
0.1,1,fno,256,228,0.002863313243724406
0.1,1,fno,256,229,0.0026027209288440644
0.1,1,fno,256,230,0.0026926081627607346
0.1,1,fno,256,231,0.003104345165193081
0.1,1,fno,256,232,0.002903615706600249
0.1,1,fno,256,233,0.002835550655145198
0.1,1,fno,256,234,0.00266878217458725
0.1,1,fno,256,235,0.0029455969389528035
0.1,1,fno,256,236,0.00257462730165571
0.1,1,fno,256,237,0.002863021777011454
0.1,1,fno,256,238,0.0027636085683479905
0.1,1,fno,256,239,0.002744539699051529
0.1,1,fno,256,240,0.002210339044686407
0.1,1,fno,256,241,0.002198368445970118
0.1,1,fno,256,242,0.0022137328633107245
0.1,1,fno,256,243,0.002236767292488366
0.1,1,fno,256,244,0.002323267855681479
0.1,1,fno,256,245,0.002301398527342826
0.1,1,fno,256,246,0.0023979329341091214
0.1,1,fno,256,247,0.0022135036694817243
0.1,1,fno,256,248,0.002245332240127027
0.1,1,fno,256,249,0.0021814564638771117
0.1,1,fno,256,250,0.00222457216354087
0.1,1,fno,256,251,0.002172393500804901
0.1,1,fno,256,252,0.0021755582257173955
0.1,1,fno,256,253,0.0023319645202718674
0.1,1,fno,256,254,0.002258447124622762
0.1,1,fno,256,255,0.002205931949429214
0.1,1,fno,256,256,0.002162614243570715
0.1,1,fno,256,257,0.002234460462350398
0.1,1,fno,256,258,0.0021952314022928477
0.1,1,fno,256,259,0.0022384605603292585
0.1,1,fno,256,260,0.002156490671914071
0.1,1,fno,256,261,0.0022009636298753322
0.1,1,fno,256,262,0.0021790684340521694
0.1,1,fno,256,263,0.002224586391821504
0.1,1,fno,256,264,0.0022271887259557844
0.1,1,fno,256,265,0.00219801435014233
0.1,1,fno,256,266,0.0021463795960880816
0.1,1,fno,256,267,0.002279862610157579
0.1,1,fno,256,268,0.002161274051759392
0.1,1,fno,256,269,0.0021409296384081243
0.1,1,fno,256,270,0.0021763008111156524
0.1,1,fno,256,271,0.0022089033620432017
0.1,1,fno,256,272,0.002175010866485536
0.1,1,fno,256,273,0.002223737617023289
0.1,1,fno,256,274,0.0021400617621839045
0.1,1,fno,256,275,0.0022046839515678586
0.1,1,fno,256,276,0.0021080606104806067
0.1,1,fno,256,277,0.0021066275984048845
0.1,1,fno,256,278,0.0021807922376319766
0.1,1,fno,256,279,0.0021502445754595103
0.1,1,fno,256,280,0.0021693998272530736
0.1,1,fno,256,281,0.0020912606525234877
0.1,1,fno,256,282,0.0021522319479845464
0.1,1,fno,256,283,0.0022318249056115748
0.1,1,fno,256,284,0.0023540833895094693
0.1,1,fno,256,285,0.002091002846136689
0.1,1,fno,256,286,0.0021292239497415722
0.1,1,fno,256,287,0.002089031683281064
0.1,1,fno,256,288,0.0021286396658979356
0.1,1,fno,256,289,0.002163237154018134
0.1,1,fno,256,290,0.0021416756277903913
0.1,1,fno,256,291,0.002224501324817538
0.1,1,fno,256,292,0.0022379887918941676
0.1,1,fno,256,293,0.0022889256873168053
0.1,1,fno,256,294,0.0022457478754222392
0.1,1,fno,256,295,0.002125569775234908
0.1,1,fno,256,296,0.002096313361544162
0.1,1,fno,256,297,0.002120276913046837
0.1,1,fno,256,298,0.0020564448880031703
0.1,1,fno,256,299,0.002172259488143027
0.1,2,cnn,64,0,0.4419015726447105
0.1,2,cnn,64,1,0.11747420638799667
0.1,2,cnn,64,2,0.08349374920129776
0.1,2,cnn,64,3,0.0668638638406992
0.1,2,cnn,64,4,0.05413110993802547
0.1,2,cnn,64,5,0.047461183294653896
0.1,2,cnn,64,6,0.04722395557910204
0.1,2,cnn,64,7,0.034776777178049084
0.1,2,cnn,64,8,0.040553286224603656
0.1,2,cnn,64,9,0.03197136778384447
0.1,2,cnn,64,10,0.049776003025472165
0.1,2,cnn,64,11,0.02989014483988285
0.1,2,cnn,64,12,0.03895023416727781
0.1,2,cnn,64,13,0.03070216381922364
0.1,2,cnn,64,14,0.02899071864783764
0.1,2,cnn,64,15,0.032012219987809655
0.1,2,cnn,64,16,0.02785851776599884
0.1,2,cnn,64,17,0.02471130818128586
0.1,2,cnn,64,18,0.020735165439546108
0.1,2,cnn,64,19,0.026307910531759262
0.1,2,cnn,64,20,0.023637073189020155
0.1,2,cnn,64,21,0.019827173333615066
0.1,2,cnn,64,22,0.026468464825302362
0.1,2,cnn,64,23,0.0273807436414063
0.1,2,cnn,64,24,0.02314386859536171
0.1,2,cnn,64,25,0.023787854760885237
0.1,2,cnn,64,26,0.023163970187306406
0.1,2,cnn,64,27,0.029687911588698625
0.1,2,cnn,64,28,0.025586854163557292
0.1,2,cnn,64,29,0.023802047818899153
0.1,2,cnn,64,30,0.02446663912385702
0.1,2,cnn,64,31,0.02365926606580615
0.1,2,cnn,64,32,0.028958358988165855
0.1,2,cnn,64,33,0.022213456928730013
0.1,2,cnn,64,34,0.02101021273061633
0.1,2,cnn,64,35,0.028220296017825604
0.1,2,cnn,64,36,0.023453189935535194
0.1,2,cnn,64,37,0.022134905122220515
0.1,2,cnn,64,38,0.02076210271567106
0.1,2,cnn,64,39,0.023503122590482234
0.1,2,cnn,64,40,0.018426016587764025
0.1,2,cnn,64,41,0.021245257407426835
0.1,2,cnn,64,42,0.023406753949820995
0.1,2,cnn,64,43,0.016437082421034574
0.1,2,cnn,64,44,0.01907298581674695
0.1,2,cnn,64,45,0.02031562726944685
0.1,2,cnn,64,46,0.015609170235693455
0.1,2,cnn,64,47,0.021286767460405826
0.1,2,cnn,64,48,0.018268229123204947
0.1,2,cnn,64,49,0.023781116753816604
0.1,2,cnn,64,50,0.019784909281879662
0.1,2,cnn,64,51,0.02240381933748722
0.1,2,cnn,64,52,0.022432463839650155
0.1,2,cnn,64,53,0.019845679048448802
0.1,2,cnn,64,54,0.01790070762857795
0.1,2,cnn,64,55,0.022631548773497344
0.1,2,cnn,64,56,0.017602322585880757
0.1,2,cnn,64,57,0.017634595483541488
0.1,2,cnn,64,58,0.019749400075525045
0.1,2,cnn,64,59,0.020465154964476824
0.1,2,cnn,64,60,0.010234165349975228
0.1,2,cnn,64,61,0.010575716607272625
0.1,2,cnn,64,62,0.00966183644719422
0.1,2,cnn,64,63,0.010696432776749134
0.1,2,cnn,64,64,0.00956125563941896
0.1,2,cnn,64,65,0.010444905292242766
0.1,2,cnn,64,66,0.009127009799703956
0.1,2,cnn,64,67,0.012212434401735663
0.1,2,cnn,64,68,0.011258385237306356
0.1,2,cnn,64,69,0.010191054837778211
0.1,2,cnn,64,70,0.010036008274182677
0.1,2,cnn,64,71,0.009952995954081416
0.1,2,cnn,64,72,0.011026898557320237
0.1,2,cnn,64,73,0.010495737604796886
0.1,2,cnn,64,74,0.009833155572414399
0.1,2,cnn,64,75,0.0098575284704566
0.1,2,cnn,64,76,0.010102874292060733
0.1,2,cnn,64,77,0.012270386256277561
0.1,2,cnn,64,78,0.012337442794814706
0.1,2,cnn,64,79,0.010954794520512224
0.1,2,cnn,64,80,0.01080255982466042
0.1,2,cnn,64,81,0.010965151283890008
0.1,2,cnn,64,82,0.0130048590246588
0.1,2,cnn,64,83,0.012488146917894483
0.1,2,cnn,64,84,0.00905569919385016
0.1,2,cnn,64,85,0.010137569447979332
0.1,2,cnn,64,86,0.010138795683160425
0.1,2,cnn,64,87,0.009427248891443014
0.1,2,cnn,64,88,0.011246522199362516
0.1,2,cnn,64,89,0.011914129853248596
0.1,2,cnn,64,90,0.009511140957474708
0.1,2,cnn,64,91,0.008880468783900142
0.1,2,cnn,64,92,0.010729146022349596
0.1,2,cnn,64,93,0.009420228842645883
0.1,2,cnn,64,94,0.008031589770689606
0.1,2,cnn,64,95,0.0112345358915627
0.1,2,cnn,64,96,0.00941570951603353
0.1,2,cnn,64,97,0.00874500434845686
0.1,2,cnn,64,98,0.008539045182988047
0.1,2,cnn,64,99,0.010148658845573665
0.1,2,cnn,64,100,0.008976070741191507
0.1,2,cnn,64,101,0.008751113275066018
0.1,2,cnn,64,102,0.008793268455192446
0.1,2,cnn,64,103,0.009541823817417026
0.1,2,cnn,64,104,0.010680468427017331
0.1,2,cnn,64,105,0.011779872076585889
0.1,2,cnn,64,106,0.01062311751767993
0.1,2,cnn,64,107,0.011063562706112862
0.1,2,cnn,64,108,0.01020550318993628
0.1,2,cnn,64,109,0.009284775098785758
0.1,2,cnn,64,110,0.009444292858242989
0.1,2,cnn,64,111,0.011789263347163797
0.1,2,cnn,64,112,0.009106395849958062
0.1,2,cnn,64,113,0.010301645388826728
0.1,2,cnn,64,114,0.008773655984550715
0.1,2,cnn,64,115,0.010149748641997575
0.1,2,cnn,64,116,0.009482552167028188
0.1,2,cnn,64,117,0.010355795240029693
0.1,2,cnn,64,118,0.008809140175580979
0.1,2,cnn,64,119,0.011537050884217024
0.1,2,cnn,64,120,0.004908189564011991
0.1,2,cnn,64,121,0.00525258197914809
0.1,2,cnn,64,122,0.005186312268488109
0.1,2,cnn,64,123,0.005175592070445418
0.1,2,cnn,64,124,0.004916012082248926
0.1,2,cnn,64,125,0.00534217047970742
0.1,2,cnn,64,126,0.006242762892507017
0.1,2,cnn,64,127,0.006785809835419059
0.1,2,cnn,64,128,0.005725076328963042
0.1,2,cnn,64,129,0.0047459561750292775
0.1,2,cnn,64,130,0.006750905280932784
0.1,2,cnn,64,131,0.005249122148379684
0.1,2,cnn,64,132,0.004681115848943591
0.1,2,cnn,64,133,0.00534866915550083
0.1,2,cnn,64,134,0.004821347407996655
0.1,2,cnn,64,135,0.0050486660609021785
0.1,2,cnn,64,136,0.0053588838968425985
0.1,2,cnn,64,137,0.006054857103154063
0.1,2,cnn,64,138,0.005357513050548732
0.1,2,cnn,64,139,0.005112721608020366
0.1,2,cnn,64,140,0.00577715031336993
0.1,2,cnn,64,141,0.006329946396872402
0.1,2,cnn,64,142,0.005981591860763729
0.1,2,cnn,64,143,0.0050343442987650635
0.1,2,cnn,64,144,0.006155267683789134
0.1,2,cnn,64,145,0.004781165588647127
0.1,2,cnn,64,146,0.004712588535621762
0.1,2,cnn,64,147,0.0055654733860865235
0.1,2,cnn,64,148,0.004717227942310273
0.1,2,cnn,64,149,0.0050704876612871885
0.1,2,cnn,64,150,0.005265764459036291
0.1,2,cnn,64,151,0.006118205916136503
0.1,2,cnn,64,152,0.0055216357577592134
0.1,2,cnn,64,153,0.0048994447337463495
0.1,2,cnn,64,154,0.005955611704848707
0.1,2,cnn,64,155,0.004956739884801209
0.1,2,cnn,64,156,0.005545336352661252
0.1,2,cnn,64,157,0.005329569969326257
0.1,2,cnn,64,158,0.005502952099777758
0.1,2,cnn,64,159,0.007042374080047011
0.1,2,cnn,64,160,0.005071534635499119
0.1,2,cnn,64,161,0.004903394677676261
0.1,2,cnn,64,162,0.005597184444777668
0.1,2,cnn,64,163,0.0065173848764970895
0.1,2,cnn,64,164,0.004739307458512485
0.1,2,cnn,64,165,0.0055591120803728696
0.1,2,cnn,64,166,0.005461360970512033
0.1,2,cnn,64,167,0.005586999417282641
0.1,2,cnn,64,168,0.005693737771362066
0.1,2,cnn,64,169,0.004803574909456074
0.1,2,cnn,64,170,0.004772426984272897
0.1,2,cnn,64,171,0.006093829679302871
0.1,2,cnn,64,172,0.00621542857028544
0.1,2,cnn,64,173,0.004412601781077683
0.1,2,cnn,64,174,0.005261368229985237
0.1,2,cnn,64,175,0.0049967960501089695
0.1,2,cnn,64,176,0.005143339526839554
0.1,2,cnn,64,177,0.004921907316893339
0.1,2,cnn,64,178,0.004654762363061309
0.1,2,cnn,64,179,0.004638682375662029
0.1,2,cnn,64,180,0.003585887299850583
0.1,2,cnn,64,181,0.0029546464281156658
0.1,2,cnn,64,182,0.003229439938440919
0.1,2,cnn,64,183,0.0035164310690015553
0.1,2,cnn,64,184,0.00323034240398556
0.1,2,cnn,64,185,0.0031161444867029786
0.1,2,cnn,64,186,0.0029212285159155725
0.1,2,cnn,64,187,0.0027433136105537415
0.1,2,cnn,64,188,0.004342871569097042
0.1,2,cnn,64,189,0.0033626343309879304
0.1,2,cnn,64,190,0.003064194628968835
0.1,2,cnn,64,191,0.003341300804167986
0.1,2,cnn,64,192,0.003355617397464812
0.1,2,cnn,64,193,0.0032471035653725265
0.1,2,cnn,64,194,0.0029725730465725063
0.1,2,cnn,64,195,0.0032838221034035085
0.1,2,cnn,64,196,0.003627814729698002
0.1,2,cnn,64,197,0.0035284125385805967
0.1,2,cnn,64,198,0.0035901958076283336
0.1,2,cnn,64,199,0.0031128662335686385
0.1,2,cnn,64,200,0.003255154090002179
0.1,2,cnn,64,201,0.003056506402790546
0.1,2,cnn,64,202,0.0032003553584218024
0.1,2,cnn,64,203,0.003378388215787709
0.1,2,cnn,64,204,0.003012051875703037
0.1,2,cnn,64,205,0.002803499472793192
0.1,2,cnn,64,206,0.0031368359294719995
0.1,2,cnn,64,207,0.0032899021031334995
0.1,2,cnn,64,208,0.003142955210059881
0.1,2,cnn,64,209,0.0030762455007061363
0.1,2,cnn,64,210,0.0033499711006879807
0.1,2,cnn,64,211,0.002941087307408452
0.1,2,cnn,64,212,0.003316387441009283
0.1,2,cnn,64,213,0.003074514709878713
0.1,2,cnn,64,214,0.002951533943414688
0.1,2,cnn,64,215,0.002789604130666703
0.1,2,cnn,64,216,0.003174606547690928
0.1,2,cnn,64,217,0.0030157414358109235
0.1,2,cnn,64,218,0.0030904498184099794
0.1,2,cnn,64,219,0.0031903920136392115
0.1,2,cnn,64,220,0.0036837240727618337
0.1,2,cnn,64,221,0.002682353677228093
0.1,2,cnn,64,222,0.0028304693242534994
0.1,2,cnn,64,223,0.003443398834206164
0.1,2,cnn,64,224,0.0035942706558853388
0.1,2,cnn,64,225,0.0035084075760096313
0.1,2,cnn,64,226,0.0031918987724930048
0.1,2,cnn,64,227,0.003045762116089463
0.1,2,cnn,64,228,0.003149922825396061
0.1,2,cnn,64,229,0.002832193102221936
0.1,2,cnn,64,230,0.0035294933477416635
0.1,2,cnn,64,231,0.0031244478607550265
0.1,2,cnn,64,232,0.003273594090715051
0.1,2,cnn,64,233,0.003069631224498153
0.1,2,cnn,64,234,0.003222928047180176
0.1,2,cnn,64,235,0.0033412566548213364
0.1,2,cnn,64,236,0.0030374284321442245
0.1,2,cnn,64,237,0.0032688113953918217
0.1,2,cnn,64,238,0.002928049175534397
0.1,2,cnn,64,239,0.0028921582992188634
0.1,2,cnn,64,240,0.0021580876666121183
0.1,2,cnn,64,241,0.00200889945961535
0.1,2,cnn,64,242,0.001953310768585652
0.1,2,cnn,64,243,0.002183628920465708
0.1,2,cnn,64,244,0.002117838328704238
0.1,2,cnn,64,245,0.002233403834979981
0.1,2,cnn,64,246,0.002072048026602715
0.1,2,cnn,64,247,0.002088878261856735
0.1,2,cnn,64,248,0.0020090377167798577
0.1,2,cnn,64,249,0.0020518559589982033
0.1,2,cnn,64,250,0.002248427695594728
0.1,2,cnn,64,251,0.00233367299195379
0.1,2,cnn,64,252,0.002038817503489554
0.1,2,cnn,64,253,0.0021028956794179976
0.1,2,cnn,64,254,0.00207348367664963
0.1,2,cnn,64,255,0.0020901687792502345
0.1,2,cnn,64,256,0.0019644885230809452
0.1,2,cnn,64,257,0.0020594226848334074
0.1,2,cnn,64,258,0.0021026734239421785
0.1,2,cnn,64,259,0.002004661844111979
0.1,2,cnn,64,260,0.0026924062916077675
0.1,2,cnn,64,261,0.0020690780924633146
0.1,2,cnn,64,262,0.001988013891968876
0.1,2,cnn,64,263,0.002013945309445262
0.1,2,cnn,64,264,0.0023674083058722317
0.1,2,cnn,64,265,0.0020823573460802434
0.1,2,cnn,64,266,0.002227346603758633
0.1,2,cnn,64,267,0.002068507478106767
0.1,2,cnn,64,268,0.001911714707966894
0.1,2,cnn,64,269,0.0020187007123604415
0.1,2,cnn,64,270,0.002074146303348243
0.1,2,cnn,64,271,0.0019811114110052587
0.1,2,cnn,64,272,0.0020156687684357165
0.1,2,cnn,64,273,0.0022520595672540365
0.1,2,cnn,64,274,0.002123915837146342
0.1,2,cnn,64,275,0.0020260947896167635
0.1,2,cnn,64,276,0.002333101709373295
0.1,2,cnn,64,277,0.0018937524501234293
0.1,2,cnn,64,278,0.002130043727811426
0.1,2,cnn,64,279,0.002093773214146495
0.1,2,cnn,64,280,0.0023002525116316975
0.1,2,cnn,64,281,0.0021780742472037673
0.1,2,cnn,64,282,0.002099165853578597
0.1,2,cnn,64,283,0.0021245355578139425
0.1,2,cnn,64,284,0.0020938532683067025
0.1,2,cnn,64,285,0.002217648811638355
0.1,2,cnn,64,286,0.0019052768894471227
0.1,2,cnn,64,287,0.0019721398875117303
0.1,2,cnn,64,288,0.0018258325499482453
0.1,2,cnn,64,289,0.0021113150706514715
0.1,2,cnn,64,290,0.002150814044289291
0.1,2,cnn,64,291,0.0021819304442033173
0.1,2,cnn,64,292,0.002033150375355035
0.1,2,cnn,64,293,0.0020357901440002024
0.1,2,cnn,64,294,0.0019585195649415256
0.1,2,cnn,64,295,0.0020690738270059228
0.1,2,cnn,64,296,0.0021195301576517524
0.1,2,cnn,64,297,0.0018008654727600514
0.1,2,cnn,64,298,0.0021271865582093595
0.1,2,cnn,64,299,0.002152043518144637
0.1,2,fno,256,0,0.519698542356491
0.1,2,fno,256,1,0.0920995070040226
0.1,2,fno,256,2,0.0420087806135416
0.1,2,fno,256,3,0.03018109153956175
0.1,2,fno,256,4,0.02741675153374672
0.1,2,fno,256,5,0.023992097936570644
0.1,2,fno,256,6,0.018914801608771084
0.1,2,fno,256,7,0.019969853069633246
0.1,2,fno,256,8,0.0182054259814322
0.1,2,fno,256,9,0.018446548096835613
0.1,2,fno,256,10,0.018412905763834714
0.1,2,fno,256,11,0.022825040258467197
0.1,2,fno,256,12,0.017909871265292168
0.1,2,fno,256,13,0.017358306907117368
0.1,2,fno,256,14,0.019769545551389454
0.1,2,fno,256,15,0.02051564859226346
0.1,2,fno,256,16,0.01860203068703413
0.1,2,fno,256,17,0.018190108947455885
0.1,2,fno,256,18,0.015208601281046867
0.1,2,fno,256,19,0.015077979173511266
0.1,2,fno,256,20,0.011896933112293482
0.1,2,fno,256,21,0.016529974453151228
0.1,2,fno,256,22,0.0170374022051692
0.1,2,fno,256,23,0.01663513669744134
0.1,2,fno,256,24,0.016573143247514962
0.1,2,fno,256,25,0.016670602094382047
0.1,2,fno,256,26,0.013150025121867658
0.1,2,fno,256,27,0.015430819168686867
0.1,2,fno,256,28,0.01390922548249364
0.1,2,fno,256,29,0.01573812570422888
0.1,2,fno,256,30,0.01409435885027051
0.1,2,fno,256,31,0.012453163927420973
0.1,2,fno,256,32,0.014488962292671204
0.1,2,fno,256,33,0.014762726351618767
0.1,2,fno,256,34,0.011078019281849266
0.1,2,fno,256,35,0.013529236558824778
0.1,2,fno,256,36,0.012307329438626766
0.1,2,fno,256,37,0.011873142831027507
0.1,2,fno,256,38,0.011504128398373724
0.1,2,fno,256,39,0.015315391812473536
0.1,2,fno,256,40,0.01586379121989012
0.1,2,fno,256,41,0.012790562156587838
0.1,2,fno,256,42,0.011724701439961792
0.1,2,fno,256,43,0.015272275228053332
0.1,2,fno,256,44,0.013494778666645288
0.1,2,fno,256,45,0.015636260360479354
0.1,2,fno,256,46,0.01201280502602458
0.1,2,fno,256,47,0.011350355464965106
0.1,2,fno,256,48,0.010710681285709144
0.1,2,fno,256,49,0.014038746934384108
0.1,2,fno,256,50,0.01498518856242299
0.1,2,fno,256,51,0.014311890453100204
0.1,2,fno,256,52,0.014264874560758471
0.1,2,fno,256,53,0.013006743267178536
0.1,2,fno,256,54,0.012896781619638205
0.1,2,fno,256,55,0.0126538903452456
0.1,2,fno,256,56,0.012069106623530388
0.1,2,fno,256,57,0.011892118584364652
0.1,2,fno,256,58,0.012977929916232825
0.1,2,fno,256,59,0.012822881639003754
0.1,2,fno,256,60,0.008668529605492949
0.1,2,fno,256,61,0.007354999100789428
0.1,2,fno,256,62,0.00653947995044291
0.1,2,fno,256,63,0.007351161427795887
0.1,2,fno,256,64,0.006199613865464926
0.1,2,fno,256,65,0.007101276488974691
0.1,2,fno,256,66,0.006030505308881402
0.1,2,fno,256,67,0.006781312907114625
0.1,2,fno,256,68,0.0066644349973648785
0.1,2,fno,256,69,0.006493112994357944
0.1,2,fno,256,70,0.006720789074897766
0.1,2,fno,256,71,0.0057447317382320765
0.1,2,fno,256,72,0.006477810638025403
0.1,2,fno,256,73,0.006491716150194406
0.1,2,fno,256,74,0.006432077828794718
0.1,2,fno,256,75,0.006224118256941438
0.1,2,fno,256,76,0.005592102352529764
0.1,2,fno,256,77,0.007637712880969047
0.1,2,fno,256,78,0.007401586147025228
0.1,2,fno,256,79,0.0056843279860913755
0.1,2,fno,256,80,0.007697141477838159
0.1,2,fno,256,81,0.00622431424446404
0.1,2,fno,256,82,0.007315436545759439
0.1,2,fno,256,83,0.007638782113790512
0.1,2,fno,256,84,0.007704714769497514
0.1,2,fno,256,85,0.006811687713488937
0.1,2,fno,256,86,0.006249975515529514
0.1,2,fno,256,87,0.006810317058116197
0.1,2,fno,256,88,0.007120048739016056
0.1,2,fno,256,89,0.006424262430518865
0.1,2,fno,256,90,0.007383782817050814
0.1,2,fno,256,91,0.007135843615978956
0.1,2,fno,256,92,0.00562517021317035
0.1,2,fno,256,93,0.006191341895610094
0.1,2,fno,256,94,0.006900306530296802
0.1,2,fno,256,95,0.006214189724996686
0.1,2,fno,256,96,0.005510562546551228
0.1,2,fno,256,97,0.007302375677973032
0.1,2,fno,256,98,0.0069775595236569645
0.1,2,fno,256,99,0.005769977169111371
0.1,2,fno,256,100,0.006907271863892675
0.1,2,fno,256,101,0.006895052157342434
0.1,2,fno,256,102,0.007576022548601031
0.1,2,fno,256,103,0.00772674915380776
0.1,2,fno,256,104,0.007153633087873459
0.1,2,fno,256,105,0.006416817707940936
0.1,2,fno,256,106,0.005504472618922591
0.1,2,fno,256,107,0.007311924118548632
0.1,2,fno,256,108,0.006892606755718589
0.1,2,fno,256,109,0.00730091649107635
0.1,2,fno,256,110,0.006364634069614112
0.1,2,fno,256,111,0.007159992074593902
0.1,2,fno,256,112,0.006644386062398553
0.1,2,fno,256,113,0.00626645409502089
0.1,2,fno,256,114,0.005733256503008306
0.1,2,fno,256,115,0.005533877215348184
0.1,2,fno,256,116,0.006635418189689517
0.1,2,fno,256,117,0.007394158076494932
0.1,2,fno,256,118,0.007172326678410172
0.1,2,fno,256,119,0.006660147700458765
0.1,2,fno,256,120,0.004032630561850965
0.1,2,fno,256,121,0.0035601009521633387
0.1,2,fno,256,122,0.0035616560420021416
0.1,2,fno,256,123,0.0041179138934239745
0.1,2,fno,256,124,0.004091827627271414
0.1,2,fno,256,125,0.0039481761492788795
0.1,2,fno,256,126,0.004041853216476738
0.1,2,fno,256,127,0.004192502447403967
0.1,2,fno,256,128,0.0037651907559484244
0.1,2,fno,256,129,0.0038739563385024665
0.1,2,fno,256,130,0.003941968902945518
0.1,2,fno,256,131,0.003990072864107788
0.1,2,fno,256,132,0.004320447170175612
0.1,2,fno,256,133,0.003964843479916453
0.1,2,fno,256,134,0.0041476244572550055
0.1,2,fno,256,135,0.0038625042652711272
0.1,2,fno,256,136,0.0033747186325490475
0.1,2,fno,256,137,0.0039474713662639264
0.1,2,fno,256,138,0.003824062729254365
0.1,2,fno,256,139,0.0035847452795132995
0.1,2,fno,256,140,0.0035876257345080374
0.1,2,fno,256,141,0.003866313975304365
0.1,2,fno,256,142,0.004206353276968003
0.1,2,fno,256,143,0.003386533437296748
0.1,2,fno,256,144,0.004062334042973816
0.1,2,fno,256,145,0.0032403139071539044
0.1,2,fno,256,146,0.004283175403252244
0.1,2,fno,256,147,0.003930072854273021
0.1,2,fno,256,148,0.004036423908546567
0.1,2,fno,256,149,0.0042309527890756725
0.1,2,fno,256,150,0.00390450700186193
0.1,2,fno,256,151,0.004126187884248793
0.1,2,fno,256,152,0.004039084911346436
0.1,2,fno,256,153,0.0037336768954992295
0.1,2,fno,256,154,0.0036747616017237307
0.1,2,fno,256,155,0.003717912565916777
0.1,2,fno,256,156,0.003538370137102902
0.1,2,fno,256,157,0.004055950106121599
0.1,2,fno,256,158,0.0037404270842671394
0.1,2,fno,256,159,0.003815783839672804
0.1,2,fno,256,160,0.0038345483597368004
0.1,2,fno,256,161,0.0036224138271063566
0.1,2,fno,256,162,0.00413018493913114
0.1,2,fno,256,163,0.004061137540265918
0.1,2,fno,256,164,0.0038560371473431586
0.1,2,fno,256,165,0.0034283514972776176
0.1,2,fno,256,166,0.0038327672705054283
0.1,2,fno,256,167,0.004613107498735189
0.1,2,fno,256,168,0.0036166795389726758
0.1,2,fno,256,169,0.0038333342643454673
0.1,2,fno,256,170,0.004349568313919008
0.1,2,fno,256,171,0.003625149745494127
0.1,2,fno,256,172,0.003541502561420202
0.1,2,fno,256,173,0.0033091536676511167
0.1,2,fno,256,174,0.004079952770844102
0.1,2,fno,256,175,0.004255037792026997
0.1,2,fno,256,176,0.0037445596046745775
0.1,2,fno,256,177,0.0037797324312850832
0.1,2,fno,256,178,0.004303560443222523
0.1,2,fno,256,179,0.004193663215264678
0.1,2,fno,256,180,0.002605468442197889
0.1,2,fno,256,181,0.0024511143751442433
0.1,2,fno,256,182,0.0025405013212002813
0.1,2,fno,256,183,0.002549136558081955
0.1,2,fno,256,184,0.0027289868146181105
0.1,2,fno,256,185,0.0026843673782423138
0.1,2,fno,256,186,0.002695603729225695
0.1,2,fno,256,187,0.002597242286428809
0.1,2,fno,256,188,0.0026597937289625406
0.1,2,fno,256,189,0.0025520360306836663
0.1,2,fno,256,190,0.0025902537442743776
0.1,2,fno,256,191,0.0026493975962512194
0.1,2,fno,256,192,0.002717138975858688
0.1,2,fno,256,193,0.0025829957611858845
0.1,2,fno,256,194,0.0026163761783391235
0.1,2,fno,256,195,0.002411847081966698
0.1,2,fno,256,196,0.0024586651753634213
0.1,2,fno,256,197,0.002477349208202213
0.1,2,fno,256,198,0.0024536544852890073
0.1,2,fno,256,199,0.0024841693951748313
0.1,2,fno,256,200,0.0024511794792488216
0.1,2,fno,256,201,0.002529650623910129
0.1,2,fno,256,202,0.0026132349902763963
0.1,2,fno,256,203,0.002325919815339148
0.1,2,fno,256,204,0.0024969397415407
0.1,2,fno,256,205,0.002392985175829381
0.1,2,fno,256,206,0.0025475688534788788
0.1,2,fno,256,207,0.0027318131923675538
0.1,2,fno,256,208,0.0026482365070842205
0.1,2,fno,256,209,0.002780245079193264
0.1,2,fno,256,210,0.00260538290720433
0.1,2,fno,256,211,0.002450857188086957
0.1,2,fno,256,212,0.0024985609343275428
0.1,2,fno,256,213,0.002640755206812173
0.1,2,fno,256,214,0.002650569975376129
0.1,2,fno,256,215,0.0027902612648904325
0.1,2,fno,256,216,0.0024870506790466607
0.1,2,fno,256,217,0.0023813286237418653
0.1,2,fno,256,218,0.002526367164682597
0.1,2,fno,256,219,0.0025640932912938297
0.1,2,fno,256,220,0.002405123526696116
0.1,2,fno,256,221,0.002703345606569201
0.1,2,fno,256,222,0.002733927620574832
0.1,2,fno,256,223,0.002641916670836508
0.1,2,fno,256,224,0.002701126534957439
0.1,2,fno,256,225,0.0024909600196406246
0.1,2,fno,256,226,0.002528811367228627
0.1,2,fno,256,227,0.0027505134791135787
0.1,2,fno,256,228,0.0029034995287656783
0.1,2,fno,256,229,0.002664323691278696
0.1,2,fno,256,230,0.0027763732406310736
0.1,2,fno,256,231,0.0025784384412690996
0.1,2,fno,256,232,0.0025077072251588105
0.1,2,fno,256,233,0.0025851790560409427
0.1,2,fno,256,234,0.0024170647514984013
0.1,2,fno,256,235,0.002789368077646941
0.1,2,fno,256,236,0.002474780213087797
0.1,2,fno,256,237,0.002607051532249898
0.1,2,fno,256,238,0.002650989566463977
0.1,2,fno,256,239,0.0024386921571567656
0.1,2,fno,256,240,0.0021475587133318185
0.1,2,fno,256,241,0.001986324144527316
0.1,2,fno,256,242,0.001987543024588376
0.1,2,fno,256,243,0.0020473083248361947
0.1,2,fno,256,244,0.002055761751253158
0.1,2,fno,256,245,0.0020799398468807338
0.1,2,fno,256,246,0.0021013364708051085
0.1,2,fno,256,247,0.0019815074722282586
0.1,2,fno,256,248,0.002005950273014605
0.1,2,fno,256,249,0.0019880007253959774
0.1,2,fno,256,250,0.0020069887931458653
0.1,2,fno,256,251,0.0019940632930956783
0.1,2,fno,256,252,0.0019957893760874867
0.1,2,fno,256,253,0.001923393472097814
0.1,2,fno,256,254,0.0021047278726473453
0.1,2,fno,256,255,0.0019342260831035673
0.1,2,fno,256,256,0.0019887451198883355
0.1,2,fno,256,257,0.0020592082012444736
0.1,2,fno,256,258,0.0021339629939757286
0.1,2,fno,256,259,0.0020682094618678093
0.1,2,fno,256,260,0.002053669064771384
0.1,2,fno,256,261,0.0019118766812607647
0.1,2,fno,256,262,0.0018891827785409987
0.1,2,fno,256,263,0.002000323459506035
0.1,2,fno,256,264,0.0019486440275795758
0.1,2,fno,256,265,0.0019989373837597667
0.1,2,fno,256,266,0.0020057725440710784
0.1,2,fno,256,267,0.0020141860144212843
0.1,2,fno,256,268,0.0022334524965845048
0.1,2,fno,256,269,0.0019423149852082133
0.1,2,fno,256,270,0.001982978293672204
0.1,2,fno,256,271,0.0019736859085969626
0.1,2,fno,256,272,0.0019820416206493973
0.1,2,fno,256,273,0.0020302221644669773
0.1,2,fno,256,274,0.001966465152800083
0.1,2,fno,256,275,0.0019301712955348193
0.1,2,fno,256,276,0.002100159232504666
0.1,2,fno,256,277,0.0020101791596971452
0.1,2,fno,256,278,0.002157443461474031
0.1,2,fno,256,279,0.002047515951562673
0.1,2,fno,256,280,0.0019442889862693847
0.1,2,fno,256,281,0.0019965222803875805
0.1,2,fno,256,282,0.0019557664333842693
0.1,2,fno,256,283,0.0020422149496152997
0.1,2,fno,256,284,0.0019822609494440256
0.1,2,fno,256,285,0.0019860113109461965
0.1,2,fno,256,286,0.002002449198625982
0.1,2,fno,256,287,0.002014769297093153
0.1,2,fno,256,288,0.001906867662910372
0.1,2,fno,256,289,0.002065512037370354
0.1,2,fno,256,290,0.0020041300565935673
0.1,2,fno,256,291,0.0021076600067317488
0.1,2,fno,256,292,0.0019639067817479373
0.1,2,fno,256,293,0.001914214687421918
0.1,2,fno,256,294,0.0021277758688665925
0.1,2,fno,256,295,0.0020112317730672656
0.1,2,fno,256,296,0.0019092846987769007
0.1,2,fno,256,297,0.0019332438288256525
0.1,2,fno,256,298,0.0018651236337609589
0.1,2,fno,256,299,0.0019219435728155077
0.03,0,fno,64,0,0.5750632721185684
0.03,0,fno,64,1,0.18417903572320937
0.03,0,fno,64,2,0.10865219444036484
0.03,0,fno,64,3,0.07536817319691182
0.03,0,fno,64,4,0.05806902766227722
0.03,0,fno,64,5,0.051283664777874945
0.03,0,fno,64,6,0.0445921291410923
0.03,0,fno,64,7,0.04048572111874819
0.03,0,fno,64,8,0.036125180087983606
0.03,0,fno,64,9,0.03357378575950861
0.03,0,fno,64,10,0.03979968965053558
0.03,0,fno,64,11,0.034821979142725466
0.03,0,fno,64,12,0.028436771519482137
0.03,0,fno,64,13,0.031953267082571984
0.03,0,fno,64,14,0.026491928584873675
0.03,0,fno,64,15,0.029068789891898632
0.03,0,fno,64,16,0.0292945409193635
0.03,0,fno,64,17,0.023637891747057438
0.03,0,fno,64,18,0.02534434251487255
0.03,0,fno,64,19,0.02628471501171589
0.03,0,fno,64,20,0.021756950803101062
0.03,0,fno,64,21,0.0216578771173954
0.03,0,fno,64,22,0.027438794150948524
0.03,0,fno,64,23,0.022268165089190006
0.03,0,fno,64,24,0.022160274665802716
0.03,0,fno,64,25,0.01953849470242858
0.03,0,fno,64,26,0.024263647757470606
0.03,0,fno,64,27,0.021880179457366467
0.03,0,fno,64,28,0.02287201527506113
0.03,0,fno,64,29,0.02034646609798074
0.03,0,fno,64,30,0.021546442974358797
0.03,0,fno,64,31,0.022803416959941387
0.03,0,fno,64,32,0.022750816754996777
0.03,0,fno,64,33,0.020845991391688586
0.03,0,fno,64,34,0.023833640739321708
0.03,0,fno,64,35,0.018395334891974927
0.03,0,fno,64,36,0.019812669325619935
0.03,0,fno,64,37,0.018412385154515504
0.03,0,fno,64,38,0.018694092500954867
0.03,0,fno,64,39,0.0184382576495409
0.03,0,fno,64,40,0.022084591295570135
0.03,0,fno,64,41,0.02019228370860219
0.03,0,fno,64,42,0.018495346419513226
0.03,0,fno,64,43,0.02139743933454156
0.03,0,fno,64,44,0.018370778039097785
0.03,0,fno,64,45,0.018100410960614682
0.03,0,fno,64,46,0.018131294548511506
0.03,0,fno,64,47,0.017673040591180324
0.03,0,fno,64,48,0.01742853494361043
0.03,0,fno,64,49,0.019130583144724368
0.03,0,fno,64,50,0.016828132010996342
0.03,0,fno,64,51,0.019231016654521225
0.03,0,fno,64,52,0.01803453728556633
0.03,0,fno,64,53,0.019300314746797085
0.03,0,fno,64,54,0.01771835085004568
0.03,0,fno,64,55,0.018142410293221473
0.03,0,fno,64,56,0.01964749800041318
0.03,0,fno,64,57,0.017631276100873946
0.03,0,fno,64,58,0.015874120704829693
0.03,0,fno,64,59,0.01797771865502
0.03,0,fno,64,60,0.013523751683533192
0.03,0,fno,64,61,0.012842310257256032
0.03,0,fno,64,62,0.012137624798342586
0.03,0,fno,64,63,0.01025036048144102
0.03,0,fno,64,64,0.010189023539423943
0.03,0,fno,64,65,0.011726636663079262
0.03,0,fno,64,66,0.011257225014269352
0.03,0,fno,64,67,0.01201922545209527
0.03,0,fno,64,68,0.011665233690291644
0.03,0,fno,64,69,0.011106835696846246
0.03,0,fno,64,70,0.010005679186433554
0.03,0,fno,64,71,0.010926377316936851
0.03,0,fno,64,72,0.011325878873467445
0.03,0,fno,64,73,0.00976228004321456
0.03,0,fno,64,74,0.009755809316411615
0.03,0,fno,64,75,0.009632238419726491
0.03,0,fno,64,76,0.011093820407986642
0.03,0,fno,64,77,0.010661759916692971
0.03,0,fno,64,78,0.010871530957520009
0.03,0,fno,64,79,0.010415793787688017
0.03,0,fno,64,80,0.010683355797082185
0.03,0,fno,64,81,0.010576452743262053
0.03,0,fno,64,82,0.009668626794591547
0.03,0,fno,64,83,0.010296290591359138
0.03,0,fno,64,84,0.010584086775779725
0.03,0,fno,64,85,0.009648144170641899
0.03,0,fno,64,86,0.01085193051956594
0.03,0,fno,64,87,0.011455993093550205
0.03,0,fno,64,88,0.011687729861587287
0.03,0,fno,64,89,0.010718606300652028
0.03,0,fno,64,90,0.01272904514335096
0.03,0,fno,64,91,0.011146848211064935
0.03,0,fno,64,92,0.010078737372532487
0.03,0,fno,64,93,0.010699295364320278
0.03,0,fno,64,94,0.01041593711823225
0.03,0,fno,64,95,0.011399208474904299
0.03,0,fno,64,96,0.010519870202988385
0.03,0,fno,64,97,0.011260923072695732
0.03,0,fno,64,98,0.011795931030064821
0.03,0,fno,64,99,0.010519899586215615
0.03,0,fno,64,100,0.01077563714236021
0.03,0,fno,64,101,0.009543587947264313
0.03,0,fno,64,102,0.009745803233236074
0.03,0,fno,64,103,0.009775611404329539
0.03,0,fno,64,104,0.009962131939828396
0.03,0,fno,64,105,0.01088363970629871
0.03,0,fno,64,106,0.0099947374407202
0.03,0,fno,64,107,0.010164038371294737
0.03,0,fno,64,108,0.010697127459570766
0.03,0,fno,64,109,0.010584006989374757
0.03,0,fno,64,110,0.013142318073660135
0.03,0,fno,64,111,0.011853423062711954
0.03,0,fno,64,112,0.01105076052248478
0.03,0,fno,64,113,0.011405027024447918
0.03,0,fno,64,114,0.010306690586730838
0.03,0,fno,64,115,0.009877478564158082
0.03,0,fno,64,116,0.009696846976876259
0.03,0,fno,64,117,0.009383062869310378
0.03,0,fno,64,118,0.009564818339422345
0.03,0,fno,64,119,0.011393017815425992
0.03,0,fno,64,120,0.007866940274834634
0.03,0,fno,64,121,0.007673993026837706
0.03,0,fno,64,122,0.006827991036698222
0.03,0,fno,64,123,0.006776561280712485
0.03,0,fno,64,124,0.006675740070641041
0.03,0,fno,64,125,0.00704234785400331
0.03,0,fno,64,126,0.006826900476589799
0.03,0,fno,64,127,0.006421309178695083
0.03,0,fno,64,128,0.006547988960519433
0.03,0,fno,64,129,0.007125383485108614
0.03,0,fno,64,130,0.006553630121052265
0.03,0,fno,64,131,0.006358804032206535
0.03,0,fno,64,132,0.006694135861471296
0.03,0,fno,64,133,0.006424773279577494
0.03,0,fno,64,134,0.006677458239719272
0.03,0,fno,64,135,0.00652991040609777
0.03,0,fno,64,136,0.006525502791628241
0.03,0,fno,64,137,0.006745407758280635
0.03,0,fno,64,138,0.006600049836561084
0.03,0,fno,64,139,0.006704498333856463
0.03,0,fno,64,140,0.006710139391943812
0.03,0,fno,64,141,0.007376248091459274
0.03,0,fno,64,142,0.007399750864133239
0.03,0,fno,64,143,0.007181635573506356
0.03,0,fno,64,144,0.006729525970295072
0.03,0,fno,64,145,0.006418544286862016
0.03,0,fno,64,146,0.006626045266166329
0.03,0,fno,64,147,0.006620214078575373
0.03,0,fno,64,148,0.006776097752153873
0.03,0,fno,64,149,0.00617998119443655
0.03,0,fno,64,150,0.0063894372247159485
0.03,0,fno,64,151,0.005979431066662073
0.03,0,fno,64,152,0.006661138543859124
0.03,0,fno,64,153,0.006731853522360325
0.03,0,fno,64,154,0.006691290317103266
0.03,0,fno,64,155,0.007207748526707291
0.03,0,fno,64,156,0.006833715727552771
0.03,0,fno,64,157,0.00661068175919354
0.03,0,fno,64,158,0.0067952689528465275
0.03,0,fno,64,159,0.006807175604626537
0.03,0,fno,64,160,0.006451152721419931
0.03,0,fno,64,161,0.006750032808631659
0.03,0,fno,64,162,0.007022315626963973
0.03,0,fno,64,163,0.006860779896378517
0.03,0,fno,64,164,0.007087670303881168
0.03,0,fno,64,165,0.007068798299878836
0.03,0,fno,64,166,0.006285625891759992
0.03,0,fno,64,167,0.007981223277747631
0.03,0,fno,64,168,0.006310088243335486
0.03,0,fno,64,169,0.0066559355799108745
0.03,0,fno,64,170,0.0058988080639392135
0.03,0,fno,64,171,0.005903373397886753
0.03,0,fno,64,172,0.006685427492484451
0.03,0,fno,64,173,0.0062739967647939925
0.03,0,fno,64,174,0.006316839102655649
0.03,0,fno,64,175,0.006762526221573353
0.03,0,fno,64,176,0.006481798514723778
0.03,0,fno,64,177,0.006707863742485642
0.03,0,fno,64,178,0.006262472253292799
0.03,0,fno,64,179,0.00611419826745987
0.03,0,fno,64,180,0.005479674423113466
0.03,0,fno,64,181,0.00528887283988297
0.03,0,fno,64,182,0.005380715914070606
0.03,0,fno,64,183,0.005216588438488543
0.03,0,fno,64,184,0.005725671802647412
0.03,0,fno,64,185,0.004924003155902028
0.03,0,fno,64,186,0.005095378342084587
0.03,0,fno,64,187,0.004982405412010849
0.03,0,fno,64,188,0.004864041986875236
0.03,0,fno,64,189,0.0048376929294317965
0.03,0,fno,64,190,0.005121009121648967
0.03,0,fno,64,191,0.004876739527098835
0.03,0,fno,64,192,0.0049291177280247215
0.03,0,fno,64,193,0.0049967645574361085
0.03,0,fno,64,194,0.005100177684798837
0.03,0,fno,64,195,0.005110115837305784
0.03,0,fno,64,196,0.005350355608388781
0.03,0,fno,64,197,0.0047925356542691585
0.03,0,fno,64,198,0.004995697680860758
0.03,0,fno,64,199,0.004881641557440162
0.03,0,fno,64,200,0.0049719449505209925
0.03,0,fno,64,201,0.005249175298959016
0.03,0,fno,64,202,0.004685070929117501
0.03,0,fno,64,203,0.004770169458352029
0.03,0,fno,64,204,0.005174187272787094
0.03,0,fno,64,205,0.004890091824345291
0.03,0,fno,64,206,0.005068648527376354
0.03,0,fno,64,207,0.004912113873288036
0.03,0,fno,64,208,0.004803898287937045
0.03,0,fno,64,209,0.005058770291507244
0.03,0,fno,64,210,0.004766930993646383
0.03,0,fno,64,211,0.005180977424606681
0.03,0,fno,64,212,0.00481539751868695
0.03,0,fno,64,213,0.0051100274734199045
0.03,0,fno,64,214,0.0051435034349560736
0.03,0,fno,64,215,0.005036237239837646
0.03,0,fno,64,216,0.004760356303304434
0.03,0,fno,64,217,0.0051333727687597275
0.03,0,fno,64,218,0.004867790532298386
0.03,0,fno,64,219,0.004950084481388331
0.03,0,fno,64,220,0.004782944028265774
0.03,0,fno,64,221,0.005099827582016587
0.03,0,fno,64,222,0.004777905428782105
0.03,0,fno,64,223,0.004654063461348414
0.03,0,fno,64,224,0.004695301586762071
0.03,0,fno,64,225,0.005093065956607461
0.03,0,fno,64,226,0.005101843513548374
0.03,0,fno,64,227,0.004757456663064659
0.03,0,fno,64,228,0.004940349031239748
0.03,0,fno,64,229,0.004989842991344631
0.03,0,fno,64,230,0.004683735533617437
0.03,0,fno,64,231,0.004740666463039816
0.03,0,fno,64,232,0.0048146802606061105
0.03,0,fno,64,233,0.005238997507840395
0.03,0,fno,64,234,0.004729436682537198
0.03,0,fno,64,235,0.004831228456459939
0.03,0,fno,64,236,0.005256839254871011
0.03,0,fno,64,237,0.00523193842265755
0.03,0,fno,64,238,0.004736178810708225
0.03,0,fno,64,239,0.00506589378695935
0.03,0,fno,64,240,0.004320082268677652
0.03,0,fno,64,241,0.004143086122348904
0.03,0,fno,64,242,0.0041199203161522745
0.03,0,fno,64,243,0.004111870145425201
0.03,0,fno,64,244,0.004291850230656564
0.03,0,fno,64,245,0.004131152257323265
0.03,0,fno,64,246,0.004035903559997678
0.03,0,fno,64,247,0.004235426988452673
0.03,0,fno,64,248,0.004144398653879762
0.03,0,fno,64,249,0.0041067746514454485
0.03,0,fno,64,250,0.004027270153164864
0.03,0,fno,64,251,0.004112756927497685
0.03,0,fno,64,252,0.004280140269547701
0.03,0,fno,64,253,0.004070396684110165
0.03,0,fno,64,254,0.004020885457284748
0.03,0,fno,64,255,0.004050843520089984
0.03,0,fno,64,256,0.0040759153757244345
0.03,0,fno,64,257,0.0040596284344792365
0.03,0,fno,64,258,0.004001582134515047
0.03,0,fno,64,259,0.003968640677630902
0.03,0,fno,64,260,0.004369510519318283
0.03,0,fno,64,261,0.0040044688805937765
0.03,0,fno,64,262,0.004026506515219808
0.03,0,fno,64,263,0.004129305197857321
0.03,0,fno,64,264,0.004142636465840042
0.03,0,fno,64,265,0.004155277395620942
0.03,0,fno,64,266,0.004062974792905152
0.03,0,fno,64,267,0.004123995895497501
0.03,0,fno,64,268,0.0040599633427336815
0.03,0,fno,64,269,0.004088851511478424
0.03,0,fno,64,270,0.004153989576734602
0.03,0,fno,64,271,0.004189690514467656
0.03,0,fno,64,272,0.00403851839248091
0.03,0,fno,64,273,0.004082788145169615
0.03,0,fno,64,274,0.004206998236477375
0.03,0,fno,64,275,0.003997197207063437
0.03,0,fno,64,276,0.0039881479367613795
0.03,0,fno,64,277,0.003986622337251901
0.03,0,fno,64,278,0.0039363322919234636
0.03,0,fno,64,279,0.003962286929599941
0.03,0,fno,64,280,0.0038913000747561456
0.03,0,fno,64,281,0.004099042303860188
0.03,0,fno,64,282,0.003941153665073216
0.03,0,fno,64,283,0.003967152805998921
0.03,0,fno,64,284,0.003939363560639322
0.03,0,fno,64,285,0.003916189721785486
0.03,0,fno,64,286,0.003939186339266598
0.03,0,fno,64,287,0.0038893946027383206
0.03,0,fno,64,288,0.004015390728600323
0.03,0,fno,64,289,0.004097259761765599
0.03,0,fno,64,290,0.003944447804242373
0.03,0,fno,64,291,0.0040813325997442005
0.03,0,fno,64,292,0.004182752943597734
0.03,0,fno,64,293,0.004072348000481725
0.03,0,fno,64,294,0.003914714837446809
0.03,0,fno,64,295,0.003982570581138134
0.03,0,fno,64,296,0.004098540544509888
0.03,0,fno,64,297,0.00393375322688371
0.03,0,fno,64,298,0.0038663386553525925
0.03,0,fno,64,299,0.003935743062756955
0.03,0,cnn,64,0,0.5286498036980629
0.03,0,cnn,64,1,0.19523631364107133
0.03,0,cnn,64,2,0.1312850086390972
0.03,0,cnn,64,3,0.11649517819285393
0.03,0,cnn,64,4,0.10337723985314369
0.03,0,cnn,64,5,0.09552520081400871
0.03,0,cnn,64,6,0.07901568807661534
0.03,0,cnn,64,7,0.07257230713963508
0.03,0,cnn,64,8,0.0719734364748001
0.03,0,cnn,64,9,0.0684747839719057
0.03,0,cnn,64,10,0.06162272550165653
0.03,0,cnn,64,11,0.05319126009941101
0.03,0,cnn,64,12,0.06749071754515171
0.03,0,cnn,64,13,0.0587945269048214
0.03,0,cnn,64,14,0.056988081410527226
0.03,0,cnn,64,15,0.048677815198898314
0.03,0,cnn,64,16,0.05372205451130867
0.03,0,cnn,64,17,0.04871686957776546
0.03,0,cnn,64,18,0.038780538365244865
0.03,0,cnn,64,19,0.046726827546954154
0.03,0,cnn,64,20,0.040878321528434756
0.03,0,cnn,64,21,0.03889125250279903
0.03,0,cnn,64,22,0.040239123925566674
0.03,0,cnn,64,23,0.043124405071139335
0.03,0,cnn,64,24,0.034620866514742374
0.03,0,cnn,64,25,0.04300877969712019
0.03,0,cnn,64,26,0.04210299104452133
0.03,0,cnn,64,27,0.049343956485390666
0.03,0,cnn,64,28,0.04345134757459164
0.03,0,cnn,64,29,0.03379079479724169
0.03,0,cnn,64,30,0.030943917706608773
0.03,0,cnn,64,31,0.03001577913761139
0.03,0,cnn,64,32,0.03876511041074991
0.03,0,cnn,64,33,0.03882363647222519
0.03,0,cnn,64,34,0.0360065795853734
0.03,0,cnn,64,35,0.03618489500135183
0.03,0,cnn,64,36,0.033734180554747584
0.03,0,cnn,64,37,0.03643240213394165
0.03,0,cnn,64,38,0.03757167357951403
0.03,0,cnn,64,39,0.03209658272564411
0.03,0,cnn,64,40,0.04186944108456373
0.03,0,cnn,64,41,0.031304447427392
0.03,0,cnn,64,42,0.03245051067322493
0.03,0,cnn,64,43,0.027785954773426057
0.03,0,cnn,64,44,0.03234309822320938
0.03,0,cnn,64,45,0.037680924646556375
0.03,0,cnn,64,46,0.031061915084719657
0.03,0,cnn,64,47,0.03172614812850952
0.03,0,cnn,64,48,0.02976736072450876
0.03,0,cnn,64,49,0.03176412705332041
0.03,0,cnn,64,50,0.03405115082859993
0.03,0,cnn,64,51,0.035152340307831764
0.03,0,cnn,64,52,0.029539891220629215
0.03,0,cnn,64,53,0.03031857006251812
0.03,0,cnn,64,54,0.02606782056391239
0.03,0,cnn,64,55,0.031584982872009275
0.03,0,cnn,64,56,0.033273101598024366
0.03,0,cnn,64,57,0.03620920579880476
0.03,0,cnn,64,58,0.032048197910189626
0.03,0,cnn,64,59,0.03026211742311716
0.03,0,cnn,64,60,0.019934206921607255
0.03,0,cnn,64,61,0.0152821577899158
0.03,0,cnn,64,62,0.0177083445712924
0.03,0,cnn,64,63,0.0173576882109046
0.03,0,cnn,64,64,0.014850408863276243
0.03,0,cnn,64,65,0.01875921580940485
0.03,0,cnn,64,66,0.017552720773965122
0.03,0,cnn,64,67,0.01725364029407501
0.03,0,cnn,64,68,0.020092524066567422
0.03,0,cnn,64,69,0.01689218930900097
0.03,0,cnn,64,70,0.016497049629688263
0.03,0,cnn,64,71,0.016110267601907254
0.03,0,cnn,64,72,0.016813694760203363
0.03,0,cnn,64,73,0.01943146124482155
0.03,0,cnn,64,74,0.019723029248416422
0.03,0,cnn,64,75,0.01723548851907253
0.03,0,cnn,64,76,0.01935101831331849
0.03,0,cnn,64,77,0.01839412935078144
0.03,0,cnn,64,78,0.016496686507016422
0.03,0,cnn,64,79,0.016749427411705254
0.03,0,cnn,64,80,0.017244369145482778
0.03,0,cnn,64,81,0.017751800809055567
0.03,0,cnn,64,82,0.018688061982393266
0.03,0,cnn,64,83,0.014357676040381193
0.03,0,cnn,64,84,0.01484807848930359
0.03,0,cnn,64,85,0.022648902367800473
0.03,0,cnn,64,86,0.01862354638054967
0.03,0,cnn,64,87,0.01993031982332468
0.03,0,cnn,64,88,0.019237736184149982
0.03,0,cnn,64,89,0.019648133665323256
0.03,0,cnn,64,90,0.0188211003318429
0.03,0,cnn,64,91,0.015881604067981243
0.03,0,cnn,64,92,0.017350967209786176
0.03,0,cnn,64,93,0.016043452192097903
0.03,0,cnn,64,94,0.017330145444720984
0.03,0,cnn,64,95,0.016396464183926582
0.03,0,cnn,64,96,0.01652958892285824
0.03,0,cnn,64,97,0.014635494500398636
0.03,0,cnn,64,98,0.01834754802286625
0.03,0,cnn,64,99,0.01478010419756174
0.03,0,cnn,64,100,0.013994282148778438
0.03,0,cnn,64,101,0.016960870642215013
0.03,0,cnn,64,102,0.01576179275289178
0.03,0,cnn,64,103,0.013581820763647556
0.03,0,cnn,64,104,0.013540983460843562
0.03,0,cnn,64,105,0.015380827486515045
0.03,0,cnn,64,106,0.01962121920660138
0.03,0,cnn,64,107,0.018164876718074083
0.03,0,cnn,64,108,0.018208689205348492
0.03,0,cnn,64,109,0.02025194380432367
0.03,0,cnn,64,110,0.01705688638612628
0.03,0,cnn,64,111,0.01826518915593624
0.03,0,cnn,64,112,0.014581623766571284
0.03,0,cnn,64,113,0.013292649108916522
0.03,0,cnn,64,114,0.01701777122914791
0.03,0,cnn,64,115,0.014278514860197902
0.03,0,cnn,64,116,0.019604556392878295
0.03,0,cnn,64,117,0.014342322703450918
0.03,0,cnn,64,118,0.014177137929946184
0.03,0,cnn,64,119,0.014237405173480511
0.03,0,cnn,64,120,0.010917668379843235
0.03,0,cnn,64,121,0.009304919419810176
0.03,0,cnn,64,122,0.010294022895395756
0.03,0,cnn,64,123,0.009951584748923778
0.03,0,cnn,64,124,0.010033538583666086
0.03,0,cnn,64,125,0.009449764098972082
0.03,0,cnn,64,126,0.010400935905054212
0.03,0,cnn,64,127,0.009736555516719819
0.03,0,cnn,64,128,0.009897102573886514
0.03,0,cnn,64,129,0.00947056376375258
0.03,0,cnn,64,130,0.010381462899968028
0.03,0,cnn,64,131,0.009907515151426197
0.03,0,cnn,64,132,0.009731240272521972
0.03,0,cnn,64,133,0.009129001628607511
0.03,0,cnn,64,134,0.011273789219558239
0.03,0,cnn,64,135,0.009059418849647045
0.03,0,cnn,64,136,0.010956980986520648
0.03,0,cnn,64,137,0.012409603204578162
0.03,0,cnn,64,138,0.009295076718553901
0.03,0,cnn,64,139,0.009456939920783043
0.03,0,cnn,64,140,0.010220689279958606
0.03,0,cnn,64,141,0.009013354368507863
0.03,0,cnn,64,142,0.009407034870237111
0.03,0,cnn,64,143,0.010326983463019133
0.03,0,cnn,64,144,0.009309427980333566
0.03,0,cnn,64,145,0.00845104457810521
0.03,0,cnn,64,146,0.010103689832612872
0.03,0,cnn,64,147,0.012099815560504793
0.03,0,cnn,64,148,0.00881509811617434
0.03,0,cnn,64,149,0.008260924108326436
0.03,0,cnn,64,150,0.009353988459333778
0.03,0,cnn,64,151,0.011068432731553913
0.03,0,cnn,64,152,0.010456133773550392
0.03,0,cnn,64,153,0.009665605686604977
0.03,0,cnn,64,154,0.008365872474387288
0.03,0,cnn,64,155,0.009777017701417208
0.03,0,cnn,64,156,0.009885615399107338
0.03,0,cnn,64,157,0.010096902716904879
0.03,0,cnn,64,158,0.009331566775217652
0.03,0,cnn,64,159,0.008727511931210756
0.03,0,cnn,64,160,0.009623041059821844
0.03,0,cnn,64,161,0.008844160046428441
0.03,0,cnn,64,162,0.008900491883978248
0.03,0,cnn,64,163,0.008607166595757007
0.03,0,cnn,64,164,0.008535084705799818
0.03,0,cnn,64,165,0.010479548340663314
0.03,0,cnn,64,166,0.01191821850836277
0.03,0,cnn,64,167,0.01324477331712842
0.03,0,cnn,64,168,0.00972112700343132
0.03,0,cnn,64,169,0.00878421762958169
0.03,0,cnn,64,170,0.009598713461309671
0.03,0,cnn,64,171,0.00852698938921094
0.03,0,cnn,64,172,0.011009254902601242
0.03,0,cnn,64,173,0.008800162291154266
0.03,0,cnn,64,174,0.009374690223485232
0.03,0,cnn,64,175,0.010016052238643169
0.03,0,cnn,64,176,0.00833187528885901
0.03,0,cnn,64,177,0.00898769280873239
0.03,0,cnn,64,178,0.010693222424015403
0.03,0,cnn,64,179,0.00890923964791
0.03,0,cnn,64,180,0.006872625229880214
0.03,0,cnn,64,181,0.006233761114999652
0.03,0,cnn,64,182,0.006349394787102938
0.03,0,cnn,64,183,0.007960733538493515
0.03,0,cnn,64,184,0.006908243801444769
0.03,0,cnn,64,185,0.006308671711012721
0.03,0,cnn,64,186,0.006787063255906105
0.03,0,cnn,64,187,0.006025822227820754
0.03,0,cnn,64,188,0.00622450202703476
0.03,0,cnn,64,189,0.006108794109895826
0.03,0,cnn,64,190,0.006749431742355228
0.03,0,cnn,64,191,0.006843133000656963
0.03,0,cnn,64,192,0.007053978787735104
0.03,0,cnn,64,193,0.007314095012843609
0.03,0,cnn,64,194,0.006242923624813557
0.03,0,cnn,64,195,0.0061279855389148
0.03,0,cnn,64,196,0.0065147122927010056
0.03,0,cnn,64,197,0.006890981299802661
0.03,0,cnn,64,198,0.006766344252973795
0.03,0,cnn,64,199,0.006639430401846767
0.03,0,cnn,64,200,0.0061003197636455295
0.03,0,cnn,64,201,0.0063057476561516525
0.03,0,cnn,64,202,0.0065664868429303165
0.03,0,cnn,64,203,0.006089967787265778
0.03,0,cnn,64,204,0.00649930777028203
0.03,0,cnn,64,205,0.00612351493909955
0.03,0,cnn,64,206,0.006288513038307428
0.03,0,cnn,64,207,0.006512493854388595
0.03,0,cnn,64,208,0.006382019584998488
0.03,0,cnn,64,209,0.0069837183970958
0.03,0,cnn,64,210,0.006725942566990852
0.03,0,cnn,64,211,0.005987296588718891
0.03,0,cnn,64,212,0.006973870862275362
0.03,0,cnn,64,213,0.006607161220163107
0.03,0,cnn,64,214,0.006308705927804113
0.03,0,cnn,64,215,0.006443867376074195
0.03,0,cnn,64,216,0.006629390325397253
0.03,0,cnn,64,217,0.0074391629174351695
0.03,0,cnn,64,218,0.006182369636371731
0.03,0,cnn,64,219,0.006638242369517684
0.03,0,cnn,64,220,0.006611698372289539
0.03,0,cnn,64,221,0.006423190878704191
0.03,0,cnn,64,222,0.007374149998649954
0.03,0,cnn,64,223,0.006103374380618334
0.03,0,cnn,64,224,0.006012198459357024
0.03,0,cnn,64,225,0.006431745300069451
0.03,0,cnn,64,226,0.00602857162244618
0.03,0,cnn,64,227,0.005998772084712983
0.03,0,cnn,64,228,0.006723895017057657
0.03,0,cnn,64,229,0.0060438944958150385
0.03,0,cnn,64,230,0.006256391070783138
0.03,0,cnn,64,231,0.0071118093188852075
0.03,0,cnn,64,232,0.0056824735458940265
0.03,0,cnn,64,233,0.007320000566542148
0.03,0,cnn,64,234,0.005856509609147906
0.03,0,cnn,64,235,0.0058218711335211995
0.03,0,cnn,64,236,0.008872888125479221
0.03,0,cnn,64,237,0.006627362500876188
0.03,0,cnn,64,238,0.005836263680830598
0.03,0,cnn,64,239,0.006570191811770201
0.03,0,cnn,64,240,0.005234836162999273
0.03,0,cnn,64,241,0.004903566213324666
0.03,0,cnn,64,242,0.004974694726988673
0.03,0,cnn,64,243,0.005042736418545246
0.03,0,cnn,64,244,0.005007400223985314
0.03,0,cnn,64,245,0.00486418729647994
0.03,0,cnn,64,246,0.004901439137756825
0.03,0,cnn,64,247,0.005063140979036689
0.03,0,cnn,64,248,0.005124014681205154
0.03,0,cnn,64,249,0.005015961690805853
0.03,0,cnn,64,250,0.004992357701994478
0.03,0,cnn,64,251,0.004810718493536115
0.03,0,cnn,64,252,0.005018117092549801
0.03,0,cnn,64,253,0.00528884245082736
0.03,0,cnn,64,254,0.005051105855964124
0.03,0,cnn,64,255,0.00557202311232686
0.03,0,cnn,64,256,0.005532911149784923
0.03,0,cnn,64,257,0.004967547534033656
0.03,0,cnn,64,258,0.005105731827206909
0.03,0,cnn,64,259,0.005017401869408787
0.03,0,cnn,64,260,0.0050763992452993985
0.03,0,cnn,64,261,0.004932282902300358
0.03,0,cnn,64,262,0.004955163588747382
0.03,0,cnn,64,263,0.005006708865985274
0.03,0,cnn,64,264,0.005021786708384752
0.03,0,cnn,64,265,0.004854278429411352
0.03,0,cnn,64,266,0.0050259260134771465
0.03,0,cnn,64,267,0.0056387300603091715
0.03,0,cnn,64,268,0.005390818323940038
0.03,0,cnn,64,269,0.0052407165197655555
0.03,0,cnn,64,270,0.004912712844088674
0.03,0,cnn,64,271,0.005146451992914081
0.03,0,cnn,64,272,0.004822607552632689
0.03,0,cnn,64,273,0.005178165514953434
0.03,0,cnn,64,274,0.005243749967776239
0.03,0,cnn,64,275,0.0049090666882693765
0.03,0,cnn,64,276,0.004827832607552409
0.03,0,cnn,64,277,0.004718766179867089
0.03,0,cnn,64,278,0.004760477291420102
0.03,0,cnn,64,279,0.0049925685953348875
0.03,0,cnn,64,280,0.005083398902788758
0.03,0,cnn,64,281,0.004833521461114288
0.03,0,cnn,64,282,0.004854199858382344
0.03,0,cnn,64,283,0.004895287663675845
0.03,0,cnn,64,284,0.004945604847744107
0.03,0,cnn,64,285,0.0048339534597471355
0.03,0,cnn,64,286,0.005131027852185071
0.03,0,cnn,64,287,0.004895634558051825
0.03,0,cnn,64,288,0.004718745755963027
0.03,0,cnn,64,289,0.004682647422887385
0.03,0,cnn,64,290,0.004634483344852924
0.03,0,cnn,64,291,0.00461933174636215
0.03,0,cnn,64,292,0.004814090016297996
0.03,0,cnn,64,293,0.004842248954810202
0.03,0,cnn,64,294,0.005052585201337933
0.03,0,cnn,64,295,0.005004921397194266
0.03,0,cnn,64,296,0.00517910017631948
0.03,0,cnn,64,297,0.0051084410678595305
0.03,0,cnn,64,298,0.005010061799548566
0.03,0,cnn,64,299,0.005023740534670651
0.03,0,fno,256,0,0.5749534487724304
0.03,0,fno,256,1,0.1838720288872719
0.03,0,fno,256,2,0.10796918630599976
0.03,0,fno,256,3,0.07472381874918937
0.03,0,fno,256,4,0.06093949563801289
0.03,0,fno,256,5,0.04895883895456791
0.03,0,fno,256,6,0.044499208703637126
0.03,0,fno,256,7,0.039666005298495295
0.03,0,fno,256,8,0.03819742076098919
0.03,0,fno,256,9,0.03346109975129366
0.03,0,fno,256,10,0.03445290397852659
0.03,0,fno,256,11,0.032365556694567206
0.03,0,fno,256,12,0.03110869653522968
0.03,0,fno,256,13,0.029110824018716813
0.03,0,fno,256,14,0.026520460806787015
0.03,0,fno,256,15,0.028192626088857652
0.03,0,fno,256,16,0.02484421517699957
0.03,0,fno,256,17,0.02551635429263115
0.03,0,fno,256,18,0.024005609788000582
0.03,0,fno,256,19,0.025386349521577357
0.03,0,fno,256,20,0.02558502733707428
0.03,0,fno,256,21,0.02654717519879341
0.03,0,fno,256,22,0.022487937919795514
0.03,0,fno,256,23,0.023063306603580712
0.03,0,fno,256,24,0.023401984851807354
0.03,0,fno,256,25,0.02544971415773034
0.03,0,fno,256,26,0.025792196188122035
0.03,0,fno,256,27,0.0248545079305768
0.03,0,fno,256,28,0.022173735722899438
0.03,0,fno,256,29,0.019929722994565965
0.03,0,fno,256,30,0.02270953670144081
0.03,0,fno,256,31,0.02087811501696706
0.03,0,fno,256,32,0.022262391559779646
0.03,0,fno,256,33,0.022739186063408853
0.03,0,fno,256,34,0.02145167926326394
0.03,0,fno,256,35,0.021710584703832865
0.03,0,fno,256,36,0.022545431181788443
0.03,0,fno,256,37,0.020862961653620005
0.03,0,fno,256,38,0.020953335538506507
0.03,0,fno,256,39,0.019898204021155833
0.03,0,fno,256,40,0.01954550975933671
0.03,0,fno,256,41,0.017063719388097524
0.03,0,fno,256,42,0.019287711437791587
0.03,0,fno,256,43,0.021403143890202047
0.03,0,fno,256,44,0.02224998952820897
0.03,0,fno,256,45,0.018864539954811334
0.03,0,fno,256,46,0.017033091448247432
0.03,0,fno,256,47,0.02045726077631116
0.03,0,fno,256,48,0.020760890264064073
0.03,0,fno,256,49,0.01798496076837182
0.03,0,fno,256,50,0.01441504918038845
0.03,0,fno,256,51,0.01903704622760415
0.03,0,fno,256,52,0.017916180789470673
0.03,0,fno,256,53,0.019352944418787956
0.03,0,fno,256,54,0.016295205280184747
0.03,0,fno,256,55,0.01838163262233138
0.03,0,fno,256,56,0.019998197592794895
0.03,0,fno,256,57,0.018366845864802597
0.03,0,fno,256,58,0.01782041000202298
0.03,0,fno,256,59,0.019434040877968073
0.03,0,fno,256,60,0.012298954073339701
0.03,0,fno,256,61,0.011070092339068652
0.03,0,fno,256,62,0.010919055230915546
0.03,0,fno,256,63,0.01000383828766644
0.03,0,fno,256,64,0.010523168742656708
0.03,0,fno,256,65,0.010929231811314822
0.03,0,fno,256,66,0.010365966130048037
0.03,0,fno,256,67,0.010561631647869945
0.03,0,fno,256,68,0.010950904544442893
0.03,0,fno,256,69,0.010957674458622932
0.03,0,fno,256,70,0.010620784759521485
0.03,0,fno,256,71,0.010753597971051932
0.03,0,fno,256,72,0.012538871262222528
0.03,0,fno,256,73,0.010006789229810237
0.03,0,fno,256,74,0.010167447784915566
0.03,0,fno,256,75,0.011593365110456944
0.03,0,fno,256,76,0.010673677120357751
0.03,0,fno,256,77,0.011091421321034432
0.03,0,fno,256,78,0.010664474284276367
0.03,0,fno,256,79,0.010585380084812641
0.03,0,fno,256,80,0.01071804279461503
0.03,0,fno,256,81,0.011992606725543737
0.03,0,fno,256,82,0.011537841316312551
0.03,0,fno,256,83,0.011626017633825541
0.03,0,fno,256,84,0.011560258530080319
0.03,0,fno,256,85,0.01002168446779251
0.03,0,fno,256,86,0.011312427185475826
0.03,0,fno,256,87,0.01056353371590376
0.03,0,fno,256,88,0.00991711689159274
0.03,0,fno,256,89,0.011411647275090218
0.03,0,fno,256,90,0.010668836086988449
0.03,0,fno,256,91,0.0109171511977911
0.03,0,fno,256,92,0.010813316740095615
0.03,0,fno,256,93,0.011088168509304523
0.03,0,fno,256,94,0.010564843621104957
0.03,0,fno,256,95,0.011738680759444833
0.03,0,fno,256,96,0.01056632394902408
0.03,0,fno,256,97,0.009791421573609113
0.03,0,fno,256,98,0.011074717342853545
0.03,0,fno,256,99,0.009797985292971134
0.03,0,fno,256,100,0.010634977128356695
0.03,0,fno,256,101,0.010399072375148534
0.03,0,fno,256,102,0.010319649521261454
0.03,0,fno,256,103,0.009656465938314795
0.03,0,fno,256,104,0.009713590145111084
0.03,0,fno,256,105,0.009729899261146783
0.03,0,fno,256,106,0.009742126259952784
0.03,0,fno,256,107,0.010423179846256972
0.03,0,fno,256,108,0.0127967444434762
0.03,0,fno,256,109,0.01152416955679655
0.03,0,fno,256,110,0.011428308710455894
0.03,0,fno,256,111,0.010399282919242978
0.03,0,fno,256,112,0.011030714502558112
0.03,0,fno,256,113,0.011853401064872742
0.03,0,fno,256,114,0.011211512479931116
0.03,0,fno,256,115,0.008956385254859924
0.03,0,fno,256,116,0.009484909074380994
0.03,0,fno,256,117,0.01140987449325621
0.03,0,fno,256,118,0.01079506715759635
0.03,0,fno,256,119,0.010531273987144232
0.03,0,fno,256,120,0.007572139874100685
0.03,0,fno,256,121,0.006990579552948475
0.03,0,fno,256,122,0.007021406767889858
0.03,0,fno,256,123,0.006928709596395493
0.03,0,fno,256,124,0.006702456437051296
0.03,0,fno,256,125,0.006888883169740439
0.03,0,fno,256,126,0.007115581445395947
0.03,0,fno,256,127,0.006743396306410432
0.03,0,fno,256,128,0.006662112949416041
0.03,0,fno,256,129,0.007439972767606377
0.03,0,fno,256,130,0.006874861670657992
0.03,0,fno,256,131,0.00667164252139628
0.03,0,fno,256,132,0.0069861815590411425
0.03,0,fno,256,133,0.006986291557550431
0.03,0,fno,256,134,0.006511512203142047
0.03,0,fno,256,135,0.006336188809946179
0.03,0,fno,256,136,0.006536884708330035
0.03,0,fno,256,137,0.0072442568000406025
0.03,0,fno,256,138,0.006768161132931709
0.03,0,fno,256,139,0.007064477996900678
0.03,0,fno,256,140,0.006838731905445456
0.03,0,fno,256,141,0.007155013391748071
0.03,0,fno,256,142,0.007610219772905111
0.03,0,fno,256,143,0.007652704939246178
0.03,0,fno,256,144,0.006648001410067082
0.03,0,fno,256,145,0.006427258783951402
0.03,0,fno,256,146,0.006932880664244294
0.03,0,fno,256,147,0.006854645079001785
0.03,0,fno,256,148,0.0066524363122880455
0.03,0,fno,256,149,0.006415703147649765
0.03,0,fno,256,150,0.0067926200199872255
0.03,0,fno,256,151,0.0065206302888691425
0.03,0,fno,256,152,0.006411777026951313
0.03,0,fno,256,153,0.0063413016684353354
0.03,0,fno,256,154,0.00659105877391994
0.03,0,fno,256,155,0.007069956148043275
0.03,0,fno,256,156,0.006967788748443127
0.03,0,fno,256,157,0.00648806381970644
0.03,0,fno,256,158,0.006312285345047713
0.03,0,fno,256,159,0.007544941566884518
0.03,0,fno,256,160,0.007163690757006407
0.03,0,fno,256,161,0.00645437965169549
0.03,0,fno,256,162,0.007225808873772621
0.03,0,fno,256,163,0.00688633531332016
0.03,0,fno,256,164,0.006972967209294439
0.03,0,fno,256,165,0.007069648467004299
0.03,0,fno,256,166,0.006341478349640966
0.03,0,fno,256,167,0.0066286320332437755
0.03,0,fno,256,168,0.006501232152804732
0.03,0,fno,256,169,0.006046198662370443
0.03,0,fno,256,170,0.006192604508250952
0.03,0,fno,256,171,0.006298630144447088
0.03,0,fno,256,172,0.007110335379838944
0.03,0,fno,256,173,0.006927994545549154
0.03,0,fno,256,174,0.00640750558115542
0.03,0,fno,256,175,0.007489857235923409
0.03,0,fno,256,176,0.006539313262328506
0.03,0,fno,256,177,0.00658118118532002
0.03,0,fno,256,178,0.006992346728220582
0.03,0,fno,256,179,0.006835650866851211
0.03,0,fno,256,180,0.005529108140617609
0.03,0,fno,256,181,0.0052921102195978165
0.03,0,fno,256,182,0.005193895809352398
0.03,0,fno,256,183,0.005013063168153167
0.03,0,fno,256,184,0.005277466787956655
0.03,0,fno,256,185,0.0050146524049341674
0.03,0,fno,256,186,0.005063008037395776
0.03,0,fno,256,187,0.005176758067682386
0.03,0,fno,256,188,0.004902933645062149
0.03,0,fno,256,189,0.005199011224322021
0.03,0,fno,256,190,0.005279929800890386
0.03,0,fno,256,191,0.0050146435759961605
0.03,0,fno,256,192,0.005023388653062284
0.03,0,fno,256,193,0.005100531224161387
0.03,0,fno,256,194,0.004992525717243552
0.03,0,fno,256,195,0.005092887175269425
0.03,0,fno,256,196,0.005070380135439336
0.03,0,fno,256,197,0.005299839801155031
0.03,0,fno,256,198,0.005266353124752641
0.03,0,fno,256,199,0.005078088100999594
0.03,0,fno,256,200,0.004954421920701862
0.03,0,fno,256,201,0.005174932256340981
0.03,0,fno,256,202,0.004915498667396605
0.03,0,fno,256,203,0.004827708676457405
0.03,0,fno,256,204,0.004821474421769381
0.03,0,fno,256,205,0.005178437689319253
0.03,0,fno,256,206,0.004875995269976556
0.03,0,fno,256,207,0.005057082893326879
0.03,0,fno,256,208,0.005116936583071947
0.03,0,fno,256,209,0.004926359402015805
0.03,0,fno,256,210,0.004713189876638353
0.03,0,fno,256,211,0.004870772082358599
0.03,0,fno,256,212,0.004881892683915794
0.03,0,fno,256,213,0.004882318587042391
0.03,0,fno,256,214,0.005213945019058883
0.03,0,fno,256,215,0.00508380651473999
0.03,0,fno,256,216,0.004934231359511614
0.03,0,fno,256,217,0.005326820118352771
0.03,0,fno,256,218,0.005096129821613431
0.03,0,fno,256,219,0.0047774091176688675
0.03,0,fno,256,220,0.004717121887952089
0.03,0,fno,256,221,0.004757422776892781
0.03,0,fno,256,222,0.005137889180332422
0.03,0,fno,256,223,0.004931739564053714
0.03,0,fno,256,224,0.005010188263840973
0.03,0,fno,256,225,0.004924088721163571
0.03,0,fno,256,226,0.005143135841935873
0.03,0,fno,256,227,0.004988393583334983
0.03,0,fno,256,228,0.005014280476607382
0.03,0,fno,256,229,0.004979937206953764
0.03,0,fno,256,230,0.004726165272295475
0.03,0,fno,256,231,0.004961497848853469
0.03,0,fno,256,232,0.005302039794623852
0.03,0,fno,256,233,0.005161083582788706
0.03,0,fno,256,234,0.005010067042894662
0.03,0,fno,256,235,0.004674054887145757
0.03,0,fno,256,236,0.0051209492376074195
0.03,0,fno,256,237,0.005153929190710187
0.03,0,fno,256,238,0.004965219926089048
0.03,0,fno,256,239,0.004820603099651635
0.03,0,fno,256,240,0.004357282496057451
0.03,0,fno,256,241,0.0043407123070210215
0.03,0,fno,256,242,0.004283267739228904
0.03,0,fno,256,243,0.0043284673104062674
0.03,0,fno,256,244,0.004374008956365288
0.03,0,fno,256,245,0.00422181336209178
0.03,0,fno,256,246,0.004156537717208266
0.03,0,fno,256,247,0.004265915541909635
0.03,0,fno,256,248,0.0043033133354038
0.03,0,fno,256,249,0.004213470350950956
0.03,0,fno,256,250,0.00416069851256907
0.03,0,fno,256,251,0.004205688945949078
0.03,0,fno,256,252,0.004430535724386573
0.03,0,fno,256,253,0.004224334149621427
0.03,0,fno,256,254,0.004180501755326986
0.03,0,fno,256,255,0.0041957561485469344
0.03,0,fno,256,256,0.004244926758110524
0.03,0,fno,256,257,0.004157065870240331
0.03,0,fno,256,258,0.00426329046022147
0.03,0,fno,256,259,0.004123351480811835
0.03,0,fno,256,260,0.0044056693697348236
0.03,0,fno,256,261,0.0042627210495993495
0.03,0,fno,256,262,0.0041962603898718955
0.03,0,fno,256,263,0.004217763813212514
0.03,0,fno,256,264,0.0043379542371258135
0.03,0,fno,256,265,0.004345991052687168
0.03,0,fno,256,266,0.004142055381089449
0.03,0,fno,256,267,0.004193133586086333
0.03,0,fno,256,268,0.004275150103494525
0.03,0,fno,256,269,0.004295918736606836
0.03,0,fno,256,270,0.004187406268902123
0.03,0,fno,256,271,0.004132002438418567
0.03,0,fno,256,272,0.004121383689343929
0.03,0,fno,256,273,0.004166552559472621
0.03,0,fno,256,274,0.004150943071581423
0.03,0,fno,256,275,0.0041286952933296565
0.03,0,fno,256,276,0.0041522473562508825
0.03,0,fno,256,277,0.004141983613371849
0.03,0,fno,256,278,0.00413179621566087
0.03,0,fno,256,279,0.0041883900202810765
0.03,0,fno,256,280,0.004073371682316065
0.03,0,fno,256,281,0.004175287811085582
0.03,0,fno,256,282,0.004124526930972934
0.03,0,fno,256,283,0.00411351827904582
0.03,0,fno,256,284,0.004184826109558344
0.03,0,fno,256,285,0.004069767948240041
0.03,0,fno,256,286,0.004023727234452963
0.03,0,fno,256,287,0.004009026070125401
0.03,0,fno,256,288,0.004137769639492035
0.03,0,fno,256,289,0.004230018747039139
0.03,0,fno,256,290,0.004179783086292446
0.03,0,fno,256,291,0.004098429889418185
0.03,0,fno,256,292,0.00413952253293246
0.03,0,fno,256,293,0.004032252812758088
0.03,0,fno,256,294,0.004040460661053657
0.03,0,fno,256,295,0.0041239490592852234
0.03,0,fno,256,296,0.004174209092743695
0.03,0,fno,256,297,0.004150829310528934
0.03,0,fno,256,298,0.0040318240551278
0.03,0,fno,256,299,0.0040806206874549385
0.03,1,fno,64,0,0.6033513790369034
0.03,1,fno,64,1,0.21646414816379547
0.03,1,fno,64,2,0.12777167767286302
0.03,1,fno,64,3,0.0905361184477806
0.03,1,fno,64,4,0.07053416080772877
0.03,1,fno,64,5,0.0618465942889452
0.03,1,fno,64,6,0.0523696269840002
0.03,1,fno,64,7,0.04804293259978294
0.03,1,fno,64,8,0.04697885375469923
0.03,1,fno,64,9,0.04203355494886637
0.03,1,fno,64,10,0.041820524260401726
0.03,1,fno,64,11,0.03983337797224522
0.03,1,fno,64,12,0.03635644942522049
0.03,1,fno,64,13,0.03753420438617468
0.03,1,fno,64,14,0.031497427821159364
0.03,1,fno,64,15,0.034856076426804064
0.03,1,fno,64,16,0.03183868635445833
0.03,1,fno,64,17,0.03061451029032469
0.03,1,fno,64,18,0.03072371769696474
0.03,1,fno,64,19,0.027219528146088124
0.03,1,fno,64,20,0.02684617545455694
0.03,1,fno,64,21,0.02664489958435297
0.03,1,fno,64,22,0.027080754563212395
0.03,1,fno,64,23,0.02750395443290472
0.03,1,fno,64,24,0.02280763829126954
0.03,1,fno,64,25,0.026560772247612476
0.03,1,fno,64,26,0.025384578444063662
0.03,1,fno,64,27,0.027547511197626592
0.03,1,fno,64,28,0.025902520641684534
0.03,1,fno,64,29,0.024611593149602415
0.03,1,fno,64,30,0.025614019818603992
0.03,1,fno,64,31,0.021365998554974796
0.03,1,fno,64,32,0.0210822244361043
0.03,1,fno,64,33,0.024584006294608118
0.03,1,fno,64,34,0.02322383737191558
0.03,1,fno,64,35,0.02423743862658739
0.03,1,fno,64,36,0.02166659714654088
0.03,1,fno,64,37,0.021349863260984422
0.03,1,fno,64,38,0.02200399888679385
0.03,1,fno,64,39,0.021322547905147076
0.03,1,fno,64,40,0.023119779732078315
0.03,1,fno,64,41,0.024461472891271114
0.03,1,fno,64,42,0.019990268126130105
0.03,1,fno,64,43,0.0229357772693038
0.03,1,fno,64,44,0.023310482073575257
0.03,1,fno,64,45,0.024425924029201268
0.03,1,fno,64,46,0.021542647499591113
0.03,1,fno,64,47,0.02307231515645981
0.03,1,fno,64,48,0.021742290016263724
0.03,1,fno,64,49,0.01928030276671052
0.03,1,fno,64,50,0.02197102066129446
0.03,1,fno,64,51,0.018617039248347282
0.03,1,fno,64,52,0.02073656678199768
0.03,1,fno,64,53,0.019635126534849404
0.03,1,fno,64,54,0.01944325812160969
0.03,1,fno,64,55,0.01966700566932559
0.03,1,fno,64,56,0.018149551022797823
0.03,1,fno,64,57,0.021456507723778485
0.03,1,fno,64,58,0.022912457883358002
0.03,1,fno,64,59,0.02079621208831668
0.03,1,fno,64,60,0.013308140374720097
0.03,1,fno,64,61,0.013204142935574054
0.03,1,fno,64,62,0.011963097918778658
0.03,1,fno,64,63,0.012765645533800125
0.03,1,fno,64,64,0.01152456521987915
0.03,1,fno,64,65,0.011430402975529433
0.03,1,fno,64,66,0.01299218064174056
0.03,1,fno,64,67,0.011366850771009922
0.03,1,fno,64,68,0.012572915237396955
0.03,1,fno,64,69,0.013018155246973038
0.03,1,fno,64,70,0.013153031021356582
0.03,1,fno,64,71,0.013833591472357512
0.03,1,fno,64,72,0.011477120481431484
0.03,1,fno,64,73,0.0117412194237113
0.03,1,fno,64,74,0.012554814293980598
0.03,1,fno,64,75,0.010847431439906359
0.03,1,fno,64,76,0.012277831919491292
0.03,1,fno,64,77,0.012639462407678366
0.03,1,fno,64,78,0.012313481401652098
0.03,1,fno,64,79,0.013690736945718526
0.03,1,fno,64,80,0.01413432277739048
0.03,1,fno,64,81,0.013240048605948686
0.03,1,fno,64,82,0.012322336230427026
0.03,1,fno,64,83,0.012353212554007769
0.03,1,fno,64,84,0.01128227161243558
0.03,1,fno,64,85,0.01252918278798461
0.03,1,fno,64,86,0.011118856146931649
0.03,1,fno,64,87,0.01239967068657279
0.03,1,fno,64,88,0.011747254710644483
0.03,1,fno,64,89,0.011796349305659532
0.03,1,fno,64,90,0.010996636934578419
0.03,1,fno,64,91,0.011353793311864138
0.03,1,fno,64,92,0.010983557589352131
0.03,1,fno,64,93,0.011825603097677231
0.03,1,fno,64,94,0.010482428232207894
0.03,1,fno,64,95,0.01080239301547408
0.03,1,fno,64,96,0.013137982310727239
0.03,1,fno,64,97,0.011503480384126305
0.03,1,fno,64,98,0.011690290523692965
0.03,1,fno,64,99,0.010622038505971432
0.03,1,fno,64,100,0.01022133274935186
0.03,1,fno,64,101,0.009904490765184164
0.03,1,fno,64,102,0.010753176454454661
0.03,1,fno,64,103,0.010954265668988227
0.03,1,fno,64,104,0.011041629193350673
0.03,1,fno,64,105,0.011710061337798833
0.03,1,fno,64,106,0.010391359142959118
0.03,1,fno,64,107,0.01081280766054988
0.03,1,fno,64,108,0.01080371554940939
0.03,1,fno,64,109,0.011871797125786543
0.03,1,fno,64,110,0.010620280159637332
0.03,1,fno,64,111,0.011245494857430458
0.03,1,fno,64,112,0.01118770862929523
0.03,1,fno,64,113,0.012876968737691641
0.03,1,fno,64,114,0.011828035302460193
0.03,1,fno,64,115,0.011073294095695019
0.03,1,fno,64,116,0.011396838650107384
0.03,1,fno,64,117,0.009873860348016024
0.03,1,fno,64,118,0.011485339887440205
0.03,1,fno,64,119,0.011393832098692656
0.03,1,fno,64,120,0.008589470526203513
0.03,1,fno,64,121,0.007243593838065863
0.03,1,fno,64,122,0.007215656731277704
0.03,1,fno,64,123,0.00758326674811542
0.03,1,fno,64,124,0.007362411813810468
0.03,1,fno,64,125,0.0075601603090763095
0.03,1,fno,64,126,0.007762414431199432
0.03,1,fno,64,127,0.0075015310384333135
0.03,1,fno,64,128,0.007463333979249
0.03,1,fno,64,129,0.0074754600878804926
0.03,1,fno,64,130,0.008183642979711294
0.03,1,fno,64,131,0.007559386985376477
0.03,1,fno,64,132,0.007905908524990082
0.03,1,fno,64,133,0.007720454903319478
0.03,1,fno,64,134,0.007958177318796516
0.03,1,fno,64,135,0.007483133943751454
0.03,1,fno,64,136,0.007503797793760896
0.03,1,fno,64,137,0.007744386214762926
0.03,1,fno,64,138,0.007849892852827906
0.03,1,fno,64,139,0.007455510152503848
0.03,1,fno,64,140,0.007714517200365662
0.03,1,fno,64,141,0.00715641668997705
0.03,1,fno,64,142,0.007484135637059808
0.03,1,fno,64,143,0.007775483019649983
0.03,1,fno,64,144,0.0077000406570732595
0.03,1,fno,64,145,0.007926507815718652
0.03,1,fno,64,146,0.007559955269098282
0.03,1,fno,64,147,0.007609950397163629
0.03,1,fno,64,148,0.007528204191476107
0.03,1,fno,64,149,0.007497088219970464
0.03,1,fno,64,150,0.007831768551841378
0.03,1,fno,64,151,0.007261650897562504
0.03,1,fno,64,152,0.007430115984752774
0.03,1,fno,64,153,0.007588543267920613
0.03,1,fno,64,154,0.007820841576904058
0.03,1,fno,64,155,0.007626322610303759
0.03,1,fno,64,156,0.007326598530635237
0.03,1,fno,64,157,0.007668161317706108
0.03,1,fno,64,158,0.007774344012141228
0.03,1,fno,64,159,0.007344876816496253
0.03,1,fno,64,160,0.007142880009487271
0.03,1,fno,64,161,0.007487443620339036
0.03,1,fno,64,162,0.007181761180981993
0.03,1,fno,64,163,0.007392113963142037
0.03,1,fno,64,164,0.00734825648367405
0.03,1,fno,64,165,0.007184452880173922
0.03,1,fno,64,166,0.007071470636874438
0.03,1,fno,64,167,0.007155248643830419
0.03,1,fno,64,168,0.007054092306643725
0.03,1,fno,64,169,0.007801799857988953
0.03,1,fno,64,170,0.007896884549409152
0.03,1,fno,64,171,0.007321970099583268
0.03,1,fno,64,172,0.0071077941916882995
0.03,1,fno,64,173,0.007724270448088646
0.03,1,fno,64,174,0.00677009922452271
0.03,1,fno,64,175,0.007261503031477332
0.03,1,fno,64,176,0.007130754794925451
0.03,1,fno,64,177,0.007255170689895749
0.03,1,fno,64,178,0.007293787300586701
0.03,1,fno,64,179,0.007275670478120447
0.03,1,fno,64,180,0.005773817971348762
0.03,1,fno,64,181,0.0056415371969342236
0.03,1,fno,64,182,0.005931567596271634
0.03,1,fno,64,183,0.0056024853326380256
0.03,1,fno,64,184,0.005549505176022648
0.03,1,fno,64,185,0.005772905377671123
0.03,1,fno,64,186,0.005697825690731406
0.03,1,fno,64,187,0.00575250563211739
0.03,1,fno,64,188,0.005865475032478571
0.03,1,fno,64,189,0.006047278493642807
0.03,1,fno,64,190,0.0055672935955226426
0.03,1,fno,64,191,0.00594759632833302
0.03,1,fno,64,192,0.005651910584419966
0.03,1,fno,64,193,0.005558679448440671
0.03,1,fno,64,194,0.005557442139834165
0.03,1,fno,64,195,0.005638485159724951
0.03,1,fno,64,196,0.005421187831088901
0.03,1,fno,64,197,0.005653855465352535
0.03,1,fno,64,198,0.005567939318716526
0.03,1,fno,64,199,0.005724193351343274
0.03,1,fno,64,200,0.005707681528292596
0.03,1,fno,64,201,0.005442560967057943
0.03,1,fno,64,202,0.005523712262511253
0.03,1,fno,64,203,0.005867987461388111
0.03,1,fno,64,204,0.005341319991275668
0.03,1,fno,64,205,0.00566907836124301
0.03,1,fno,64,206,0.005353949265554547
0.03,1,fno,64,207,0.005407865764573217
0.03,1,fno,64,208,0.005467945048585534
0.03,1,fno,64,209,0.00538714106194675
0.03,1,fno,64,210,0.0060224745096638796
0.03,1,fno,64,211,0.005526500139385462
0.03,1,fno,64,212,0.0053763429541140795
0.03,1,fno,64,213,0.005402969256974757
0.03,1,fno,64,214,0.005551959965378046
0.03,1,fno,64,215,0.005388376070186496
0.03,1,fno,64,216,0.005357558107934892
0.03,1,fno,64,217,0.005327932541258633
0.03,1,fno,64,218,0.00572221839800477
0.03,1,fno,64,219,0.00548408224247396
0.03,1,fno,64,220,0.005947488900274038
0.03,1,fno,64,221,0.005521904425695539
0.03,1,fno,64,222,0.0054845222178846595
0.03,1,fno,64,223,0.005875602713786066
0.03,1,fno,64,224,0.005275675570592284
0.03,1,fno,64,225,0.005489029148593545
0.03,1,fno,64,226,0.005114210955798626
0.03,1,fno,64,227,0.005555145544931293
0.03,1,fno,64,228,0.005238283202052116
0.03,1,fno,64,229,0.005249212114140391
0.03,1,fno,64,230,0.005067734085023403
0.03,1,fno,64,231,0.005476655066013336
0.03,1,fno,64,232,0.005329716084524989
0.03,1,fno,64,233,0.00523393445648253
0.03,1,fno,64,234,0.00525141361169517
0.03,1,fno,64,235,0.005264756218530238
0.03,1,fno,64,236,0.0053853603219613435
0.03,1,fno,64,237,0.005121610104106366
0.03,1,fno,64,238,0.005088563365861773
0.03,1,fno,64,239,0.0053566428925842045
0.03,1,fno,64,240,0.004697290286421776
0.03,1,fno,64,241,0.004680759655311704
0.03,1,fno,64,242,0.004736729054711759
0.03,1,fno,64,243,0.0048580601159483195
0.03,1,fno,64,244,0.004715461162850261
0.03,1,fno,64,245,0.004752094643190503
0.03,1,fno,64,246,0.004578154757618904
0.03,1,fno,64,247,0.004591591251082719
0.03,1,fno,64,248,0.004636609898880124
0.03,1,fno,64,249,0.004608684936538338
0.03,1,fno,64,250,0.0045369509374722835
0.03,1,fno,64,251,0.004693047357723117
0.03,1,fno,64,252,0.0045474133640527725
0.03,1,fno,64,253,0.004651246261782944
0.03,1,fno,64,254,0.004645343730226159
0.03,1,fno,64,255,0.004653597250580788
0.03,1,fno,64,256,0.004578852141276002
0.03,1,fno,64,257,0.004534298805519938
0.03,1,fno,64,258,0.004657732076011598
0.03,1,fno,64,259,0.0045464595127850775
0.03,1,fno,64,260,0.0046179314609617
0.03,1,fno,64,261,0.004560928009450436
0.03,1,fno,64,262,0.004551637289114297
0.03,1,fno,64,263,0.004565772153437137
0.03,1,fno,64,264,0.004647421301342547
0.03,1,fno,64,265,0.004550432190299034
0.03,1,fno,64,266,0.0045633100997656585
0.03,1,fno,64,267,0.004572776299901307
0.03,1,fno,64,268,0.004477082709781826
0.03,1,fno,64,269,0.004515074687078595
0.03,1,fno,64,270,0.004580222396180033
0.03,1,fno,64,271,0.004526026803068817
0.03,1,fno,64,272,0.004572333167307079
0.03,1,fno,64,273,0.004554832405410707
0.03,1,fno,64,274,0.00445492540486157
0.03,1,fno,64,275,0.0045647639641538265
0.03,1,fno,64,276,0.004479166883975268
0.03,1,fno,64,277,0.004397608740255236
0.03,1,fno,64,278,0.004454787052236497
0.03,1,fno,64,279,0.004395785382948816
0.03,1,fno,64,280,0.004537801374681294
0.03,1,fno,64,281,0.004519603620283305
0.03,1,fno,64,282,0.004513125359080732
0.03,1,fno,64,283,0.004426055368967354
0.03,1,fno,64,284,0.004459211882203817
0.03,1,fno,64,285,0.004481704998761415
0.03,1,fno,64,286,0.004444822077639401
0.03,1,fno,64,287,0.00455833459738642
0.03,1,fno,64,288,0.004392029801383614
0.03,1,fno,64,289,0.0044732919661328195
0.03,1,fno,64,290,0.004416829133406281
0.03,1,fno,64,291,0.00451223791576922
0.03,1,fno,64,292,0.00446755163371563
0.03,1,fno,64,293,0.00441322656814009
0.03,1,fno,64,294,0.004507367592304945
0.03,1,fno,64,295,0.004540976779535413
0.03,1,fno,64,296,0.004518726794049144
0.03,1,fno,64,297,0.004490933748893439
0.03,1,fno,64,298,0.004345124987885356
0.03,1,fno,64,299,0.00435514331329614
0.03,1,cnn,64,0,0.5434865474700927
0.03,1,cnn,64,1,0.20584292620420455
0.03,1,cnn,64,2,0.14621292814612388
0.03,1,cnn,64,3,0.10844130963087081
0.03,1,cnn,64,4,0.09646134555339814
0.03,1,cnn,64,5,0.08558150887489319
0.03,1,cnn,64,6,0.0787467347830534
0.03,1,cnn,64,7,0.06511995151638984
0.03,1,cnn,64,8,0.07056830503046513
0.03,1,cnn,64,9,0.06036485180258751
0.03,1,cnn,64,10,0.05934082470834255
0.03,1,cnn,64,11,0.05462642356753349
0.03,1,cnn,64,12,0.07424671240150929
0.03,1,cnn,64,13,0.05020712226629257
0.03,1,cnn,64,14,0.05832404397428036
0.03,1,cnn,64,15,0.04628260839730501
0.03,1,cnn,64,16,0.04826362404972315
0.03,1,cnn,64,17,0.04856532342731953
0.03,1,cnn,64,18,0.04313049618154764
0.03,1,cnn,64,19,0.039793676808476446
0.03,1,cnn,64,20,0.03893056217581034
0.03,1,cnn,64,21,0.044299148321151734
0.03,1,cnn,64,22,0.051354805454611775
0.03,1,cnn,64,23,0.033125734850764275
0.03,1,cnn,64,24,0.043395496420562264
0.03,1,cnn,64,25,0.04075884558260441
0.03,1,cnn,64,26,0.041133633255958556
0.03,1,cnn,64,27,0.03052552416920662
0.03,1,cnn,64,28,0.03540323693305254
0.03,1,cnn,64,29,0.02989827871322632
0.03,1,cnn,64,30,0.034245266020298
0.03,1,cnn,64,31,0.0389005359634757
0.03,1,cnn,64,32,0.034537091366946694
0.03,1,cnn,64,33,0.03484303865581751
0.03,1,cnn,64,34,0.03321804661303759
0.03,1,cnn,64,35,0.036069830507040025
0.03,1,cnn,64,36,0.025990463458001614
0.03,1,cnn,64,37,0.030198752284049987
0.03,1,cnn,64,38,0.03211838271468878
0.03,1,cnn,64,39,0.03370316118001938
0.03,1,cnn,64,40,0.033515400923788546
0.03,1,cnn,64,41,0.037068562470376494
0.03,1,cnn,64,42,0.04452252309769392
0.03,1,cnn,64,43,0.0334251756966114
0.03,1,cnn,64,44,0.027198543325066566
0.03,1,cnn,64,45,0.03671528331935406
0.03,1,cnn,64,46,0.033697784766554835
0.03,1,cnn,64,47,0.028713166154921053
0.03,1,cnn,64,48,0.033205485381186006
0.03,1,cnn,64,49,0.03490841545164585
0.03,1,cnn,64,50,0.027192619740962983
0.03,1,cnn,64,51,0.032061489187181
0.03,1,cnn,64,52,0.03262572523206472
0.03,1,cnn,64,53,0.02961058784276247
0.03,1,cnn,64,54,0.02750780126079917
0.03,1,cnn,64,55,0.031201451048254968
0.03,1,cnn,64,56,0.032902268059551716
0.03,1,cnn,64,57,0.026269033513963223
0.03,1,cnn,64,58,0.03212240748107433
0.03,1,cnn,64,59,0.02823777038604021
0.03,1,cnn,64,60,0.01747930595651269
0.03,1,cnn,64,61,0.015166580639779569
0.03,1,cnn,64,62,0.015455627031624317
0.03,1,cnn,64,63,0.01582155339419842
0.03,1,cnn,64,64,0.015859844665974378
0.03,1,cnn,64,65,0.016114763170480727
0.03,1,cnn,64,66,0.014735400322824716
0.03,1,cnn,64,67,0.015638169329613448
0.03,1,cnn,64,68,0.019947327505797148
0.03,1,cnn,64,69,0.018181408923119306
0.03,1,cnn,64,70,0.01673113014549017
0.03,1,cnn,64,71,0.013967464193701744
0.03,1,cnn,64,72,0.01639925079420209
0.03,1,cnn,64,73,0.013981064911931754
0.03,1,cnn,64,74,0.016891746055334805
0.03,1,cnn,64,75,0.020530856512486935
0.03,1,cnn,64,76,0.01497454471886158
0.03,1,cnn,64,77,0.016698826849460603
0.03,1,cnn,64,78,0.017189909741282462
0.03,1,cnn,64,79,0.01638515504077077
0.03,1,cnn,64,80,0.01649630144238472
0.03,1,cnn,64,81,0.01290506137534976
0.03,1,cnn,64,82,0.016365524735301732
0.03,1,cnn,64,83,0.016963733322918416
0.03,1,cnn,64,84,0.018688978645950555
0.03,1,cnn,64,85,0.01745585409924388
0.03,1,cnn,64,86,0.015100181382149459
0.03,1,cnn,64,87,0.014582652486860753
0.03,1,cnn,64,88,0.018127168491482736
0.03,1,cnn,64,89,0.013635404333472252
0.03,1,cnn,64,90,0.013888371512293815
0.03,1,cnn,64,91,0.01871258296072483
0.03,1,cnn,64,92,0.02060209484770894
0.03,1,cnn,64,93,0.014982418064028025
0.03,1,cnn,64,94,0.01947881544008851
0.03,1,cnn,64,95,0.014264812283217907
0.03,1,cnn,64,96,0.012880198890343308
0.03,1,cnn,64,97,0.018533489610999824
0.03,1,cnn,64,98,0.016184470038861035
0.03,1,cnn,64,99,0.015544429421424866
0.03,1,cnn,64,100,0.016559711080044507
0.03,1,cnn,64,101,0.015609839800745248
0.03,1,cnn,64,102,0.016584542151540517
0.03,1,cnn,64,103,0.014905888829380274
0.03,1,cnn,64,104,0.01621016511693597
0.03,1,cnn,64,105,0.014989924225956202
0.03,1,cnn,64,106,0.01591208290308714
0.03,1,cnn,64,107,0.016725705824792384
0.03,1,cnn,64,108,0.015128884688019753
0.03,1,cnn,64,109,0.013224527388811112
0.03,1,cnn,64,110,0.017509085163474082
0.03,1,cnn,64,111,0.012752417530864478
0.03,1,cnn,64,112,0.015735892187803982
0.03,1,cnn,64,113,0.016452715769410133
0.03,1,cnn,64,114,0.014738522917032242
0.03,1,cnn,64,115,0.015154272262006998
0.03,1,cnn,64,116,0.012984989173710347
0.03,1,cnn,64,117,0.01592418385669589
0.03,1,cnn,64,118,0.014860100243240595
0.03,1,cnn,64,119,0.015956514067947864
0.03,1,cnn,64,120,0.009318903731182217
0.03,1,cnn,64,121,0.009021313134580851
0.03,1,cnn,64,122,0.00908402942121029
0.03,1,cnn,64,123,0.00950284524820745
0.03,1,cnn,64,124,0.00992962441407144
0.03,1,cnn,64,125,0.008652642164379358
0.03,1,cnn,64,126,0.009023032849654555
0.03,1,cnn,64,127,0.00856601918116212
0.03,1,cnn,64,128,0.008595038875937462
0.03,1,cnn,64,129,0.009550527306273579
0.03,1,cnn,64,130,0.008535720612853766
0.03,1,cnn,64,131,0.010082234190776944
0.03,1,cnn,64,132,0.010809310469776392
0.03,1,cnn,64,133,0.010802298737689852
0.03,1,cnn,64,134,0.009965986348688602
0.03,1,cnn,64,135,0.009345796033740044
0.03,1,cnn,64,136,0.010011229673400521
0.03,1,cnn,64,137,0.009758847132325173
0.03,1,cnn,64,138,0.008931591855362058
0.03,1,cnn,64,139,0.010359952962026
0.03,1,cnn,64,140,0.008765151631087065
0.03,1,cnn,64,141,0.010660374043509365
0.03,1,cnn,64,142,0.00989122205413878
0.03,1,cnn,64,143,0.008960678428411483
0.03,1,cnn,64,144,0.00865310411900282
0.03,1,cnn,64,145,0.008423476498574018
0.03,1,cnn,64,146,0.008203585455194116
0.03,1,cnn,64,147,0.010376509744673967
0.03,1,cnn,64,148,0.008159412005916238
0.03,1,cnn,64,149,0.008266491247341037
0.03,1,cnn,64,150,0.008109942320734262
0.03,1,cnn,64,151,0.009575000619515777
0.03,1,cnn,64,152,0.011331552620977164
0.03,1,cnn,64,153,0.00866451826877892
0.03,1,cnn,64,154,0.009929634192958474
0.03,1,cnn,64,155,0.009595476360991596
0.03,1,cnn,64,156,0.00770237909629941
0.03,1,cnn,64,157,0.008937246799468994
0.03,1,cnn,64,158,0.010854833917692304
0.03,1,cnn,64,159,0.009599288636818528
0.03,1,cnn,64,160,0.008485748460516333
0.03,1,cnn,64,161,0.008506531566381455
0.03,1,cnn,64,162,0.00930998384952545
0.03,1,cnn,64,163,0.008268461748957633
0.03,1,cnn,64,164,0.008207566617056728
0.03,1,cnn,64,165,0.010181193649768829
0.03,1,cnn,64,166,0.008942215209826828
0.03,1,cnn,64,167,0.007711830018088221
0.03,1,cnn,64,168,0.009098150758072734
0.03,1,cnn,64,169,0.00978452553972602
0.03,1,cnn,64,170,0.008562281019985676
0.03,1,cnn,64,171,0.008942127851769328
0.03,1,cnn,64,172,0.009333311626687647
0.03,1,cnn,64,173,0.00867703446187079
0.03,1,cnn,64,174,0.007804017327725887
0.03,1,cnn,64,175,0.009149141358211637
0.03,1,cnn,64,176,0.007842337675392629
0.03,1,cnn,64,177,0.00924203966744244
0.03,1,cnn,64,178,0.00865784022025764
0.03,1,cnn,64,179,0.01128473504446447
0.03,1,cnn,64,180,0.0061295889969915154
0.03,1,cnn,64,181,0.005772916013374925
0.03,1,cnn,64,182,0.005921440310776234
0.03,1,cnn,64,183,0.006177205014973879
0.03,1,cnn,64,184,0.006757312025874853
0.03,1,cnn,64,185,0.00602074739523232
0.03,1,cnn,64,186,0.005986141143366695
0.03,1,cnn,64,187,0.005922138839960098
0.03,1,cnn,64,188,0.005708449948579073
0.03,1,cnn,64,189,0.005944333570078016
0.03,1,cnn,64,190,0.006329065710306167
0.03,1,cnn,64,191,0.00648117396980524
0.03,1,cnn,64,192,0.005692246137186885
0.03,1,cnn,64,193,0.005757327759638429
0.03,1,cnn,64,194,0.005984776448458433
0.03,1,cnn,64,195,0.005870247427374124
0.03,1,cnn,64,196,0.006251678382977843
0.03,1,cnn,64,197,0.006036990489810705
0.03,1,cnn,64,198,0.006106611834838987
0.03,1,cnn,64,199,0.006836979566141963
0.03,1,cnn,64,200,0.006544701373204589
0.03,1,cnn,64,201,0.006979035334661603
0.03,1,cnn,64,202,0.005938541134819389
0.03,1,cnn,64,203,0.005856135711073875
0.03,1,cnn,64,204,0.005832166457548737
0.03,1,cnn,64,205,0.005501976907253265
0.03,1,cnn,64,206,0.006373283034190535
0.03,1,cnn,64,207,0.006764358393847942
0.03,1,cnn,64,208,0.005570505885407329
0.03,1,cnn,64,209,0.005856871255673468
0.03,1,cnn,64,210,0.006424811882898212
0.03,1,cnn,64,211,0.006102107167243957
0.03,1,cnn,64,212,0.005593999670818448
0.03,1,cnn,64,213,0.00566335423849523
0.03,1,cnn,64,214,0.00617161825299263
0.03,1,cnn,64,215,0.005720633873715996
0.03,1,cnn,64,216,0.006157617662101984
0.03,1,cnn,64,217,0.005497608678415418
0.03,1,cnn,64,218,0.005802869824692607
0.03,1,cnn,64,219,0.0064401253871619706
0.03,1,cnn,64,220,0.0062219172529876235
0.03,1,cnn,64,221,0.006226767152547837
0.03,1,cnn,64,222,0.007105911066755653
0.03,1,cnn,64,223,0.0059122148994356395
0.03,1,cnn,64,224,0.005887228203937412
0.03,1,cnn,64,225,0.0066863155458122495
0.03,1,cnn,64,226,0.006544777089729905
0.03,1,cnn,64,227,0.006347360992804169
0.03,1,cnn,64,228,0.006238657170906663
0.03,1,cnn,64,229,0.005744369132444262
0.03,1,cnn,64,230,0.0057089504878968
0.03,1,cnn,64,231,0.006240860866382718
0.03,1,cnn,64,232,0.00662779213860631
0.03,1,cnn,64,233,0.005223790891468525
0.03,1,cnn,64,234,0.005867057023569941
0.03,1,cnn,64,235,0.006504112631082535
0.03,1,cnn,64,236,0.005652427468448878
0.03,1,cnn,64,237,0.00564610022585839
0.03,1,cnn,64,238,0.006083101686090231
0.03,1,cnn,64,239,0.005913400994613766
0.03,1,cnn,64,240,0.004840446701273322
0.03,1,cnn,64,241,0.004632175448350608
0.03,1,cnn,64,242,0.004522930635139346
0.03,1,cnn,64,243,0.004570133872330189
0.03,1,cnn,64,244,0.0046560751786455514
0.03,1,cnn,64,245,0.00453658674377948
0.03,1,cnn,64,246,0.004567066612653434
0.03,1,cnn,64,247,0.004946911372244358
0.03,1,cnn,64,248,0.004847750887274742
0.03,1,cnn,64,249,0.00470630094408989
0.03,1,cnn,64,250,0.0047490648413077
0.03,1,cnn,64,251,0.004720649980008602
0.03,1,cnn,64,252,0.004664421007037163
0.03,1,cnn,64,253,0.004807172855362296
0.03,1,cnn,64,254,0.004844504231587052
0.03,1,cnn,64,255,0.004631845350377262
0.03,1,cnn,64,256,0.004484864477999509
0.03,1,cnn,64,257,0.004487630603834987
0.03,1,cnn,64,258,0.00466004220303148
0.03,1,cnn,64,259,0.004385356493294239
0.03,1,cnn,64,260,0.004563416205346584
0.03,1,cnn,64,261,0.004553136769682169
0.03,1,cnn,64,262,0.004615305727347732
0.03,1,cnn,64,263,0.004367998004890978
0.03,1,cnn,64,264,0.004451671885326505
0.03,1,cnn,64,265,0.004384614774025976
0.03,1,cnn,64,266,0.005402832478284836
0.03,1,cnn,64,267,0.004522036057896912
0.03,1,cnn,64,268,0.005033821770921349
0.03,1,cnn,64,269,0.004671179559081793
0.03,1,cnn,64,270,0.004484861274249852
0.03,1,cnn,64,271,0.004999655350111425
0.03,1,cnn,64,272,0.004524578936398029
0.03,1,cnn,64,273,0.004718175861053169
0.03,1,cnn,64,274,0.004445667052641511
0.03,1,cnn,64,275,0.004380522333085537
0.03,1,cnn,64,276,0.004345159721560776
0.03,1,cnn,64,277,0.004450262733735144
0.03,1,cnn,64,278,0.004383731167763472
0.03,1,cnn,64,279,0.004736738400533795
0.03,1,cnn,64,280,0.004882903825491666
0.03,1,cnn,64,281,0.00441377982031554
0.03,1,cnn,64,282,0.004407624849118292
0.03,1,cnn,64,283,0.004638109528459608
0.03,1,cnn,64,284,0.004499375326558947
0.03,1,cnn,64,285,0.004442819412797689
0.03,1,cnn,64,286,0.00447398706804961
0.03,1,cnn,64,287,0.00443994790315628
0.03,1,cnn,64,288,0.004339757431298494
0.03,1,cnn,64,289,0.004875683160498738
0.03,1,cnn,64,290,0.004730708221904934
0.03,1,cnn,64,291,0.004900492359884084
0.03,1,cnn,64,292,0.004440888487733901
0.03,1,cnn,64,293,0.004348845821805298
0.03,1,cnn,64,294,0.004490518127568066
0.03,1,cnn,64,295,0.00432060154620558
0.03,1,cnn,64,296,0.005256467340514064
0.03,1,cnn,64,297,0.004510740153491497
0.03,1,cnn,64,298,0.004393448517657816
0.03,1,cnn,64,299,0.004872667388990521
0.03,1,fno,256,0,0.6032176166772842
0.03,1,fno,256,1,0.21637579560279846
0.03,1,fno,256,2,0.12714813649654388
0.03,1,fno,256,3,0.08971649929881095
0.03,1,fno,256,4,0.07367734104394913
0.03,1,fno,256,5,0.0645230184495449
0.03,1,fno,256,6,0.057392923012375835
0.03,1,fno,256,7,0.04574512749910355
0.03,1,fno,256,8,0.04488630726933479
0.03,1,fno,256,9,0.03975531302392483
0.03,1,fno,256,10,0.03707897622138262
0.03,1,fno,256,11,0.035979469455778595
0.03,1,fno,256,12,0.0348964711651206
0.03,1,fno,256,13,0.03700066972523928
0.03,1,fno,256,14,0.03228852909058332
0.03,1,fno,256,15,0.0347954098507762
0.03,1,fno,256,16,0.03289528604596853
0.03,1,fno,256,17,0.0316521817073226
0.03,1,fno,256,18,0.029396018609404564
0.03,1,fno,256,19,0.03208744071424007
0.03,1,fno,256,20,0.027923442013561724
0.03,1,fno,256,21,0.030125818811357022
0.03,1,fno,256,22,0.02889299038797617
0.03,1,fno,256,23,0.02745402690023184
0.03,1,fno,256,24,0.024332921002060175
0.03,1,fno,256,25,0.024188792407512663
0.03,1,fno,256,26,0.026742602437734603
0.03,1,fno,256,27,0.027546245343983172
0.03,1,fno,256,28,0.02698678456246853
0.03,1,fno,256,29,0.026337502114474772
0.03,1,fno,256,30,0.02392412643879652
0.03,1,fno,256,31,0.022225839346647264
0.03,1,fno,256,32,0.022147086970508097
0.03,1,fno,256,33,0.02486575795337558
0.03,1,fno,256,34,0.022827058024704458
0.03,1,fno,256,35,0.020463416893035172
0.03,1,fno,256,36,0.021777519211173057
0.03,1,fno,256,37,0.025713608115911484
0.03,1,fno,256,38,0.02348337780684233
0.03,1,fno,256,39,0.022027659378945828
0.03,1,fno,256,40,0.02138149373233318
0.03,1,fno,256,41,0.02294165587052703
0.03,1,fno,256,42,0.023214000426232815
0.03,1,fno,256,43,0.02190768202766776
0.03,1,fno,256,44,0.0221577569283545
0.03,1,fno,256,45,0.018597336113452913
0.03,1,fno,256,46,0.0245988554880023
0.03,1,fno,256,47,0.023323319554328918
0.03,1,fno,256,48,0.02307378238067031
0.03,1,fno,256,49,0.020421144850552082
0.03,1,fno,256,50,0.018921689949929713
0.03,1,fno,256,51,0.020861888993531464
0.03,1,fno,256,52,0.020928461607545613
0.03,1,fno,256,53,0.02011020317673683
0.03,1,fno,256,54,0.01990838484838605
0.03,1,fno,256,55,0.018230442870408297
0.03,1,fno,256,56,0.018556838165968658
0.03,1,fno,256,57,0.020759514570236205
0.03,1,fno,256,58,0.018983030561357736
0.03,1,fno,256,59,0.01784739037975669
0.03,1,fno,256,60,0.014269922859966755
0.03,1,fno,256,61,0.012701462265104055
0.03,1,fno,256,62,0.011662417650222778
0.03,1,fno,256,63,0.012891841996461153
0.03,1,fno,256,64,0.011717457808554172
0.03,1,fno,256,65,0.011459452221170069
0.03,1,fno,256,66,0.012244000565260649
0.03,1,fno,256,67,0.011397266294807196
0.03,1,fno,256,68,0.012734578307718038
0.03,1,fno,256,69,0.013463367316871882
0.03,1,fno,256,70,0.012385371197015048
0.03,1,fno,256,71,0.013484102673828602
0.03,1,fno,256,72,0.011344627486541867
0.03,1,fno,256,73,0.011548551181331277
0.03,1,fno,256,74,0.013096330016851425
0.03,1,fno,256,75,0.012318013980984688
0.03,1,fno,256,76,0.011689675264060497
0.03,1,fno,256,77,0.01186340325511992
0.03,1,fno,256,78,0.010976566905155779
0.03,1,fno,256,79,0.012317147962749004
0.03,1,fno,256,80,0.011123008690774441
0.03,1,fno,256,81,0.01106802921742201
0.03,1,fno,256,82,0.01296874362975359
0.03,1,fno,256,83,0.01600357227027416
0.03,1,fno,256,84,0.011885361708700658
0.03,1,fno,256,85,0.013308375477790832
0.03,1,fno,256,86,0.011056261602789164
0.03,1,fno,256,87,0.011686965525150299
0.03,1,fno,256,88,0.011075666770339013
0.03,1,fno,256,89,0.011715936455875636
0.03,1,fno,256,90,0.012181717604398727
0.03,1,fno,256,91,0.010754804546013474
0.03,1,fno,256,92,0.011965202260762453
0.03,1,fno,256,93,0.013871112093329429
0.03,1,fno,256,94,0.012570705637335778
0.03,1,fno,256,95,0.012461687121540308
0.03,1,fno,256,96,0.011592563884332776
0.03,1,fno,256,97,0.011099513452500105
0.03,1,fno,256,98,0.01320709578692913
0.03,1,fno,256,99,0.012093431130051614
0.03,1,fno,256,100,0.010514025511220097
0.03,1,fno,256,101,0.01014723353087902
0.03,1,fno,256,102,0.011310512442141771
0.03,1,fno,256,103,0.012392677217721939
0.03,1,fno,256,104,0.011354665011167527
0.03,1,fno,256,105,0.013587447982281446
0.03,1,fno,256,106,0.011319159334525465
0.03,1,fno,256,107,0.011069692857563495
0.03,1,fno,256,108,0.011125387735664844
0.03,1,fno,256,109,0.010850763730704784
0.03,1,fno,256,110,0.011271984167397022
0.03,1,fno,256,111,0.012320445217192173
0.03,1,fno,256,112,0.011251535192131996
0.03,1,fno,256,113,0.010665907505899668
0.03,1,fno,256,114,0.010891801379621029
0.03,1,fno,256,115,0.009789257757365704
0.03,1,fno,256,116,0.011147254556417465
0.03,1,fno,256,117,0.01018009719438851
0.03,1,fno,256,118,0.010266654947772623
0.03,1,fno,256,119,0.01108226764947176
0.03,1,fno,256,120,0.009138133116066456
0.03,1,fno,256,121,0.007691519297659397
0.03,1,fno,256,122,0.0073474891111254695
0.03,1,fno,256,123,0.007515410427004099
0.03,1,fno,256,124,0.007686059148982167
0.03,1,fno,256,125,0.00750003781169653
0.03,1,fno,256,126,0.008040779251605273
0.03,1,fno,256,127,0.007486388375982642
0.03,1,fno,256,128,0.007405324000865221
0.03,1,fno,256,129,0.007821775004267693
0.03,1,fno,256,130,0.008561201980337501
0.03,1,fno,256,131,0.008420617310330272
0.03,1,fno,256,132,0.008650689171627163
0.03,1,fno,256,133,0.00775354060344398
0.03,1,fno,256,134,0.007719028797000646
0.03,1,fno,256,135,0.007722393469884991
0.03,1,fno,256,136,0.007839065343141556
0.03,1,fno,256,137,0.007892448566854
0.03,1,fno,256,138,0.0077159666083753105
0.03,1,fno,256,139,0.007748908046633005
0.03,1,fno,256,140,0.007463329713791609
0.03,1,fno,256,141,0.00760291513055563
0.03,1,fno,256,142,0.008294326812028885
0.03,1,fno,256,143,0.007703971276059747
0.03,1,fno,256,144,0.007638084497302771
0.03,1,fno,256,145,0.008029535058885812
0.03,1,fno,256,146,0.0072181063797324896
0.03,1,fno,256,147,0.007510544387623668
0.03,1,fno,256,148,0.00730335783213377
0.03,1,fno,256,149,0.007288964064791799
0.03,1,fno,256,150,0.007679470907896757
0.03,1,fno,256,151,0.00733936270698905
0.03,1,fno,256,152,0.007006174763664603
0.03,1,fno,256,153,0.0071386142633855345
0.03,1,fno,256,154,0.00747513510286808
0.03,1,fno,256,155,0.007175610633566976
0.03,1,fno,256,156,0.0072727650310844185
0.03,1,fno,256,157,0.006992130726575852
0.03,1,fno,256,158,0.007063927901908755
0.03,1,fno,256,159,0.007523927055299282
0.03,1,fno,256,160,0.007494537075981498
0.03,1,fno,256,161,0.0070416051335632805
0.03,1,fno,256,162,0.007317982483655215
0.03,1,fno,256,163,0.007300680624321103
0.03,1,fno,256,164,0.0074488741904497145
0.03,1,fno,256,165,0.007507704868912697
0.03,1,fno,256,166,0.007511919066309929
0.03,1,fno,256,167,0.007908416045829654
0.03,1,fno,256,168,0.007236098563298583
0.03,1,fno,256,169,0.008177747335284948
0.03,1,fno,256,170,0.007653792602941394
0.03,1,fno,256,171,0.007367627117782831
0.03,1,fno,256,172,0.007088413061574102
0.03,1,fno,256,173,0.007757890997454524
0.03,1,fno,256,174,0.006584228137508035
0.03,1,fno,256,175,0.007148906541988254
0.03,1,fno,256,176,0.007020846204832196
0.03,1,fno,256,177,0.006894986312836408
0.03,1,fno,256,178,0.007758673951029777
0.03,1,fno,256,179,0.00755922332406044
0.03,1,fno,256,180,0.006016500759869814
0.03,1,fno,256,181,0.005667511923238635
0.03,1,fno,256,182,0.0058761044684797524
0.03,1,fno,256,183,0.005705253183841705
0.03,1,fno,256,184,0.005787129830569029
0.03,1,fno,256,185,0.005806491523981094
0.03,1,fno,256,186,0.005682419957593083
0.03,1,fno,256,187,0.0056648738216608764
0.03,1,fno,256,188,0.006027191719040275
0.03,1,fno,256,189,0.005995650133118033
0.03,1,fno,256,190,0.0055286755738779905
0.03,1,fno,256,191,0.005901147574186325
0.03,1,fno,256,192,0.005564921172335744
0.03,1,fno,256,193,0.005370328593999147
0.03,1,fno,256,194,0.0056538028456270695
0.03,1,fno,256,195,0.005851510800421238
0.03,1,fno,256,196,0.005485002202913165
0.03,1,fno,256,197,0.005519327707588673
0.03,1,fno,256,198,0.005532695790752769
0.03,1,fno,256,199,0.005525158978998661
0.03,1,fno,256,200,0.005754018626175821
0.03,1,fno,256,201,0.005441616578027606
0.03,1,fno,256,202,0.00552022063639015
0.03,1,fno,256,203,0.005807765061035752
0.03,1,fno,256,204,0.005583604946732521
0.03,1,fno,256,205,0.005618834411725402
0.03,1,fno,256,206,0.005448079770430923
0.03,1,fno,256,207,0.005341125829145313
0.03,1,fno,256,208,0.005443104347214103
0.03,1,fno,256,209,0.005595862506888807
0.03,1,fno,256,210,0.006153631377965212
0.03,1,fno,256,211,0.005597123624756933
0.03,1,fno,256,212,0.0053627151297405366
0.03,1,fno,256,213,0.005427265428006649
0.03,1,fno,256,214,0.0056338455341756345
0.03,1,fno,256,215,0.005592337101697922
0.03,1,fno,256,216,0.0054123672610148785
0.03,1,fno,256,217,0.005460015404969454
0.03,1,fno,256,218,0.005704606333747506
0.03,1,fno,256,219,0.00565574157051742
0.03,1,fno,256,220,0.005512104374356568
0.03,1,fno,256,221,0.005536004845052958
0.03,1,fno,256,222,0.0054880335740745065
0.03,1,fno,256,223,0.005552673218771815
0.03,1,fno,256,224,0.005246584108099341
0.03,1,fno,256,225,0.005369490487501025
0.03,1,fno,256,226,0.0052516355505213145
0.03,1,fno,256,227,0.005579028874635696
0.03,1,fno,256,228,0.00524061010684818
0.03,1,fno,256,229,0.005237986240535975
0.03,1,fno,256,230,0.005357426041737199
0.03,1,fno,256,231,0.005150311351753771
0.03,1,fno,256,232,0.005274780541658402
0.03,1,fno,256,233,0.005549844009801745
0.03,1,fno,256,234,0.0055191702209413055
0.03,1,fno,256,235,0.00538336574099958
0.03,1,fno,256,236,0.005497863781638444
0.03,1,fno,256,237,0.005291261607781052
0.03,1,fno,256,238,0.005274191442877055
0.03,1,fno,256,239,0.00544794000685215
0.03,1,fno,256,240,0.004712615376338363
0.03,1,fno,256,241,0.004683040464296937
0.03,1,fno,256,242,0.004905720571987331
0.03,1,fno,256,243,0.004839276988059282
0.03,1,fno,256,244,0.004716361872851849
0.03,1,fno,256,245,0.004738078177906573
0.03,1,fno,256,246,0.004671274055726826
0.03,1,fno,256,247,0.004772788267582655
0.03,1,fno,256,248,0.004702362339012325
0.03,1,fno,256,249,0.00465017294511199
0.03,1,fno,256,250,0.004626594339497387
0.03,1,fno,256,251,0.00471184765920043
0.03,1,fno,256,252,0.004634734205901623
0.03,1,fno,256,253,0.004713393719866872
0.03,1,fno,256,254,0.00473069915547967
0.03,1,fno,256,255,0.004724910790100694
0.03,1,fno,256,256,0.004650639989413321
0.03,1,fno,256,257,0.004648669613525272
0.03,1,fno,256,258,0.0047782623209059235
0.03,1,fno,256,259,0.004617013218812645
0.03,1,fno,256,260,0.004646815871819854
0.03,1,fno,256,261,0.004680861295200884
0.03,1,fno,256,262,0.004688114654272795
0.03,1,fno,256,263,0.004712806791067123
0.03,1,fno,256,264,0.004645026037469507
0.03,1,fno,256,265,0.004683307027444243
0.03,1,fno,256,266,0.004606845718808472
0.03,1,fno,256,267,0.00452523420099169
0.03,1,fno,256,268,0.004552166862413287
0.03,1,fno,256,269,0.0045928146690130235
0.03,1,fno,256,270,0.004613179857842624
0.03,1,fno,256,271,0.004656118983402849
0.03,1,fno,256,272,0.004701036135666073
0.03,1,fno,256,273,0.004881719518452883
0.03,1,fno,256,274,0.0045666506187990305
0.03,1,fno,256,275,0.004622700619511306
0.03,1,fno,256,276,0.004532727943733335
0.03,1,fno,256,277,0.004428133955225348
0.03,1,fno,256,278,0.004538589376024902
0.03,1,fno,256,279,0.004479587059468031
0.03,1,fno,256,280,0.0045570624573156235
0.03,1,fno,256,281,0.004543858380056918
0.03,1,fno,256,282,0.0047234784672036765
0.03,1,fno,256,283,0.0046485097333788875
0.03,1,fno,256,284,0.004507973175495863
0.03,1,fno,256,285,0.004617512258701027
0.03,1,fno,256,286,0.004577642129734158
0.03,1,fno,256,287,0.00457788651343435
0.03,1,fno,256,288,0.004430194194428623
0.03,1,fno,256,289,0.004440343151800335
0.03,1,fno,256,290,0.00445162455085665
0.03,1,fno,256,291,0.004568833243101835
0.03,1,fno,256,292,0.004573383973911405
0.03,1,fno,256,293,0.0045386753231287
0.03,1,fno,256,294,0.004406848005019128
0.03,1,fno,256,295,0.004469794421456754
0.03,1,fno,256,296,0.004418067489750683
0.03,1,fno,256,297,0.00446612642146647
0.03,1,fno,256,298,0.004520054715685546
0.03,1,fno,256,299,0.004517205487936735
0.03,2,fno,64,0,0.5842321187257766
0.03,2,fno,64,1,0.19450002104043962
0.03,2,fno,64,2,0.11062465876340866
0.03,2,fno,64,3,0.08223518997430801
0.03,2,fno,64,4,0.0675686626136303
0.03,2,fno,64,5,0.0587995108962059
0.03,2,fno,64,6,0.05276027642190456
0.03,2,fno,64,7,0.048437261544168
0.03,2,fno,64,8,0.04170145872980356
0.03,2,fno,64,9,0.03996699180454016
0.03,2,fno,64,10,0.03596060823649168
0.03,2,fno,64,11,0.03664051912724972
0.03,2,fno,64,12,0.03729670234024525
0.03,2,fno,64,13,0.033587667383253576
0.03,2,fno,64,14,0.033344989977777004
0.03,2,fno,64,15,0.030553390569984913
0.03,2,fno,64,16,0.031104955822229385
0.03,2,fno,64,17,0.03233005814254284
0.03,2,fno,64,18,0.02767411421984434
0.03,2,fno,64,19,0.030021720193326475
0.03,2,fno,64,20,0.025892696566879748
0.03,2,fno,64,21,0.02530140455812216
0.03,2,fno,64,22,0.025186669677495957
0.03,2,fno,64,23,0.02716734241694212
0.03,2,fno,64,24,0.028460619598627092
0.03,2,fno,64,25,0.027568073011934757
0.03,2,fno,64,26,0.024236132502555848
0.03,2,fno,64,27,0.023327360451221465
0.03,2,fno,64,28,0.021077040303498506
0.03,2,fno,64,29,0.02633232358843088
0.03,2,fno,64,30,0.025516511499881746
0.03,2,fno,64,31,0.02322118414565921
0.03,2,fno,64,32,0.024453196339309216
0.03,2,fno,64,33,0.022181634958833456
0.03,2,fno,64,34,0.022187496963888408
0.03,2,fno,64,35,0.021647264808416368
0.03,2,fno,64,36,0.019837630577385426
0.03,2,fno,64,37,0.0234279103577137
0.03,2,fno,64,38,0.021964513082057237
0.03,2,fno,64,39,0.024985823146998883
0.03,2,fno,64,40,0.023052423801273106
0.03,2,fno,64,41,0.0182074330188334
0.03,2,fno,64,42,0.019382290542125702
0.03,2,fno,64,43,0.022185010313987733
0.03,2,fno,64,44,0.023253489769995212
0.03,2,fno,64,45,0.024139702562242748
0.03,2,fno,64,46,0.021804683655500413
0.03,2,fno,64,47,0.01910452960059047
0.03,2,fno,64,48,0.021925326343625783
0.03,2,fno,64,49,0.02266411082819104
0.03,2,fno,64,50,0.021348222848027943
0.03,2,fno,64,51,0.019648411478847265
0.03,2,fno,64,52,0.01949407773092389
0.03,2,fno,64,53,0.020944539401680232
0.03,2,fno,64,54,0.01980343632400036
0.03,2,fno,64,55,0.02162673691287637
0.03,2,fno,64,56,0.0196398514136672
0.03,2,fno,64,57,0.017762422244995833
0.03,2,fno,64,58,0.020496345534920694
0.03,2,fno,64,59,0.018621319644153117
0.03,2,fno,64,60,0.01394424783065915
0.03,2,fno,64,61,0.01170651899650693
0.03,2,fno,64,62,0.011591313779354096
0.03,2,fno,64,63,0.011445358218625188
0.03,2,fno,64,64,0.011238681655377149
0.03,2,fno,64,65,0.01393188925459981
0.03,2,fno,64,66,0.012282509077340364
0.03,2,fno,64,67,0.012355747744441032
0.03,2,fno,64,68,0.011842103339731694
0.03,2,fno,64,69,0.011818760205060244
0.03,2,fno,64,70,0.011710473317652941
0.03,2,fno,64,71,0.011887019025161863
0.03,2,fno,64,72,0.012030322654172778
0.03,2,fno,64,73,0.012560478122904896
0.03,2,fno,64,74,0.011741873156279326
0.03,2,fno,64,75,0.011992926932871342
0.03,2,fno,64,76,0.01128624145872891
0.03,2,fno,64,77,0.01194147277623415
0.03,2,fno,64,78,0.012546375766396523
0.03,2,fno,64,79,0.012282651476562023
0.03,2,fno,64,80,0.011613907981663943
0.03,2,fno,64,81,0.01098722854629159
0.03,2,fno,64,82,0.010724711427465082
0.03,2,fno,64,83,0.011696707177907228
0.03,2,fno,64,84,0.011040542703121901
0.03,2,fno,64,85,0.010818891879171132
0.03,2,fno,64,86,0.012086091116070747
0.03,2,fno,64,87,0.011600093450397253
0.03,2,fno,64,88,0.01113021470606327
0.03,2,fno,64,89,0.011319879051297903
0.03,2,fno,64,90,0.011082118302583694
0.03,2,fno,64,91,0.011395355612039566
0.03,2,fno,64,92,0.011580758690834046
0.03,2,fno,64,93,0.01105800600722432
0.03,2,fno,64,94,0.01029573244974017
0.03,2,fno,64,95,0.011397723723202944
0.03,2,fno,64,96,0.011607316546142101
0.03,2,fno,64,97,0.014424716755747795
0.03,2,fno,64,98,0.013146599307656288
0.03,2,fno,64,99,0.012072889748960734
0.03,2,fno,64,100,0.011277044843882322
0.03,2,fno,64,101,0.011460487842559814
0.03,2,fno,64,102,0.012330600954592229
0.03,2,fno,64,103,0.010429923962801695
0.03,2,fno,64,104,0.009980665761977434
0.03,2,fno,64,105,0.012707921732217074
0.03,2,fno,64,106,0.012479092832654715
0.03,2,fno,64,107,0.011696547670289874
0.03,2,fno,64,108,0.01228841233998537
0.03,2,fno,64,109,0.012646110244095326
0.03,2,fno,64,110,0.0109338553622365
0.03,2,fno,64,111,0.011928859483450651
0.03,2,fno,64,112,0.01102681176736951
0.03,2,fno,64,113,0.009702763268724084
0.03,2,fno,64,114,0.01011459837667644
0.03,2,fno,64,115,0.011102254744619131
0.03,2,fno,64,116,0.011038776189088821
0.03,2,fno,64,117,0.012382934186607599
0.03,2,fno,64,118,0.010738131739199162
0.03,2,fno,64,119,0.012329550422728063
0.03,2,fno,64,120,0.008262714482843875
0.03,2,fno,64,121,0.007759856460615992
0.03,2,fno,64,122,0.008397381566464902
0.03,2,fno,64,123,0.008041141144931317
0.03,2,fno,64,124,0.0075480382330715655
0.03,2,fno,64,125,0.007910532169044018
0.03,2,fno,64,126,0.007383622014895081
0.03,2,fno,64,127,0.0076200255099684
0.03,2,fno,64,128,0.008094211760908365
0.03,2,fno,64,129,0.008079634252935649
0.03,2,fno,64,130,0.007344524376094341
0.03,2,fno,64,131,0.007430767575278878
0.03,2,fno,64,132,0.007674692897126079
0.03,2,fno,64,133,0.0077571332547813655
0.03,2,fno,64,134,0.008560627242550254
0.03,2,fno,64,135,0.007199561223387718
0.03,2,fno,64,136,0.007415544604882598
0.03,2,fno,64,137,0.007489377707242966
0.03,2,fno,64,138,0.00784403615631163
0.03,2,fno,64,139,0.007447030423209071
0.03,2,fno,64,140,0.007761071315035224
0.03,2,fno,64,141,0.00822350637987256
0.03,2,fno,64,142,0.00747096573933959
0.03,2,fno,64,143,0.007177709899842739
0.03,2,fno,64,144,0.007120817890390754
0.03,2,fno,64,145,0.007261510705575347
0.03,2,fno,64,146,0.007210604688152671
0.03,2,fno,64,147,0.007215850902721286
0.03,2,fno,64,148,0.007155595039948821
0.03,2,fno,64,149,0.00810908599756658
0.03,2,fno,64,150,0.007507085595279932
0.03,2,fno,64,151,0.007262083226814866
0.03,2,fno,64,152,0.00796858978457749
0.03,2,fno,64,153,0.0077627728041261435
0.03,2,fno,64,154,0.007735156174749136
0.03,2,fno,64,155,0.007942890198901296
0.03,2,fno,64,156,0.007945846542716026
0.03,2,fno,64,157,0.007130911909043789
0.03,2,fno,64,158,0.007174792904406786
0.03,2,fno,64,159,0.007087985463440419
0.03,2,fno,64,160,0.007704395372420549
0.03,2,fno,64,161,0.007293849093839526
0.03,2,fno,64,162,0.007437961818650365
0.03,2,fno,64,163,0.007414653785526752
0.03,2,fno,64,164,0.0071947051864117385
0.03,2,fno,64,165,0.006880752453580499
0.03,2,fno,64,166,0.00723924302496016
0.03,2,fno,64,167,0.0076990736089646815
0.03,2,fno,64,168,0.007676785085350275
0.03,2,fno,64,169,0.0076121792662888765
0.03,2,fno,64,170,0.007557221101596952
0.03,2,fno,64,171,0.00777995671145618
0.03,2,fno,64,172,0.007483548177406192
0.03,2,fno,64,173,0.006987031390890479
0.03,2,fno,64,174,0.007712877448648214
0.03,2,fno,64,175,0.007450987547636032
0.03,2,fno,64,176,0.007494917158037424
0.03,2,fno,64,177,0.007044441057369113
0.03,2,fno,64,178,0.007345246179029346
0.03,2,fno,64,179,0.007786799445748329
0.03,2,fno,64,180,0.00625893828459084
0.03,2,fno,64,181,0.005855199890211224
0.03,2,fno,64,182,0.005547856548801065
0.03,2,fno,64,183,0.005872770259156823
0.03,2,fno,64,184,0.005696790125221014
0.03,2,fno,64,185,0.0057170419301837685
0.03,2,fno,64,186,0.0056851450726389885
0.03,2,fno,64,187,0.0056776691507548094
0.03,2,fno,64,188,0.0057418071292340755
0.03,2,fno,64,189,0.005985079379752278
0.03,2,fno,64,190,0.005538038914091885
0.03,2,fno,64,191,0.005402876287698746
0.03,2,fno,64,192,0.006127848783507943
0.03,2,fno,64,193,0.005743216248229146
0.03,2,fno,64,194,0.005598520459607244
0.03,2,fno,64,195,0.005478848712518811
0.03,2,fno,64,196,0.005609168321825564
0.03,2,fno,64,197,0.005769774010404944
0.03,2,fno,64,198,0.005430127820000052
0.03,2,fno,64,199,0.005365991061553359
0.03,2,fno,64,200,0.005783675797283649
0.03,2,fno,64,201,0.005595212941989303
0.03,2,fno,64,202,0.005386553937569261
0.03,2,fno,64,203,0.005413196235895157
0.03,2,fno,64,204,0.005489714108407497
0.03,2,fno,64,205,0.005835417965427041
0.03,2,fno,64,206,0.005867259046062827
0.03,2,fno,64,207,0.005422984566539526
0.03,2,fno,64,208,0.005557065643370151
0.03,2,fno,64,209,0.005798941878601908
0.03,2,fno,64,210,0.005716707035899163
0.03,2,fno,64,211,0.005452027288265526
0.03,2,fno,64,212,0.0053544275555759665
0.03,2,fno,64,213,0.005588863887824118
0.03,2,fno,64,214,0.005493686022236943
0.03,2,fno,64,215,0.00556940196081996
0.03,2,fno,64,216,0.005416200617328286
0.03,2,fno,64,217,0.005501163173466921
0.03,2,fno,64,218,0.005231392704881727
0.03,2,fno,64,219,0.005553294671699405
0.03,2,fno,64,220,0.005677798204123974
0.03,2,fno,64,221,0.005415475647896528
0.03,2,fno,64,222,0.005178236356005073
0.03,2,fno,64,223,0.005536866206675768
0.03,2,fno,64,224,0.0056013194005936386
0.03,2,fno,64,225,0.005375707903876901
0.03,2,fno,64,226,0.005515036713331938
0.03,2,fno,64,227,0.005854830630123615
0.03,2,fno,64,228,0.006022812072187662
0.03,2,fno,64,229,0.0054642821568995715
0.03,2,fno,64,230,0.005178197491914034
0.03,2,fno,64,231,0.00517582287080586
0.03,2,fno,64,232,0.00526294345036149
0.03,2,fno,64,233,0.005436657895334065
0.03,2,fno,64,234,0.0054306868929415945
0.03,2,fno,64,235,0.005273830490186811
0.03,2,fno,64,236,0.005396338431164622
0.03,2,fno,64,237,0.005295795239508152
0.03,2,fno,64,238,0.005227563334628939
0.03,2,fno,64,239,0.005262699318118394
0.03,2,fno,64,240,0.00489777737762779
0.03,2,fno,64,241,0.004728538901545108
0.03,2,fno,64,242,0.004726879755035043
0.03,2,fno,64,243,0.004776831837370992
0.03,2,fno,64,244,0.0046590580604970455
0.03,2,fno,64,245,0.004870856865309179
0.03,2,fno,64,246,0.004850148712284863
0.03,2,fno,64,247,0.004706217772327364
0.03,2,fno,64,248,0.0048755734134465455
0.03,2,fno,64,249,0.004736452945508063
0.03,2,fno,64,250,0.005099808191880583
0.03,2,fno,64,251,0.0049038880411535505
0.03,2,fno,64,252,0.004738461477681994
0.03,2,fno,64,253,0.004727633902803063
0.03,2,fno,64,254,0.004688312606886029
0.03,2,fno,64,255,0.004575307066552341
0.03,2,fno,64,256,0.004566729683429003
0.03,2,fno,64,257,0.004661443545483052
0.03,2,fno,64,258,0.004599686218425631
0.03,2,fno,64,259,0.004575272593647242
0.03,2,fno,64,260,0.004737014942802489
0.03,2,fno,64,261,0.004637385657988488
0.03,2,fno,64,262,0.004611386815086007
0.03,2,fno,64,263,0.004698831290006637
0.03,2,fno,64,264,0.004651062902994454
0.03,2,fno,64,265,0.004708341890946031
0.03,2,fno,64,266,0.004666352141648531
0.03,2,fno,64,267,0.0045931526273489
0.03,2,fno,64,268,0.00471150538418442
0.03,2,fno,64,269,0.004627661369740963
0.03,2,fno,64,270,0.004726006397977472
0.03,2,fno,64,271,0.004716405384242534
0.03,2,fno,64,272,0.004696160638704896
0.03,2,fno,64,273,0.004624877362512052
0.03,2,fno,64,274,0.0046177425421774386
0.03,2,fno,64,275,0.004634663262404502
0.03,2,fno,64,276,0.004703881782479585
0.03,2,fno,64,277,0.004743292778730392
0.03,2,fno,64,278,0.004636080926284194
0.03,2,fno,64,279,0.004683164581656456
0.03,2,fno,64,280,0.0046760185528546576
0.03,2,fno,64,281,0.00460705142468214
0.03,2,fno,64,282,0.00461952371057123
0.03,2,fno,64,283,0.004649263569153845
0.03,2,fno,64,284,0.004608236788772047
0.03,2,fno,64,285,0.004615609822794795
0.03,2,fno,64,286,0.004509812211617828
0.03,2,fno,64,287,0.004570390349254012
0.03,2,fno,64,288,0.004647671994753182
0.03,2,fno,64,289,0.004588305791839957
0.03,2,fno,64,290,0.004559339317493141
0.03,2,fno,64,291,0.004579332489520312
0.03,2,fno,64,292,0.004554249099455774
0.03,2,fno,64,293,0.004510145611129701
0.03,2,fno,64,294,0.004631914575584233
0.03,2,fno,64,295,0.004635016918182373
0.03,2,fno,64,296,0.004491879721172154
0.03,2,fno,64,297,0.0046471126889809965
0.03,2,fno,64,298,0.005007289284840226
0.03,2,fno,64,299,0.00451559794601053
0.03,2,cnn,64,0,0.4985689342021942
0.03,2,cnn,64,1,0.18551174014806748
0.03,2,cnn,64,2,0.14239114180207252
0.03,2,cnn,64,3,0.11562831297516823
0.03,2,cnn,64,4,0.093054069429636
0.03,2,cnn,64,5,0.09604214601218701
0.03,2,cnn,64,6,0.07962173484265804
0.03,2,cnn,64,7,0.059574017003178596
0.03,2,cnn,64,8,0.056325479224324224
0.03,2,cnn,64,9,0.06422153227031231
0.03,2,cnn,64,10,0.05434474788606167
0.03,2,cnn,64,11,0.0484295005351305
0.03,2,cnn,64,12,0.04927228547632694
0.03,2,cnn,64,13,0.05792354643344879
0.03,2,cnn,64,14,0.04958654217422009
0.03,2,cnn,64,15,0.03924994207918644
0.03,2,cnn,64,16,0.043855072259902955
0.03,2,cnn,64,17,0.03610469937324524
0.03,2,cnn,64,18,0.044404572322964665
0.03,2,cnn,64,19,0.041389495693147184
0.03,2,cnn,64,20,0.039640378393232825
0.03,2,cnn,64,21,0.04448211770504713
0.03,2,cnn,64,22,0.04407337799668312
0.03,2,cnn,64,23,0.041507325544953344
0.03,2,cnn,64,24,0.0388894459605217
0.03,2,cnn,64,25,0.041350133009254934
0.03,2,cnn,64,26,0.03787959560751915
0.03,2,cnn,64,27,0.0288676667958498
0.03,2,cnn,64,28,0.03259976591914892
0.03,2,cnn,64,29,0.03662279643118382
0.03,2,cnn,64,30,0.032799622640013695
0.03,2,cnn,64,31,0.03399778231978416
0.03,2,cnn,64,32,0.040953950732946394
0.03,2,cnn,64,33,0.03222985364496708
0.03,2,cnn,64,34,0.034135879464447495
0.03,2,cnn,64,35,0.03919486220926047
0.03,2,cnn,64,36,0.035945925749838355
0.03,2,cnn,64,37,0.031115232557058333
0.03,2,cnn,64,38,0.035978511348366736
0.03,2,cnn,64,39,0.03952390521764755
0.03,2,cnn,64,40,0.033345660213381055
0.03,2,cnn,64,41,0.035191213712096214
0.03,2,cnn,64,42,0.0306882132217288
0.03,2,cnn,64,43,0.03168624587357044
0.03,2,cnn,64,44,0.03014955550432205
0.03,2,cnn,64,45,0.02585771407932043
0.03,2,cnn,64,46,0.03365169405937195
0.03,2,cnn,64,47,0.029155608303844928
0.03,2,cnn,64,48,0.02676054500043392
0.03,2,cnn,64,49,0.035970683060586456
0.03,2,cnn,64,50,0.042279749512672424
0.03,2,cnn,64,51,0.027906763851642608
0.03,2,cnn,64,52,0.029889444708824157
0.03,2,cnn,64,53,0.03032026454806328
0.03,2,cnn,64,54,0.031102780327200888
0.03,2,cnn,64,55,0.026552271917462348
0.03,2,cnn,64,56,0.031231266520917414
0.03,2,cnn,64,57,0.028446289747953414
0.03,2,cnn,64,58,0.03105390414595604
0.03,2,cnn,64,59,0.030538950152695178
0.03,2,cnn,64,60,0.017542114201933145
0.03,2,cnn,64,61,0.015812647864222526
0.03,2,cnn,64,62,0.016251990757882594
0.03,2,cnn,64,63,0.017234435211867093
0.03,2,cnn,64,64,0.015861638952046633
0.03,2,cnn,64,65,0.01894777227193117
0.03,2,cnn,64,66,0.015528314113616944
0.03,2,cnn,64,67,0.016531714946031572
0.03,2,cnn,64,68,0.013621132168918849
0.03,2,cnn,64,69,0.014680186714977027
0.03,2,cnn,64,70,0.0150601502135396
0.03,2,cnn,64,71,0.01625268455594778
0.03,2,cnn,64,72,0.01748177744448185
0.03,2,cnn,64,73,0.012922899723052978
0.03,2,cnn,64,74,0.015415775757282972
0.03,2,cnn,64,75,0.015906646363437176
0.03,2,cnn,64,76,0.01582360399886966
0.03,2,cnn,64,77,0.016616456639021636
0.03,2,cnn,64,78,0.01911233739927411
0.03,2,cnn,64,79,0.015549610927700996
0.03,2,cnn,64,80,0.014712972771376372
0.03,2,cnn,64,81,0.01657285215333104
0.03,2,cnn,64,82,0.01517258208245039
0.03,2,cnn,64,83,0.013920396361500024
0.03,2,cnn,64,84,0.015474611073732375
0.03,2,cnn,64,85,0.014644924513995648
0.03,2,cnn,64,86,0.013592816665768623
0.03,2,cnn,64,87,0.015404627546668053
0.03,2,cnn,64,88,0.0176939233019948
0.03,2,cnn,64,89,0.01638693206012249
0.03,2,cnn,64,90,0.01640005122870207
0.03,2,cnn,64,91,0.014624087568372489
0.03,2,cnn,64,92,0.01604792894795537
0.03,2,cnn,64,93,0.014317243751138449
0.03,2,cnn,64,94,0.018750610034912824
0.03,2,cnn,64,95,0.020729637537151575
0.03,2,cnn,64,96,0.01640463316813111
0.03,2,cnn,64,97,0.016871403697878123
0.03,2,cnn,64,98,0.015986852571368216
0.03,2,cnn,64,99,0.018293828424066304
0.03,2,cnn,64,100,0.013972278609871864
0.03,2,cnn,64,101,0.016062903534621
0.03,2,cnn,64,102,0.014314149245619774
0.03,2,cnn,64,103,0.013858069702982902
0.03,2,cnn,64,104,0.018913046419620515
0.03,2,cnn,64,105,0.015974080935120583
0.03,2,cnn,64,106,0.014391829874366522
0.03,2,cnn,64,107,0.018410729132592677
0.03,2,cnn,64,108,0.019651562571525574
0.03,2,cnn,64,109,0.01760297317057848
0.03,2,cnn,64,110,0.015649306513369085
0.03,2,cnn,64,111,0.013862738423049449
0.03,2,cnn,64,112,0.01704495994374156
0.03,2,cnn,64,113,0.01577763684093952
0.03,2,cnn,64,114,0.015130460299551486
0.03,2,cnn,64,115,0.018601825311779976
0.03,2,cnn,64,116,0.01716868983581662
0.03,2,cnn,64,117,0.014305645413696767
0.03,2,cnn,64,118,0.014780688490718603
0.03,2,cnn,64,119,0.014417844079434871
0.03,2,cnn,64,120,0.009802770400419832
0.03,2,cnn,64,121,0.008464573500677943
0.03,2,cnn,64,122,0.008380710845813155
0.03,2,cnn,64,123,0.008549147089943289
0.03,2,cnn,64,124,0.009870296083390713
0.03,2,cnn,64,125,0.009882611352950335
0.03,2,cnn,64,126,0.008351858723908662
0.03,2,cnn,64,127,0.008354869447648525
0.03,2,cnn,64,128,0.008432559613138437
0.03,2,cnn,64,129,0.009116635648533702
0.03,2,cnn,64,130,0.008867453448474408
0.03,2,cnn,64,131,0.008706676112487911
0.03,2,cnn,64,132,0.00812043902464211
0.03,2,cnn,64,133,0.009105964172631502
0.03,2,cnn,64,134,0.012262029247358442
0.03,2,cnn,64,135,0.009276684327051043
0.03,2,cnn,64,136,0.009333975939080119
0.03,2,cnn,64,137,0.009839825052767991
0.03,2,cnn,64,138,0.008027368765324354
0.03,2,cnn,64,139,0.009305354095995427
0.03,2,cnn,64,140,0.009150365078821778
0.03,2,cnn,64,141,0.008751853937283158
0.03,2,cnn,64,142,0.009541155723854899
0.03,2,cnn,64,143,0.008662845622748137
0.03,2,cnn,64,144,0.0077134238090366125
0.03,2,cnn,64,145,0.008332323431968689
0.03,2,cnn,64,146,0.00980703741312027
0.03,2,cnn,64,147,0.009922380456700922
0.03,2,cnn,64,148,0.00894996615126729
0.03,2,cnn,64,149,0.007976762913167477
0.03,2,cnn,64,150,0.008374645253643393
0.03,2,cnn,64,151,0.008544793110340834
0.03,2,cnn,64,152,0.00862929057329893
0.03,2,cnn,64,153,0.007762288181111216
0.03,2,cnn,64,154,0.009823573976755142
0.03,2,cnn,64,155,0.010976418862119317
0.03,2,cnn,64,156,0.00988057061098516
0.03,2,cnn,64,157,0.010136230010539293
0.03,2,cnn,64,158,0.008438872015103698
0.03,2,cnn,64,159,0.009874118166044355
0.03,2,cnn,64,160,0.0097473856061697
0.03,2,cnn,64,161,0.008508308455348015
0.03,2,cnn,64,162,0.00856568869203329
0.03,2,cnn,64,163,0.008999197212979197
0.03,2,cnn,64,164,0.009734822362661362
0.03,2,cnn,64,165,0.008184757148846984
0.03,2,cnn,64,166,0.007382304379716515
0.03,2,cnn,64,167,0.008377475375309586
0.03,2,cnn,64,168,0.008925290573388337
0.03,2,cnn,64,169,0.009423290230333805
0.03,2,cnn,64,170,0.009071168126538395
0.03,2,cnn,64,171,0.01049686674028635
0.03,2,cnn,64,172,0.009614337738603353
0.03,2,cnn,64,173,0.009484982313588262
0.03,2,cnn,64,174,0.009592051953077316
0.03,2,cnn,64,175,0.010317766088992358
0.03,2,cnn,64,176,0.009786526709794997
0.03,2,cnn,64,177,0.00885726623237133
0.03,2,cnn,64,178,0.00851155092008412
0.03,2,cnn,64,179,0.007417201166972518
0.03,2,cnn,64,180,0.005802286388352514
0.03,2,cnn,64,181,0.005805627885274589
0.03,2,cnn,64,182,0.0062049554567784075
0.03,2,cnn,64,183,0.005787952523678541
0.03,2,cnn,64,184,0.005661089662462473
0.03,2,cnn,64,185,0.005979594243690371
0.03,2,cnn,64,186,0.006074488386511803
0.03,2,cnn,64,187,0.005976521540433168
0.03,2,cnn,64,188,0.0058283671457320455
0.03,2,cnn,64,189,0.005634614350274205
0.03,2,cnn,64,190,0.005707430588081479
0.03,2,cnn,64,191,0.0055640173889696595
0.03,2,cnn,64,192,0.005864894762635231
0.03,2,cnn,64,193,0.005764386020600796
0.03,2,cnn,64,194,0.005902556972578168
0.03,2,cnn,64,195,0.005990201430395245
0.03,2,cnn,64,196,0.006145203122869134
0.03,2,cnn,64,197,0.005674504488706589
0.03,2,cnn,64,198,0.005719247278757393
0.03,2,cnn,64,199,0.006375734880566597
0.03,2,cnn,64,200,0.00555505795404315
0.03,2,cnn,64,201,0.005907236179336905
0.03,2,cnn,64,202,0.006252028145827353
0.03,2,cnn,64,203,0.006373422257602215
0.03,2,cnn,64,204,0.006239904901012778
0.03,2,cnn,64,205,0.006843122886493802
0.03,2,cnn,64,206,0.0058439384773373605
0.03,2,cnn,64,207,0.006929470477625727
0.03,2,cnn,64,208,0.0060841342061758045
0.03,2,cnn,64,209,0.0054837257228791715
0.03,2,cnn,64,210,0.00545540370978415
0.03,2,cnn,64,211,0.0071460309159010645
0.03,2,cnn,64,212,0.005764749189838767
0.03,2,cnn,64,213,0.0062004800885915754
0.03,2,cnn,64,214,0.005657438272610307
0.03,2,cnn,64,215,0.005811668010428548
0.03,2,cnn,64,216,0.006353805465623736
0.03,2,cnn,64,217,0.005718878679908812
0.03,2,cnn,64,218,0.0059144494170323015
0.03,2,cnn,64,219,0.0053686360688880086
0.03,2,cnn,64,220,0.005224555097520352
0.03,2,cnn,64,221,0.006078085638582706
0.03,2,cnn,64,222,0.005960806095972657
0.03,2,cnn,64,223,0.006731332587078214
0.03,2,cnn,64,224,0.006412011133506894
0.03,2,cnn,64,225,0.005708159334026277
0.03,2,cnn,64,226,0.005655984645709395
0.03,2,cnn,64,227,0.005671917498111725
0.03,2,cnn,64,228,0.005693474523723125
0.03,2,cnn,64,229,0.00581893278285861
0.03,2,cnn,64,230,0.005747403344139456
0.03,2,cnn,64,231,0.006947639985010028
0.03,2,cnn,64,232,0.005693402392789721
0.03,2,cnn,64,233,0.005304666184820235
0.03,2,cnn,64,234,0.005419350359588861
0.03,2,cnn,64,235,0.006178759941831231
0.03,2,cnn,64,236,0.006453789370134473
0.03,2,cnn,64,237,0.006476591406390071
0.03,2,cnn,64,238,0.006580375349149108
0.03,2,cnn,64,239,0.00627144118770957
0.03,2,cnn,64,240,0.00496696702670306
0.03,2,cnn,64,241,0.004737828467041254
0.03,2,cnn,64,242,0.0047276242263615135
0.03,2,cnn,64,243,0.004626683602109552
0.03,2,cnn,64,244,0.00456917047034949
0.03,2,cnn,64,245,0.0044622087711468335
0.03,2,cnn,64,246,0.004437892455607653
0.03,2,cnn,64,247,0.004553470639511943
0.03,2,cnn,64,248,0.004626088351942599
0.03,2,cnn,64,249,0.0045306691760197285
0.03,2,cnn,64,250,0.004494097181595862
0.03,2,cnn,64,251,0.004561520181596279
0.03,2,cnn,64,252,0.00447585079818964
0.03,2,cnn,64,253,0.004964260589331388
0.03,2,cnn,64,254,0.004649869976565242
0.03,2,cnn,64,255,0.004709024340845644
0.03,2,cnn,64,256,0.004585744156502187
0.03,2,cnn,64,257,0.004659464391879737
0.03,2,cnn,64,258,0.004848462580703199
0.03,2,cnn,64,259,0.004843476642854512
0.03,2,cnn,64,260,0.004622994102537632
0.03,2,cnn,64,261,0.004773257197812199
0.03,2,cnn,64,262,0.004686731025576592
0.03,2,cnn,64,263,0.004501698622480035
0.03,2,cnn,64,264,0.004493079804815352
0.03,2,cnn,64,265,0.0047407690808176995
0.03,2,cnn,64,266,0.004670755849219859
0.03,2,cnn,64,267,0.004418903547339141
0.03,2,cnn,64,268,0.004647179339081049
0.03,2,cnn,64,269,0.004619386536069215
0.03,2,cnn,64,270,0.004518935065716505
0.03,2,cnn,64,271,0.0048659485904499885
0.03,2,cnn,64,272,0.004533188058994711
0.03,2,cnn,64,273,0.004520961497910321
0.03,2,cnn,64,274,0.00459780478850007
0.03,2,cnn,64,275,0.00434351718518883
0.03,2,cnn,64,276,0.004604598190635443
0.03,2,cnn,64,277,0.004442280647344888
0.03,2,cnn,64,278,0.004560986747965217
0.03,2,cnn,64,279,0.004346055346541106
0.03,2,cnn,64,280,0.004285380616784096
0.03,2,cnn,64,281,0.004200472473166883
0.03,2,cnn,64,282,0.004299353025853634
0.03,2,cnn,64,283,0.0043889573775231835
0.03,2,cnn,64,284,0.004387427144683898
0.03,2,cnn,64,285,0.004364192374050617
0.03,2,cnn,64,286,0.0046154095651581885
0.03,2,cnn,64,287,0.004493761905469001
0.03,2,cnn,64,288,0.004742444790899754
0.03,2,cnn,64,289,0.0045813330123201015
0.03,2,cnn,64,290,0.004858948192559182
0.03,2,cnn,64,291,0.004669034071266651
0.03,2,cnn,64,292,0.004426913005299866
0.03,2,cnn,64,293,0.004383534742519259
0.03,2,cnn,64,294,0.0043844095710664985
0.03,2,cnn,64,295,0.004367843726649881
0.03,2,cnn,64,296,0.004618301773443818
0.03,2,cnn,64,297,0.0045138713577762245
0.03,2,cnn,64,298,0.004600690542720259
0.03,2,cnn,64,299,0.005010039568878711
0.03,2,fno,256,0,0.5841240125894547
0.03,2,fno,256,1,0.1940338569879532
0.03,2,fno,256,2,0.11047249332070351
0.03,2,fno,256,3,0.08289117351174355
0.03,2,fno,256,4,0.0663123071193695
0.03,2,fno,256,5,0.06282273203134536
0.03,2,fno,256,6,0.052268382310867306
0.03,2,fno,256,7,0.05016206905245781
0.03,2,fno,256,8,0.04209146924316883
0.03,2,fno,256,9,0.04023263737559318
0.03,2,fno,256,10,0.040751100592315195
0.03,2,fno,256,11,0.03813787285238504
0.03,2,fno,256,12,0.03489329360425472
0.03,2,fno,256,13,0.03362626273185015
0.03,2,fno,256,14,0.03306276194751263
0.03,2,fno,256,15,0.028938126415014268
0.03,2,fno,256,16,0.02821343529969454
0.03,2,fno,256,17,0.027851727418601514
0.03,2,fno,256,18,0.029465654231607914
0.03,2,fno,256,19,0.03108616154640913
0.03,2,fno,256,20,0.032982002943754196
0.03,2,fno,256,21,0.026168752387166025
0.03,2,fno,256,22,0.027551386728882788
0.03,2,fno,256,23,0.024459734559059143
0.03,2,fno,256,24,0.027815846614539622
0.03,2,fno,256,25,0.02786561295390129
0.03,2,fno,256,26,0.022331978976726532
0.03,2,fno,256,27,0.024694814272224905
0.03,2,fno,256,28,0.02094526160508394
0.03,2,fno,256,29,0.023230116888880728
0.03,2,fno,256,30,0.0244896075502038
0.03,2,fno,256,31,0.02294374017044902
0.03,2,fno,256,32,0.024185932911932467
0.03,2,fno,256,33,0.023140485361218453
0.03,2,fno,256,34,0.02191125977784395
0.03,2,fno,256,35,0.02020173953846097
0.03,2,fno,256,36,0.019866949394345284
0.03,2,fno,256,37,0.02310660921037197
0.03,2,fno,256,38,0.026497266665101053
0.03,2,fno,256,39,0.02280753990635276
0.03,2,fno,256,40,0.021961394008249046
0.03,2,fno,256,41,0.02104295153170824
0.03,2,fno,256,42,0.022329346276819706
0.03,2,fno,256,43,0.023211481384932994
0.03,2,fno,256,44,0.02407620783895254
0.03,2,fno,256,45,0.02128475934267044
0.03,2,fno,256,46,0.020156271141022444
0.03,2,fno,256,47,0.020003639459609986
0.03,2,fno,256,48,0.02226446080952883
0.03,2,fno,256,49,0.020785397738218307
0.03,2,fno,256,50,0.020570600014179943
0.03,2,fno,256,51,0.022346879225224256
0.03,2,fno,256,52,0.024119858592748643
0.03,2,fno,256,53,0.023558288589119913
0.03,2,fno,256,54,0.02162081388756633
0.03,2,fno,256,55,0.020814904924482108
0.03,2,fno,256,56,0.019493391029536723
0.03,2,fno,256,57,0.01811937740072608
0.03,2,fno,256,58,0.020543933548033237
0.03,2,fno,256,59,0.01713920120149851
0.03,2,fno,256,60,0.014549996312707663
0.03,2,fno,256,61,0.012262291051447391
0.03,2,fno,256,62,0.012813647463917732
0.03,2,fno,256,63,0.011383362617343663
0.03,2,fno,256,64,0.012084548380225896
0.03,2,fno,256,65,0.011688486523926258
0.03,2,fno,256,66,0.012318368181586265
0.03,2,fno,256,67,0.01097600368782878
0.03,2,fno,256,68,0.011493375804275275
0.03,2,fno,256,69,0.012744407448917628
0.03,2,fno,256,70,0.012156251072883605
0.03,2,fno,256,71,0.011632219115272164
0.03,2,fno,256,72,0.011491037216037512
0.03,2,fno,256,73,0.011450451798737049
0.03,2,fno,256,74,0.012440767604857683
0.03,2,fno,256,75,0.01186339495703578
0.03,2,fno,256,76,0.011462224535644055
0.03,2,fno,256,77,0.011027861759066582
0.03,2,fno,256,78,0.01130498519167304
0.03,2,fno,256,79,0.012106169760227204
0.03,2,fno,256,80,0.011724951509386301
0.03,2,fno,256,81,0.013190814070403576
0.03,2,fno,256,82,0.01251852959394455
0.03,2,fno,256,83,0.012306994255632163
0.03,2,fno,256,84,0.011377635952085257
0.03,2,fno,256,85,0.011784287896007299
0.03,2,fno,256,86,0.01242715736851096
0.03,2,fno,256,87,0.011629362180829049
0.03,2,fno,256,88,0.012801488265395164
0.03,2,fno,256,89,0.011181870494037866
0.03,2,fno,256,90,0.011428210521116852
0.03,2,fno,256,91,0.012410391960293055
0.03,2,fno,256,92,0.010868614399805665
0.03,2,fno,256,93,0.010564996432512998
0.03,2,fno,256,94,0.010170534132048487
0.03,2,fno,256,95,0.011123191099613905
0.03,2,fno,256,96,0.010419040136039257
0.03,2,fno,256,97,0.012109462767839432
0.03,2,fno,256,98,0.011429170863702893
0.03,2,fno,256,99,0.012086158785969019
0.03,2,fno,256,100,0.011000784505158663
0.03,2,fno,256,101,0.011385364774614572
0.03,2,fno,256,102,0.012515479726716875
0.03,2,fno,256,103,0.012158769257366657
0.03,2,fno,256,104,0.011705500539392233
0.03,2,fno,256,105,0.010243384148925543
0.03,2,fno,256,106,0.01035797662101686
0.03,2,fno,256,107,0.011179505810141564
0.03,2,fno,256,108,0.011994657218456268
0.03,2,fno,256,109,0.011342113921418786
0.03,2,fno,256,110,0.0115262764506042
0.03,2,fno,256,111,0.01250600840896368
0.03,2,fno,256,112,0.009987795120105147
0.03,2,fno,256,113,0.010595996845513583
0.03,2,fno,256,114,0.010349807552993298
0.03,2,fno,256,115,0.010258635254576803
0.03,2,fno,256,116,0.01138478746637702
0.03,2,fno,256,117,0.012235790584236383
0.03,2,fno,256,118,0.010290895095095039
0.03,2,fno,256,119,0.010274849068373441
0.03,2,fno,256,120,0.008251832034438848
0.03,2,fno,256,121,0.007693642750382423
0.03,2,fno,256,122,0.007993498621508478
0.03,2,fno,256,123,0.007841028068214654
0.03,2,fno,256,124,0.007754053110256791
0.03,2,fno,256,125,0.007813642537221312
0.03,2,fno,256,126,0.007557381251826882
0.03,2,fno,256,127,0.008071242459118366
0.03,2,fno,256,128,0.007886516274884342
0.03,2,fno,256,129,0.008012493373826146
0.03,2,fno,256,130,0.007208485547453165
0.03,2,fno,256,131,0.007163382004946471
0.03,2,fno,256,132,0.007875962276011705
0.03,2,fno,256,133,0.007390809757634997
0.03,2,fno,256,134,0.007841974245384336
0.03,2,fno,256,135,0.00722125262953341
0.03,2,fno,256,136,0.007630501994863152
0.03,2,fno,256,137,0.00736871238797903
0.03,2,fno,256,138,0.00721666450612247
0.03,2,fno,256,139,0.007398653859272599
0.03,2,fno,256,140,0.007706451481208205
0.03,2,fno,256,141,0.008594143446534872
0.03,2,fno,256,142,0.0076524567510932685
0.03,2,fno,256,143,0.0072035874892026185
0.03,2,fno,256,144,0.007636828850954771
0.03,2,fno,256,145,0.007133958451449871
0.03,2,fno,256,146,0.00760549359023571
0.03,2,fno,256,147,0.007312988275662065
0.03,2,fno,256,148,0.007559974463656544
0.03,2,fno,256,149,0.007766642980277539
0.03,2,fno,256,150,0.007278936402872205
0.03,2,fno,256,151,0.007294215112924576
0.03,2,fno,256,152,0.007060333518311381
0.03,2,fno,256,153,0.007525269314646721
0.03,2,fno,256,154,0.0077412985265254974
0.03,2,fno,256,155,0.007163228476420045
0.03,2,fno,256,156,0.00802345022559166
0.03,2,fno,256,157,0.007185170976445079
0.03,2,fno,256,158,0.007902057087048888
0.03,2,fno,256,159,0.007370822308585048
0.03,2,fno,256,160,0.007429699217900634
0.03,2,fno,256,161,0.007864627270027996
0.03,2,fno,256,162,0.007641392154619097
0.03,2,fno,256,163,0.007229137606918812
0.03,2,fno,256,164,0.006719277109950781
0.03,2,fno,256,165,0.006846949234604835
0.03,2,fno,256,166,0.007180127128958702
0.03,2,fno,256,167,0.007057542698457837
0.03,2,fno,256,168,0.007008935986086726
0.03,2,fno,256,169,0.0074413212854415175
0.03,2,fno,256,170,0.007621562657877803
0.03,2,fno,256,171,0.006968000624328852
0.03,2,fno,256,172,0.007479069484397769
0.03,2,fno,256,173,0.006867550499737263
0.03,2,fno,256,174,0.007655126228928566
0.03,2,fno,256,175,0.008405785895884038
0.03,2,fno,256,176,0.007365825409069657
0.03,2,fno,256,177,0.007059884658083319
0.03,2,fno,256,178,0.0072661880776286126
0.03,2,fno,256,179,0.008312525525689125
0.03,2,fno,256,180,0.006438785782083869
0.03,2,fno,256,181,0.005943416580557823
0.03,2,fno,256,182,0.005672269416972995
0.03,2,fno,256,183,0.005727006066590548
0.03,2,fno,256,184,0.005834082020446658
0.03,2,fno,256,185,0.005752438819035888
0.03,2,fno,256,186,0.0057194416038692
0.03,2,fno,256,187,0.0057219089753925804
0.03,2,fno,256,188,0.00560401807539165
0.03,2,fno,256,189,0.005700595034286379
0.03,2,fno,256,190,0.005543085895478726
0.03,2,fno,256,191,0.00542924040928483
0.03,2,fno,256,192,0.00600579290650785
0.03,2,fno,256,193,0.005842269379645586
0.03,2,fno,256,194,0.005595210185274482
0.03,2,fno,256,195,0.005528223589062691
0.03,2,fno,256,196,0.0058277823403477666
0.03,2,fno,256,197,0.00577153910882771
0.03,2,fno,256,198,0.005504941968247294
0.03,2,fno,256,199,0.005531364474445581
0.03,2,fno,256,200,0.005713481213897467
0.03,2,fno,256,201,0.005829946463927626
0.03,2,fno,256,202,0.005898426091298461
0.03,2,fno,256,203,0.005439588464796543
0.03,2,fno,256,204,0.005541327074170112
0.03,2,fno,256,205,0.005532631641253829
0.03,2,fno,256,206,0.005687839370220899
0.03,2,fno,256,207,0.005447514671832323
0.03,2,fno,256,208,0.00570478099398315
0.03,2,fno,256,209,0.005681858044117689
0.03,2,fno,256,210,0.005990417003631592
0.03,2,fno,256,211,0.005489635169506073
0.03,2,fno,256,212,0.00548032839782536
0.03,2,fno,256,213,0.005364429168403149
0.03,2,fno,256,214,0.005407076282426715
0.03,2,fno,256,215,0.005691379830241203
0.03,2,fno,256,216,0.00556070514023304
0.03,2,fno,256,217,0.005839042193256319
0.03,2,fno,256,218,0.005316441026516259
0.03,2,fno,256,219,0.005432696836069226
0.03,2,fno,256,220,0.00563429307192564
0.03,2,fno,256,221,0.005373663981445133
0.03,2,fno,256,222,0.005293610086664557
0.03,2,fno,256,223,0.005590714924037457
0.03,2,fno,256,224,0.005561256855726242
0.03,2,fno,256,225,0.005347420466132462
0.03,2,fno,256,226,0.005701650446280837
0.03,2,fno,256,227,0.005922338599339128
0.03,2,fno,256,228,0.005668613202869892
0.03,2,fno,256,229,0.0055257248878479
0.03,2,fno,256,230,0.005240609487518668
0.03,2,fno,256,231,0.005335267195478082
0.03,2,fno,256,232,0.00543960552662611
0.03,2,fno,256,233,0.005388869401067495
0.03,2,fno,256,234,0.00543697954621166
0.03,2,fno,256,235,0.0053677193354815245
0.03,2,fno,256,236,0.005510758236050605
0.03,2,fno,256,237,0.005425870683975518
0.03,2,fno,256,238,0.00522592362947762
0.03,2,fno,256,239,0.005409592711366713
0.03,2,fno,256,240,0.0049423887627199296
0.03,2,fno,256,241,0.004718639370985329
0.03,2,fno,256,242,0.004782094801776111
0.03,2,fno,256,243,0.00468595711980015
0.03,2,fno,256,244,0.004784340183250606
0.03,2,fno,256,245,0.004840468224138021
0.03,2,fno,256,246,0.004934668634086847
0.03,2,fno,256,247,0.004769383613020182
0.03,2,fno,256,248,0.0049480532621964815
0.03,2,fno,256,249,0.004841810576617717
0.03,2,fno,256,250,0.0048146155942231416
0.03,2,fno,256,251,0.004825185933150351
0.03,2,fno,256,252,0.004758759625256062
0.03,2,fno,256,253,0.004733004551380873
0.03,2,fno,256,254,0.00476325458381325
0.03,2,fno,256,255,0.004753496842458844
0.03,2,fno,256,256,0.004700476247817278
0.03,2,fno,256,257,0.004711703909561038
0.03,2,fno,256,258,0.004629525132477283
0.03,2,fno,256,259,0.004622820885851979
0.03,2,fno,256,260,0.004839436020702124
0.03,2,fno,256,261,0.004679149882867932
0.03,2,fno,256,262,0.004610207616351545
0.03,2,fno,256,263,0.004679862977936864
0.03,2,fno,256,264,0.004731626254506409
0.03,2,fno,256,265,0.004726052293553948
0.03,2,fno,256,266,0.004651167802512646
0.03,2,fno,256,267,0.004634420871734619
0.03,2,fno,256,268,0.004720988920889795
0.03,2,fno,256,269,0.004671275103464723
0.03,2,fno,256,270,0.004710477311164141
0.03,2,fno,256,271,0.004752028179354966
0.03,2,fno,256,272,0.004809630615636706
0.03,2,fno,256,273,0.0046812226716429
0.03,2,fno,256,274,0.0047429609950631856
0.03,2,fno,256,275,0.004674835251644254
0.03,2,fno,256,276,0.004585286001674831
0.03,2,fno,256,277,0.0046594261052086946
0.03,2,fno,256,278,0.004692426114343107
0.03,2,fno,256,279,0.00470142706297338
0.03,2,fno,256,280,0.0046509607462212445
0.03,2,fno,256,281,0.00468635612167418
0.03,2,fno,256,282,0.004600344807840884
0.03,2,fno,256,283,0.0047756928158923986
0.03,2,fno,256,284,0.0046885368693619965
0.03,2,fno,256,285,0.004632470128126442
0.03,2,fno,256,286,0.004654388879425824
0.03,2,fno,256,287,0.004702739100903273
0.03,2,fno,256,288,0.00476963372901082
0.03,2,fno,256,289,0.0045810863981023435
0.03,2,fno,256,290,0.004623901676386595
0.03,2,fno,256,291,0.004571005441248417
0.03,2,fno,256,292,0.004653673488646746
0.03,2,fno,256,293,0.00458583835978061
0.03,2,fno,256,294,0.0046709668263792995
0.03,2,fno,256,295,0.00473327768035233
0.03,2,fno,256,296,0.004570071250200271
0.03,2,fno,256,297,0.004630775861442089
0.03,2,fno,256,298,0.004721510941162705
0.03,2,fno,256,299,0.004660025332123041
0.01,0,fno,64,0,0.5970904850959777
0.01,0,fno,64,1,0.23569163620471956
0.01,0,fno,64,2,0.16664575949311256
0.01,0,fno,64,3,0.13313644722104073
0.01,0,fno,64,4,0.11603188604116439
0.01,0,fno,64,5,0.09866210043430329
0.01,0,fno,64,6,0.0892596758902073
0.01,0,fno,64,7,0.08237440764904022
0.01,0,fno,64,8,0.08095084987580776
0.01,0,fno,64,9,0.07140890829265117
0.01,0,fno,64,10,0.06742906905710697
0.01,0,fno,64,11,0.06465368829667568
0.01,0,fno,64,12,0.06547374092042446
0.01,0,fno,64,13,0.056226958036422726
0.01,0,fno,64,14,0.05173510819673538
0.01,0,fno,64,15,0.060901341065764426
0.01,0,fno,64,16,0.05255042754113674
0.01,0,fno,64,17,0.051987720206379893
0.01,0,fno,64,18,0.04921419441699982
0.01,0,fno,64,19,0.04954163186252117
0.01,0,fno,64,20,0.04973422087728977
0.01,0,fno,64,21,0.04455347061157226
0.01,0,fno,64,22,0.044954312518239024
0.01,0,fno,64,23,0.046147678047418594
0.01,0,fno,64,24,0.04760557197034359
0.01,0,fno,64,25,0.04089727826416492
0.01,0,fno,64,26,0.042212649062275884
0.01,0,fno,64,27,0.04257013164460659
0.01,0,fno,64,28,0.044286101199686526
0.01,0,fno,64,29,0.03837922275066376
0.01,0,fno,64,30,0.042031237185001374
0.01,0,fno,64,31,0.039556763730943204
0.01,0,fno,64,32,0.04114997200667858
0.01,0,fno,64,33,0.03898126691579819
0.01,0,fno,64,34,0.03496557090431452
0.01,0,fno,64,35,0.03445824269205332
0.01,0,fno,64,36,0.033864917941391466
0.01,0,fno,64,37,0.031714964397251605
0.01,0,fno,64,38,0.0387361166253686
0.01,0,fno,64,39,0.03672109808772803
0.01,0,fno,64,40,0.036130149438977244
0.01,0,fno,64,41,0.03284138336777687
0.01,0,fno,64,42,0.03452622096985578
0.01,0,fno,64,43,0.03547410488128662
0.01,0,fno,64,44,0.03364306110888719
0.01,0,fno,64,45,0.03848757863044739
0.01,0,fno,64,46,0.031563478671014306
0.01,0,fno,64,47,0.031506969705224035
0.01,0,fno,64,48,0.03222533293068409
0.01,0,fno,64,49,0.03352781031280756
0.01,0,fno,64,50,0.04001149091869593
0.01,0,fno,64,51,0.03148009054362774
0.01,0,fno,64,52,0.035004907362163065
0.01,0,fno,64,53,0.033806258104741575
0.01,0,fno,64,54,0.030740534365177156
0.01,0,fno,64,55,0.04091486603021622
0.01,0,fno,64,56,0.0426428085565567
0.01,0,fno,64,57,0.034350627213716504
0.01,0,fno,64,58,0.029082493297755717
0.01,0,fno,64,59,0.03353597104549408
0.01,0,fno,64,60,0.028234339579939843
0.01,0,fno,64,61,0.02312095068395138
0.01,0,fno,64,62,0.020978890378028154
0.01,0,fno,64,63,0.020892254430800675
0.01,0,fno,64,64,0.020459697656333445
0.01,0,fno,64,65,0.01945378562435508
0.01,0,fno,64,66,0.022003149539232256
0.01,0,fno,64,67,0.020606032144278287
0.01,0,fno,64,68,0.02056499334052205
0.01,0,fno,64,69,0.019620174933224918
0.01,0,fno,64,70,0.021132251322269438
0.01,0,fno,64,71,0.021332180462777614
0.01,0,fno,64,72,0.021650218591094016
0.01,0,fno,64,73,0.02153860168531537
0.01,0,fno,64,74,0.021548988204449414
0.01,0,fno,64,75,0.021105692684650422
0.01,0,fno,64,76,0.01883082214742899
0.01,0,fno,64,77,0.020199019461870193
0.01,0,fno,64,78,0.019375454802066087
0.01,0,fno,64,79,0.019495169203728437
0.01,0,fno,64,80,0.020427027456462382
0.01,0,fno,64,81,0.01994362534955144
0.01,0,fno,64,82,0.020617524925619364
0.01,0,fno,64,83,0.02116395141929388
0.01,0,fno,64,84,0.019175486583262683
0.01,0,fno,64,85,0.020754894781857727
0.01,0,fno,64,86,0.018338861931115388
0.01,0,fno,64,87,0.018259295150637626
0.01,0,fno,64,88,0.021792786214500665
0.01,0,fno,64,89,0.01971973678097129
0.01,0,fno,64,90,0.019905974846333264
0.01,0,fno,64,91,0.02039248066022992
0.01,0,fno,64,92,0.01826212165877223
0.01,0,fno,64,93,0.021123054306954145
0.01,0,fno,64,94,0.01980323761701584
0.01,0,fno,64,95,0.0208627038449049
0.01,0,fno,64,96,0.022227585315704346
0.01,0,fno,64,97,0.022084958478808404
0.01,0,fno,64,98,0.019929471928626298
0.01,0,fno,64,99,0.018777751158922912
0.01,0,fno,64,100,0.020315527636557817
0.01,0,fno,64,101,0.0191199304908514
0.01,0,fno,64,102,0.01858249094337225
0.01,0,fno,64,103,0.018879980836063622
0.01,0,fno,64,104,0.019344258345663546
0.01,0,fno,64,105,0.020516068562865256
0.01,0,fno,64,106,0.019127294942736624
0.01,0,fno,64,107,0.01777721054852009
0.01,0,fno,64,108,0.018615149389952422
0.01,0,fno,64,109,0.019957802519202233
0.01,0,fno,64,110,0.018000205047428608
0.01,0,fno,64,111,0.019050239380449058
0.01,0,fno,64,112,0.019506428763270377
0.01,0,fno,64,113,0.020826342683285474
0.01,0,fno,64,114,0.019248460121452808
0.01,0,fno,64,115,0.02176896370947361
0.01,0,fno,64,116,0.020791444145143032
0.01,0,fno,64,117,0.017290058732032775
0.01,0,fno,64,118,0.018056048210710288
0.01,0,fno,64,119,0.017488997988402845
0.01,0,fno,64,120,0.015806907881051303
0.01,0,fno,64,121,0.014103156849741935
0.01,0,fno,64,122,0.013868801835924387
0.01,0,fno,64,123,0.014183270800858737
0.01,0,fno,64,124,0.013423214443027973
0.01,0,fno,64,125,0.016178988069295883
0.01,0,fno,64,126,0.015187805537134409
0.01,0,fno,64,127,0.01349721873179078
0.01,0,fno,64,128,0.013335610292851924
0.01,0,fno,64,129,0.015384172014892101
0.01,0,fno,64,130,0.013532221242785454
0.01,0,fno,64,131,0.014138146284967661
0.01,0,fno,64,132,0.013702666684985161
0.01,0,fno,64,133,0.013365625459700823
0.01,0,fno,64,134,0.013358784317970275
0.01,0,fno,64,135,0.013583107758313418
0.01,0,fno,64,136,0.01288419594988227
0.01,0,fno,64,137,0.013939561806619167
0.01,0,fno,64,138,0.01403121706098318
0.01,0,fno,64,139,0.012846603710204362
0.01,0,fno,64,140,0.012296857684850693
0.01,0,fno,64,141,0.013607153203338385
0.01,0,fno,64,142,0.012768621668219566
0.01,0,fno,64,143,0.013332291543483733
0.01,0,fno,64,144,0.012888166792690755
0.01,0,fno,64,145,0.012784760426729918
0.01,0,fno,64,146,0.012713563870638609
0.01,0,fno,64,147,0.012722990661859512
0.01,0,fno,64,148,0.013648053854703903
0.01,0,fno,64,149,0.012764352429658175
0.01,0,fno,64,150,0.012822465281933546
0.01,0,fno,64,151,0.012319000251591206
0.01,0,fno,64,152,0.012320489715784788
0.01,0,fno,64,153,0.012441564127802849
0.01,0,fno,64,154,0.012637850139290094
0.01,0,fno,64,155,0.013015340138226748
0.01,0,fno,64,156,0.012664397731423378
0.01,0,fno,64,157,0.01286245560273528
0.01,0,fno,64,158,0.012276326352730394
0.01,0,fno,64,159,0.013232637047767639
0.01,0,fno,64,160,0.012776720989495515
0.01,0,fno,64,161,0.012008631471544504
0.01,0,fno,64,162,0.012690280340611934
0.01,0,fno,64,163,0.014543178025633097
0.01,0,fno,64,164,0.012776893097907305
0.01,0,fno,64,165,0.012684881798923015
0.01,0,fno,64,166,0.012474975306540728
0.01,0,fno,64,167,0.012751238122582435
0.01,0,fno,64,168,0.013840403631329537
0.01,0,fno,64,169,0.012443708814680576
0.01,0,fno,64,170,0.011536398027092219
0.01,0,fno,64,171,0.012439083997160197
0.01,0,fno,64,172,0.011686060931533576
0.01,0,fno,64,173,0.012678237520158292
0.01,0,fno,64,174,0.013654315117746592
0.01,0,fno,64,175,0.013199080899357795
0.01,0,fno,64,176,0.012594204060733319
0.01,0,fno,64,177,0.013041899148374796
0.01,0,fno,64,178,0.013266206700354815
0.01,0,fno,64,179,0.011875030007213355
0.01,0,fno,64,180,0.010508603062480687
0.01,0,fno,64,181,0.01070104518905282
0.01,0,fno,64,182,0.010248514041304588
0.01,0,fno,64,183,0.010309944739565252
0.01,0,fno,64,184,0.009915229780599475
0.01,0,fno,64,185,0.009859562329947948
0.01,0,fno,64,186,0.01001307075843215
0.01,0,fno,64,187,0.01006466556340456
0.01,0,fno,64,188,0.00984180860221386
0.01,0,fno,64,189,0.009704428371042012
0.01,0,fno,64,190,0.010982188917696476
0.01,0,fno,64,191,0.009734199177473783
0.01,0,fno,64,192,0.010750539246946572
0.01,0,fno,64,193,0.009613863406702877
0.01,0,fno,64,194,0.009505257867276668
0.01,0,fno,64,195,0.009681083494797349
0.01,0,fno,64,196,0.009636833509430289
0.01,0,fno,64,197,0.00962853348813951
0.01,0,fno,64,198,0.009681078139692545
0.01,0,fno,64,199,0.010610871724784374
0.01,0,fno,64,200,0.010282277707010507
0.01,0,fno,64,201,0.009862319435924291
0.01,0,fno,64,202,0.009640677655115724
0.01,0,fno,64,203,0.010156745482236147
0.01,0,fno,64,204,0.010332551579922437
0.01,0,fno,64,205,0.009470309680327773
0.01,0,fno,64,206,0.0097196046076715
0.01,0,fno,64,207,0.010358214834704995
0.01,0,fno,64,208,0.009882193813100458
0.01,0,fno,64,209,0.009858925677835941
0.01,0,fno,64,210,0.009767918800935148
0.01,0,fno,64,211,0.009426232986152172
0.01,0,fno,64,212,0.009684815835207701
0.01,0,fno,64,213,0.00989644660614431
0.01,0,fno,64,214,0.009330470273271203
0.01,0,fno,64,215,0.010005931509658695
0.01,0,fno,64,216,0.010102234520018101
0.01,0,fno,64,217,0.010392960710451007
0.01,0,fno,64,218,0.010925479270517825
0.01,0,fno,64,219,0.010317469071596861
0.01,0,fno,64,220,0.009769102493301034
0.01,0,fno,64,221,0.010766737200319766
0.01,0,fno,64,222,0.009643864165991545
0.01,0,fno,64,223,0.00979325668886304
0.01,0,fno,64,224,0.009581591282039881
0.01,0,fno,64,225,0.009197726026177406
0.01,0,fno,64,226,0.009135317560285329
0.01,0,fno,64,227,0.009705730471760035
0.01,0,fno,64,228,0.009839287288486957
0.01,0,fno,64,229,0.009745944440364838
0.01,0,fno,64,230,0.0099496656563133
0.01,0,fno,64,231,0.009403148368000984
0.01,0,fno,64,232,0.009841841021552682
0.01,0,fno,64,233,0.009117032112553715
0.01,0,fno,64,234,0.009336237255483866
0.01,0,fno,64,235,0.009716162867844104
0.01,0,fno,64,236,0.009272076413035393
0.01,0,fno,64,237,0.009615703579038381
0.01,0,fno,64,238,0.009321021419018506
0.01,0,fno,64,239,0.009120263289660216
0.01,0,fno,64,240,0.008676034286618233
0.01,0,fno,64,241,0.008332640249282122
0.01,0,fno,64,242,0.008317606803029776
0.01,0,fno,64,243,0.008272757334634662
0.01,0,fno,64,244,0.008143779234960674
0.01,0,fno,64,245,0.008159152185544371
0.01,0,fno,64,246,0.008120093680918216
0.01,0,fno,64,247,0.008051834758371115
0.01,0,fno,64,248,0.00816382683813572
0.01,0,fno,64,249,0.008308523399755359
0.01,0,fno,64,250,0.008469717735424638
0.01,0,fno,64,251,0.008117711348459124
0.01,0,fno,64,252,0.008081026831641793
0.01,0,fno,64,253,0.008181766383349895
0.01,0,fno,64,254,0.008090442232787608
0.01,0,fno,64,255,0.0082866620272398
0.01,0,fno,64,256,0.008712815046310425
0.01,0,fno,64,257,0.008384915543720126
0.01,0,fno,64,258,0.008286896711215377
0.01,0,fno,64,259,0.008184595489874482
0.01,0,fno,64,260,0.008264352856203914
0.01,0,fno,64,261,0.008041936596855521
0.01,0,fno,64,262,0.008116449862718582
0.01,0,fno,64,263,0.007981332121416926
0.01,0,fno,64,264,0.008290240811184048
0.01,0,fno,64,265,0.008184677744284273
0.01,0,fno,64,266,0.008046216601505875
0.01,0,fno,64,267,0.00817854207009077
0.01,0,fno,64,268,0.008130519781261683
0.01,0,fno,64,269,0.007886179313063622
0.01,0,fno,64,270,0.00789770889095962
0.01,0,fno,64,271,0.008226342601701617
0.01,0,fno,64,272,0.008231163853779436
0.01,0,fno,64,273,0.008058594241738319
0.01,0,fno,64,274,0.008324230685830117
0.01,0,fno,64,275,0.008177929250523448
0.01,0,fno,64,276,0.00792831257916987
0.01,0,fno,64,277,0.007883830890059472
0.01,0,fno,64,278,0.007827428290620447
0.01,0,fno,64,279,0.007877128962427378
0.01,0,fno,64,280,0.008154047233983875
0.01,0,fno,64,281,0.00799730833619833
0.01,0,fno,64,282,0.007835723515599967
0.01,0,fno,64,283,0.00801850120536983
0.01,0,fno,64,284,0.008322016578167677
0.01,0,fno,64,285,0.007908333893865346
0.01,0,fno,64,286,0.007969352928921581
0.01,0,fno,64,287,0.008287305310368538
0.01,0,fno,64,288,0.008161127101629972
0.01,0,fno,64,289,0.008170488271862269
0.01,0,fno,64,290,0.008340053483843804
0.01,0,fno,64,291,0.007947560511529445
0.01,0,fno,64,292,0.007784326812252402
0.01,0,fno,64,293,0.007785570630803704
0.01,0,fno,64,294,0.008145770635455846
0.01,0,fno,64,295,0.0078440335765481
0.01,0,fno,64,296,0.00776126267388463
0.01,0,fno,64,297,0.008109645098447799
0.01,0,fno,64,298,0.007812722008675338
0.01,0,fno,64,299,0.007701858598738909
0.01,0,cnn,64,0,0.5536261904239654
0.01,0,cnn,64,1,0.24109727948904036
0.01,0,cnn,64,2,0.20016832381486893
0.01,0,cnn,64,3,0.1775364363193512
0.01,0,cnn,64,4,0.1553017756342888
0.01,0,cnn,64,5,0.14598426163196565
0.01,0,cnn,64,6,0.12027228817343712
0.01,0,cnn,64,7,0.1259139321744442
0.01,0,cnn,64,8,0.11183471903204918
0.01,0,cnn,64,9,0.10367400586605072
0.01,0,cnn,64,10,0.12151888564229012
0.01,0,cnn,64,11,0.1066530953347683
0.01,0,cnn,64,12,0.11105676740407944
0.01,0,cnn,64,13,0.09616215154528618
0.01,0,cnn,64,14,0.08847709864377976
0.01,0,cnn,64,15,0.08930029965937138
0.01,0,cnn,64,16,0.10165177412331104
0.01,0,cnn,64,17,0.09072221711277961
0.01,0,cnn,64,18,0.09493784226477146
0.01,0,cnn,64,19,0.0744278959184885
0.01,0,cnn,64,20,0.08553624995052815
0.01,0,cnn,64,21,0.0760547672957182
0.01,0,cnn,64,22,0.07902934022247791
0.01,0,cnn,64,23,0.0768858128041029
0.01,0,cnn,64,24,0.06514994978904724
0.01,0,cnn,64,25,0.06883320063352585
0.01,0,cnn,64,26,0.10838735818862916
0.01,0,cnn,64,27,0.06919498808681965
0.01,0,cnn,64,28,0.06396293200552464
0.01,0,cnn,64,29,0.06914628319442272
0.01,0,cnn,64,30,0.07436908379197121
0.01,0,cnn,64,31,0.06832762017846107
0.01,0,cnn,64,32,0.08026134386658669
0.01,0,cnn,64,33,0.06383772008121014
0.01,0,cnn,64,34,0.06341311231255531
0.01,0,cnn,64,35,0.06994533240795135
0.01,0,cnn,64,36,0.07640838883817196
0.01,0,cnn,64,37,0.053911652117967605
0.01,0,cnn,64,38,0.05975193820893764
0.01,0,cnn,64,39,0.06966299958527088
0.01,0,cnn,64,40,0.055010365545749666
0.01,0,cnn,64,41,0.04844398260116577
0.01,0,cnn,64,42,0.0544421074539423
0.01,0,cnn,64,43,0.05593923196196556
0.01,0,cnn,64,44,0.05534674741327763
0.01,0,cnn,64,45,0.05885627180337906
0.01,0,cnn,64,46,0.06321159064769745
0.01,0,cnn,64,47,0.05323349580168724
0.01,0,cnn,64,48,0.05314585190266371
0.01,0,cnn,64,49,0.04577042236924171
0.01,0,cnn,64,50,0.06433731399476528
0.01,0,cnn,64,51,0.047655409164726735
0.01,0,cnn,64,52,0.06402512215077877
0.01,0,cnn,64,53,0.06157492361962795
0.01,0,cnn,64,54,0.05781308799982071
0.01,0,cnn,64,55,0.050200565680861474
0.01,0,cnn,64,56,0.04373973574489355
0.01,0,cnn,64,57,0.04574170313775539
0.01,0,cnn,64,58,0.04840492352843285
0.01,0,cnn,64,59,0.06569386631250382
0.01,0,cnn,64,60,0.03921717192977667
0.01,0,cnn,64,61,0.03160075794905424
0.01,0,cnn,64,62,0.04142394822090864
0.01,0,cnn,64,63,0.03722661793231964
0.01,0,cnn,64,64,0.03400757320225239
0.01,0,cnn,64,65,0.033399045355618
0.01,0,cnn,64,66,0.03700400065630674
0.01,0,cnn,64,67,0.033901761136949066
0.01,0,cnn,64,68,0.03159209035336971
0.01,0,cnn,64,69,0.028588705584406852
0.01,0,cnn,64,70,0.03171275537461042
0.01,0,cnn,64,71,0.030478012152016162
0.01,0,cnn,64,72,0.029826859161257744
0.01,0,cnn,64,73,0.03171956922858953
0.01,0,cnn,64,74,0.03501343972980976
0.01,0,cnn,64,75,0.03275024235248566
0.01,0,cnn,64,76,0.02917004369199276
0.01,0,cnn,64,77,0.02837958127260208
0.01,0,cnn,64,78,0.03877599585801363
0.01,0,cnn,64,79,0.036384119167923924
0.01,0,cnn,64,80,0.027649815194308758
0.01,0,cnn,64,81,0.028831887654960156
0.01,0,cnn,64,82,0.03641514707356691
0.01,0,cnn,64,83,0.031517557017505166
0.01,0,cnn,64,84,0.03374739620834589
0.01,0,cnn,64,85,0.030334724113345146
0.01,0,cnn,64,86,0.030039369091391564
0.01,0,cnn,64,87,0.03177320543676615
0.01,0,cnn,64,88,0.035731894820928575
0.01,0,cnn,64,89,0.026375879272818564
0.01,0,cnn,64,90,0.029155201204121114
0.01,0,cnn,64,91,0.032481995299458506
0.01,0,cnn,64,92,0.02841354951262474
0.01,0,cnn,64,93,0.038304760903120044
0.01,0,cnn,64,94,0.03151446036994457
0.01,0,cnn,64,95,0.02766118720173836
0.01,0,cnn,64,96,0.029536304846405983
0.01,0,cnn,64,97,0.03443474151194095
0.01,0,cnn,64,98,0.027764356024563314
0.01,0,cnn,64,99,0.026622147187590598
0.01,0,cnn,64,100,0.031926347203552724
0.01,0,cnn,64,101,0.027484379447996615
0.01,0,cnn,64,102,0.03152381028980017
0.01,0,cnn,64,103,0.030422403551638125
0.01,0,cnn,64,104,0.029774480387568473
0.01,0,cnn,64,105,0.028059700131416322
0.01,0,cnn,64,106,0.029417815171182155
0.01,0,cnn,64,107,0.03141296084970236
0.01,0,cnn,64,108,0.03517655164003372
0.01,0,cnn,64,109,0.03432443913072348
0.01,0,cnn,64,110,0.03537477619946003
0.01,0,cnn,64,111,0.032687673717737196
0.01,0,cnn,64,112,0.02672839902341366
0.01,0,cnn,64,113,0.030026322156190874
0.01,0,cnn,64,114,0.030036463774740695
0.01,0,cnn,64,115,0.02692995861172676
0.01,0,cnn,64,116,0.02958724193274975
0.01,0,cnn,64,117,0.029207608290016653
0.01,0,cnn,64,118,0.025040878020226955
0.01,0,cnn,64,119,0.03126886561512947
0.01,0,cnn,64,120,0.02054716447368264
0.01,0,cnn,64,121,0.022126585580408573
0.01,0,cnn,64,122,0.02011746907606721
0.01,0,cnn,64,123,0.019597067683935165
0.01,0,cnn,64,124,0.020857792552560567
0.01,0,cnn,64,125,0.023187306132167577
0.01,0,cnn,64,126,0.021033754982054235
0.01,0,cnn,64,127,0.019328258447349072
0.01,0,cnn,64,128,0.022259587328881024
0.01,0,cnn,64,129,0.0193118829280138
0.01,0,cnn,64,130,0.018202944435179235
0.01,0,cnn,64,131,0.02321649868041277
0.01,0,cnn,64,132,0.022761875353753565
0.01,0,cnn,64,133,0.024996165577322246
0.01,0,cnn,64,134,0.02061330197378993
0.01,0,cnn,64,135,0.023041325584053994
0.01,0,cnn,64,136,0.020720600709319116
0.01,0,cnn,64,137,0.018919734936207532
0.01,0,cnn,64,138,0.0189990096911788
0.01,0,cnn,64,139,0.01827809475362301
0.01,0,cnn,64,140,0.01881457820534706
0.01,0,cnn,64,141,0.01865037702023983
0.01,0,cnn,64,142,0.01837970267981291
0.01,0,cnn,64,143,0.01606894865632057
0.01,0,cnn,64,144,0.019924985244870186
0.01,0,cnn,64,145,0.02427640926092863
0.01,0,cnn,64,146,0.022092179711908102
0.01,0,cnn,64,147,0.018438097033649684
0.01,0,cnn,64,148,0.0170019163005054
0.01,0,cnn,64,149,0.018224212061613797
0.01,0,cnn,64,150,0.01897339867427945
0.01,0,cnn,64,151,0.018665730748325587
0.01,0,cnn,64,152,0.019838918205350636
0.01,0,cnn,64,153,0.019999336171895265
0.01,0,cnn,64,154,0.021907556913793088
0.01,0,cnn,64,155,0.02056849418208003
0.01,0,cnn,64,156,0.01803395688533783
0.01,0,cnn,64,157,0.016704281512647867
0.01,0,cnn,64,158,0.020633447747677565
0.01,0,cnn,64,159,0.02296370455995202
0.01,0,cnn,64,160,0.0180030445381999
0.01,0,cnn,64,161,0.016922972071915864
0.01,0,cnn,64,162,0.01977581113576889
0.01,0,cnn,64,163,0.023299191743135453
0.01,0,cnn,64,164,0.01897679913789034
0.01,0,cnn,64,165,0.017733646836131812
0.01,0,cnn,64,166,0.017465799525380136
0.01,0,cnn,64,167,0.016690981723368168
0.01,0,cnn,64,168,0.017258852310478686
0.01,0,cnn,64,169,0.020512292739003898
0.01,0,cnn,64,170,0.016971336882561444
0.01,0,cnn,64,171,0.01704951671883464
0.01,0,cnn,64,172,0.017992038819938896
0.01,0,cnn,64,173,0.0184735588170588
0.01,0,cnn,64,174,0.019198018219321968
0.01,0,cnn,64,175,0.019781697578728198
0.01,0,cnn,64,176,0.02185571987181902
0.01,0,cnn,64,177,0.022132899686694144
0.01,0,cnn,64,178,0.020735036544501782
0.01,0,cnn,64,179,0.016072116829454898
0.01,0,cnn,64,180,0.014013952054083347
0.01,0,cnn,64,181,0.013603652473539113
0.01,0,cnn,64,182,0.01365783354267478
0.01,0,cnn,64,183,0.013496179264038802
0.01,0,cnn,64,184,0.0139740339666605
0.01,0,cnn,64,185,0.013650453928858042
0.01,0,cnn,64,186,0.01317395893856883
0.01,0,cnn,64,187,0.01395591150969267
0.01,0,cnn,64,188,0.014706295765936375
0.01,0,cnn,64,189,0.013746311627328396
0.01,0,cnn,64,190,0.01409386781975627
0.01,0,cnn,64,191,0.01382826428860426
0.01,0,cnn,64,192,0.014239460155367851
0.01,0,cnn,64,193,0.01410292148590088
0.01,0,cnn,64,194,0.013644928541034461
0.01,0,cnn,64,195,0.01350146384909749
0.01,0,cnn,64,196,0.013266355693340302
0.01,0,cnn,64,197,0.013592078797519207
0.01,0,cnn,64,198,0.013216521553695203
0.01,0,cnn,64,199,0.013929179403930902
0.01,0,cnn,64,200,0.01311604805290699
0.01,0,cnn,64,201,0.01402485815808177
0.01,0,cnn,64,202,0.015322079472243786
0.01,0,cnn,64,203,0.012876219544559718
0.01,0,cnn,64,204,0.013927199840545655
0.01,0,cnn,64,205,0.013238016124814749
0.01,0,cnn,64,206,0.012799786366522313
0.01,0,cnn,64,207,0.013886280581355095
0.01,0,cnn,64,208,0.014688712321221828
0.01,0,cnn,64,209,0.016530104987323282
0.01,0,cnn,64,210,0.014023270327597856
0.01,0,cnn,64,211,0.015130098797380925
0.01,0,cnn,64,212,0.014050912875682116
0.01,0,cnn,64,213,0.015280954241752624
0.01,0,cnn,64,214,0.013396527860313654
0.01,0,cnn,64,215,0.012679217401891946
0.01,0,cnn,64,216,0.012834238987416029
0.01,0,cnn,64,217,0.013855243660509586
0.01,0,cnn,64,218,0.013375470750033855
0.01,0,cnn,64,219,0.014106608927249908
0.01,0,cnn,64,220,0.014183567501604558
0.01,0,cnn,64,221,0.015698916614055633
0.01,0,cnn,64,222,0.015064013302326202
0.01,0,cnn,64,223,0.013576120175421237
0.01,0,cnn,64,224,0.012886053565889597
0.01,0,cnn,64,225,0.012612237520515919
0.01,0,cnn,64,226,0.013846859727054834
0.01,0,cnn,64,227,0.012925983127206563
0.01,0,cnn,64,228,0.011973224226385354
0.01,0,cnn,64,229,0.01354831174015999
0.01,0,cnn,64,230,0.014014597032219172
0.01,0,cnn,64,231,0.013212941084057093
0.01,0,cnn,64,232,0.013447656463831663
0.01,0,cnn,64,233,0.013625919166952372
0.01,0,cnn,64,234,0.013248935397714377
0.01,0,cnn,64,235,0.012453349512070418
0.01,0,cnn,64,236,0.014040520004928113
0.01,0,cnn,64,237,0.012406977117061615
0.01,0,cnn,64,238,0.011967053934931755
0.01,0,cnn,64,239,0.01332167686894536
0.01,0,cnn,64,240,0.011629434265196324
0.01,0,cnn,64,241,0.010578379947692156
0.01,0,cnn,64,242,0.010950259007513523
0.01,0,cnn,64,243,0.010756103154271841
0.01,0,cnn,64,244,0.011475452557206153
0.01,0,cnn,64,245,0.01076793709769845
0.01,0,cnn,64,246,0.011377005809918047
0.01,0,cnn,64,247,0.011097154524177312
0.01,0,cnn,64,248,0.01148174025118351
0.01,0,cnn,64,249,0.011606135088950396
0.01,0,cnn,64,250,0.011846527773886919
0.01,0,cnn,64,251,0.011418638974428177
0.01,0,cnn,64,252,0.012527644131332637
0.01,0,cnn,64,253,0.010669118221849204
0.01,0,cnn,64,254,0.010797252599149942
0.01,0,cnn,64,255,0.01067463173530996
0.01,0,cnn,64,256,0.01118009839206934
0.01,0,cnn,64,257,0.010659266896545887
0.01,0,cnn,64,258,0.010768749378621578
0.01,0,cnn,64,259,0.011674829293042421
0.01,0,cnn,64,260,0.010676099518314004
0.01,0,cnn,64,261,0.01052606388926506
0.01,0,cnn,64,262,0.01038027746602893
0.01,0,cnn,64,263,0.010609794296324254
0.01,0,cnn,64,264,0.0118097117356956
0.01,0,cnn,64,265,0.01089294694364071
0.01,0,cnn,64,266,0.011627469323575496
0.01,0,cnn,64,267,0.010553553123027087
0.01,0,cnn,64,268,0.010754872355610132
0.01,0,cnn,64,269,0.010999147705733776
0.01,0,cnn,64,270,0.010210195071995259
0.01,0,cnn,64,271,0.010981824137270451
0.01,0,cnn,64,272,0.010340089704841375
0.01,0,cnn,64,273,0.010508613437414169
0.01,0,cnn,64,274,0.011228411998599768
0.01,0,cnn,64,275,0.01033713150769472
0.01,0,cnn,64,276,0.01039155900478363
0.01,0,cnn,64,277,0.010907251629978418
0.01,0,cnn,64,278,0.010473652044311166
0.01,0,cnn,64,279,0.010265308767557144
0.01,0,cnn,64,280,0.010584940742701292
0.01,0,cnn,64,281,0.010178677933290602
0.01,0,cnn,64,282,0.010177456038072706
0.01,0,cnn,64,283,0.010653287284076213
0.01,0,cnn,64,284,0.010274440348148346
0.01,0,cnn,64,285,0.01077031008899212
0.01,0,cnn,64,286,0.010199886495247484
0.01,0,cnn,64,287,0.011226202510297299
0.01,0,cnn,64,288,0.010398951079696416
0.01,0,cnn,64,289,0.011177183743566275
0.01,0,cnn,64,290,0.012049493975937367
0.01,0,cnn,64,291,0.010781260188668967
0.01,0,cnn,64,292,0.010880825873464346
0.01,0,cnn,64,293,0.011280363835394382
0.01,0,cnn,64,294,0.011035912465304136
0.01,0,cnn,64,295,0.011064987219870091
0.01,0,cnn,64,296,0.010616593696177005
0.01,0,cnn,64,297,0.010335465595126152
0.01,0,cnn,64,298,0.010921824499964714
0.01,0,cnn,64,299,0.011044588368386031
0.01,0,fno,256,0,0.5971802031993866
0.01,0,fno,256,1,0.23575895994901658
0.01,0,fno,256,2,0.16357284486293794
0.01,0,fno,256,3,0.1268889382481575
0.01,0,fno,256,4,0.10467354670166969
0.01,0,fno,256,5,0.09187226191163063
0.01,0,fno,256,6,0.09250502176582813
0.01,0,fno,256,7,0.08093884721398353
0.01,0,fno,256,8,0.0712905240803957
0.01,0,fno,256,9,0.06342214338481426
0.01,0,fno,256,10,0.06364730253815651
0.01,0,fno,256,11,0.06008480988442898
0.01,0,fno,256,12,0.05670817218720913
0.01,0,fno,256,13,0.05457618713378906
0.01,0,fno,256,14,0.05256114222109318
0.01,0,fno,256,15,0.052697942703962324
0.01,0,fno,256,16,0.049572486132383346
0.01,0,fno,256,17,0.04292908228933811
0.01,0,fno,256,18,0.04217998385429382
0.01,0,fno,256,19,0.04604633621871471
0.01,0,fno,256,20,0.042209835052490235
0.01,0,fno,256,21,0.049198412373661994
0.01,0,fno,256,22,0.04683637246489525
0.01,0,fno,256,23,0.04352514661848545
0.01,0,fno,256,24,0.04372201330959797
0.01,0,fno,256,25,0.03979972086846829
0.01,0,fno,256,26,0.04106103830039501
0.01,0,fno,256,27,0.04130267824977636
0.01,0,fno,256,28,0.0423943505436182
0.01,0,fno,256,29,0.03831278990954161
0.01,0,fno,256,30,0.0390764344483614
0.01,0,fno,256,31,0.03674787152558565
0.01,0,fno,256,32,0.040378908328711986
0.01,0,fno,256,33,0.0372292098030448
0.01,0,fno,256,34,0.037441532984375955
0.01,0,fno,256,35,0.033690539449453355
0.01,0,fno,256,36,0.03661713644862175
0.01,0,fno,256,37,0.03326120834797621
0.01,0,fno,256,38,0.036693155281245705
0.01,0,fno,256,39,0.033375861570239064
0.01,0,fno,256,40,0.03310631386935711
0.01,0,fno,256,41,0.03208529252558947
0.01,0,fno,256,42,0.032646027356386186
0.01,0,fno,256,43,0.03196808572858572
0.01,0,fno,256,44,0.033128146231174466
0.01,0,fno,256,45,0.035523792207241056
0.01,0,fno,256,46,0.033579395413398744
0.01,0,fno,256,47,0.03091634064912796
0.01,0,fno,256,48,0.035194789543747905
0.01,0,fno,256,49,0.042852302528917786
0.01,0,fno,256,50,0.032235843613743785
0.01,0,fno,256,51,0.029656273536384104
0.01,0,fno,256,52,0.030269827879965305
0.01,0,fno,256,53,0.03298329945653677
0.01,0,fno,256,54,0.033122167624533176
0.01,0,fno,256,55,0.03276870690286159
0.01,0,fno,256,56,0.028357506506145002
0.01,0,fno,256,57,0.031449277959764
0.01,0,fno,256,58,0.03219052910804748
0.01,0,fno,256,59,0.031115717627108096
0.01,0,fno,256,60,0.024911724478006363
0.01,0,fno,256,61,0.02344816867262125
0.01,0,fno,256,62,0.021373591758310793
0.01,0,fno,256,63,0.02280489690601826
0.01,0,fno,256,64,0.021400474086403845
0.01,0,fno,256,65,0.021739154905080795
0.01,0,fno,256,66,0.020512742828577755
0.01,0,fno,256,67,0.02249280020594597
0.01,0,fno,256,68,0.020304044913500546
0.01,0,fno,256,69,0.02033380564302206
0.01,0,fno,256,70,0.019434527065604924
0.01,0,fno,256,71,0.019737046360969544
0.01,0,fno,256,72,0.021163833718746902
0.01,0,fno,256,73,0.019388735629618167
0.01,0,fno,256,74,0.021739306300878523
0.01,0,fno,256,75,0.019712175372987986
0.01,0,fno,256,76,0.02125526489689946
0.01,0,fno,256,77,0.019572180788964035
0.01,0,fno,256,78,0.019122769497334956
0.01,0,fno,256,79,0.02156936500221491
0.01,0,fno,256,80,0.01943053049966693
0.01,0,fno,256,81,0.020564276315271853
0.01,0,fno,256,82,0.021745982766151428
0.01,0,fno,256,83,0.019237255919724704
0.01,0,fno,256,84,0.020063657965511083
0.01,0,fno,256,85,0.01917361654341221
0.01,0,fno,256,86,0.019817138854414225
0.01,0,fno,256,87,0.0207782319560647
0.01,0,fno,256,88,0.019450106862932443
0.01,0,fno,256,89,0.02124672869220376
0.01,0,fno,256,90,0.020682325884699822
0.01,0,fno,256,91,0.022960089594125748
0.01,0,fno,256,92,0.020568240843713285
0.01,0,fno,256,93,0.021799786426126958
0.01,0,fno,256,94,0.0190193004719913
0.01,0,fno,256,95,0.020616249591112138
0.01,0,fno,256,96,0.020724081210792066
0.01,0,fno,256,97,0.019621746707707645
0.01,0,fno,256,98,0.020323684606701135
0.01,0,fno,256,99,0.01804786439985037
0.01,0,fno,256,100,0.01891178175806999
0.01,0,fno,256,101,0.01851164650171995
0.01,0,fno,256,102,0.018293236661702395
0.01,0,fno,256,103,0.019556287210434675
0.01,0,fno,256,104,0.019785371590405703
0.01,0,fno,256,105,0.018174670226871966
0.01,0,fno,256,106,0.018654700182378293
0.01,0,fno,256,107,0.02055851275101304
0.01,0,fno,256,108,0.018285100162029267
0.01,0,fno,256,109,0.02075505118817091
0.01,0,fno,256,110,0.018020037226378918
0.01,0,fno,256,111,0.0173539031483233
0.01,0,fno,256,112,0.019366702139377592
0.01,0,fno,256,113,0.017364195100963115
0.01,0,fno,256,114,0.01740681055933237
0.01,0,fno,256,115,0.017853778023272752
0.01,0,fno,256,116,0.018693139776587486
0.01,0,fno,256,117,0.020440739262849093
0.01,0,fno,256,118,0.018027723673731087
0.01,0,fno,256,119,0.019235880952328442
0.01,0,fno,256,120,0.016158058773726225
0.01,0,fno,256,121,0.014202798306941987
0.01,0,fno,256,122,0.013700019344687462
0.01,0,fno,256,123,0.013624890688806773
0.01,0,fno,256,124,0.013971912041306496
0.01,0,fno,256,125,0.013999347817152738
0.01,0,fno,256,126,0.014473335444927215
0.01,0,fno,256,127,0.013669953234493732
0.01,0,fno,256,128,0.013779027257114648
0.01,0,fno,256,129,0.013692517280578614
0.01,0,fno,256,130,0.01336669834330678
0.01,0,fno,256,131,0.013390605561435223
0.01,0,fno,256,132,0.013825166337192059
0.01,0,fno,256,133,0.013397769946604967
0.01,0,fno,256,134,0.013782452140003443
0.01,0,fno,256,135,0.015264591928571462
0.01,0,fno,256,136,0.013788991086184978
0.01,0,fno,256,137,0.013184761740267276
0.01,0,fno,256,138,0.013049752693623304
0.01,0,fno,256,139,0.013782858680933714
0.01,0,fno,256,140,0.01380939532071352
0.01,0,fno,256,141,0.013777683191001415
0.01,0,fno,256,142,0.013519820366054773
0.01,0,fno,256,143,0.01370963791385293
0.01,0,fno,256,144,0.013000560402870178
0.01,0,fno,256,145,0.013018666226416826
0.01,0,fno,256,146,0.01304484775289893
0.01,0,fno,256,147,0.013196394853293896
0.01,0,fno,256,148,0.013160297386348248
0.01,0,fno,256,149,0.01311459494754672
0.01,0,fno,256,150,0.012527264095842839
0.01,0,fno,256,151,0.01255956569686532
0.01,0,fno,256,152,0.012821359764784575
0.01,0,fno,256,153,0.013145331144332886
0.01,0,fno,256,154,0.013970951121300458
0.01,0,fno,256,155,0.01358232818543911
0.01,0,fno,256,156,0.013205694779753686
0.01,0,fno,256,157,0.014482564833015204
0.01,0,fno,256,158,0.012885803468525409
0.01,0,fno,256,159,0.013464730065315962
0.01,0,fno,256,160,0.01234076015651226
0.01,0,fno,256,161,0.013138169702142478
0.01,0,fno,256,162,0.01306209472939372
0.01,0,fno,256,163,0.012043885253369808
0.01,0,fno,256,164,0.012601571083068848
0.01,0,fno,256,165,0.013183531146496534
0.01,0,fno,256,166,0.013548510298132897
0.01,0,fno,256,167,0.014239303190261126
0.01,0,fno,256,168,0.012125624995678663
0.01,0,fno,256,169,0.012020029183477164
0.01,0,fno,256,170,0.012789957113564015
0.01,0,fno,256,171,0.012509483806788922
0.01,0,fno,256,172,0.01226288828998804
0.01,0,fno,256,173,0.0121287633292377
0.01,0,fno,256,174,0.013437676467001438
0.01,0,fno,256,175,0.01288746139034629
0.01,0,fno,256,176,0.01308990640565753
0.01,0,fno,256,177,0.012391360383480788
0.01,0,fno,256,178,0.012681332603096961
0.01,0,fno,256,179,0.012302347104996442
0.01,0,fno,256,180,0.01080131608992815
0.01,0,fno,256,181,0.011001572366803885
0.01,0,fno,256,182,0.010919778952375054
0.01,0,fno,256,183,0.010233784299343825
0.01,0,fno,256,184,0.010225226283073425
0.01,0,fno,256,185,0.010620043044909835
0.01,0,fno,256,186,0.010548799317330122
0.01,0,fno,256,187,0.010352999623864888
0.01,0,fno,256,188,0.01030267158523202
0.01,0,fno,256,189,0.010519300689920782
0.01,0,fno,256,190,0.010608172137290239
0.01,0,fno,256,191,0.010545236300677061
0.01,0,fno,256,192,0.010825637821108102
0.01,0,fno,256,193,0.010389889385551214
0.01,0,fno,256,194,0.010582779627293348
0.01,0,fno,256,195,0.010530242389068007
0.01,0,fno,256,196,0.010881876703351737
0.01,0,fno,256,197,0.010146024841815234
0.01,0,fno,256,198,0.010184092996641993
0.01,0,fno,256,199,0.010400717509910465
0.01,0,fno,256,200,0.010353027619421482
0.01,0,fno,256,201,0.010395456003025175
0.01,0,fno,256,202,0.010585427694022655
0.01,0,fno,256,203,0.010587731506675482
0.01,0,fno,256,204,0.010069215912371874
0.01,0,fno,256,205,0.010134472195059061
0.01,0,fno,256,206,0.009853937197476625
0.01,0,fno,256,207,0.01020783457905054
0.01,0,fno,256,208,0.010043814340606331
0.01,0,fno,256,209,0.010206264313310384
0.01,0,fno,256,210,0.01029048189520836
0.01,0,fno,256,211,0.010850716792047023
0.01,0,fno,256,212,0.011352690886706113
0.01,0,fno,256,213,0.010406921524554491
0.01,0,fno,256,214,0.01005315661430359
0.01,0,fno,256,215,0.010333622545003892
0.01,0,fno,256,216,0.009823137912899255
0.01,0,fno,256,217,0.010114766173064709
0.01,0,fno,256,218,0.010116972420364618
0.01,0,fno,256,219,0.009944867510348558
0.01,0,fno,256,220,0.009866280891001224
0.01,0,fno,256,221,0.009797653565183282
0.01,0,fno,256,222,0.010588079784065485
0.01,0,fno,256,223,0.010656015016138554
0.01,0,fno,256,224,0.009934429973363877
0.01,0,fno,256,225,0.010082817766815425
0.01,0,fno,256,226,0.010046891234815121
0.01,0,fno,256,227,0.010112965553998947
0.01,0,fno,256,228,0.010040918290615082
0.01,0,fno,256,229,0.009760731188580394
0.01,0,fno,256,230,0.010175633784383535
0.01,0,fno,256,231,0.009968289071694017
0.01,0,fno,256,232,0.009825104055926204
0.01,0,fno,256,233,0.009902184763923287
0.01,0,fno,256,234,0.00971406301483512
0.01,0,fno,256,235,0.009723034715279936
0.01,0,fno,256,236,0.009973526699468493
0.01,0,fno,256,237,0.009842694271355867
0.01,0,fno,256,238,0.009697161372750998
0.01,0,fno,256,239,0.009659607466310262
0.01,0,fno,256,240,0.009261818630620837
0.01,0,fno,256,241,0.008993914648890496
0.01,0,fno,256,242,0.008943463433533907
0.01,0,fno,256,243,0.008888647025451064
0.01,0,fno,256,244,0.008854913925752043
0.01,0,fno,256,245,0.008898892048746347
0.01,0,fno,256,246,0.008966411100700497
0.01,0,fno,256,247,0.008907967619597912
0.01,0,fno,256,248,0.0088263601064682
0.01,0,fno,256,249,0.008841255493462086
0.01,0,fno,256,250,0.00891556846909225
0.01,0,fno,256,251,0.008987153777852655
0.01,0,fno,256,252,0.009000787409022451
0.01,0,fno,256,253,0.008854549331590533
0.01,0,fno,256,254,0.008931798916310072
0.01,0,fno,256,255,0.008773592049255968
0.01,0,fno,256,256,0.008906615665182471
0.01,0,fno,256,257,0.008921470018103719
0.01,0,fno,256,258,0.008994042938575149
0.01,0,fno,256,259,0.00889581142924726
0.01,0,fno,256,260,0.00908355761319399
0.01,0,fno,256,261,0.00876838861964643
0.01,0,fno,256,262,0.00874108362942934
0.01,0,fno,256,263,0.008785665966570377
0.01,0,fno,256,264,0.008921792218461632
0.01,0,fno,256,265,0.008863912504166365
0.01,0,fno,256,266,0.008747196542099118
0.01,0,fno,256,267,0.008852254999801516
0.01,0,fno,256,268,0.009045717474073171
0.01,0,fno,256,269,0.008780161933973431
0.01,0,fno,256,270,0.008763948548585176
0.01,0,fno,256,271,0.009121844256296753
0.01,0,fno,256,272,0.009071805188432336
0.01,0,fno,256,273,0.008953176541253924
0.01,0,fno,256,274,0.008738238578662277
0.01,0,fno,256,275,0.008723625466227531
0.01,0,fno,256,276,0.008950382331386208
0.01,0,fno,256,277,0.008733090935274959
0.01,0,fno,256,278,0.008864295342937112
0.01,0,fno,256,279,0.008721094727516174
0.01,0,fno,256,280,0.008752592895179987
0.01,0,fno,256,281,0.008574091866612434
0.01,0,fno,256,282,0.008620555186644197
0.01,0,fno,256,283,0.008678056392818689
0.01,0,fno,256,284,0.00889979680068791
0.01,0,fno,256,285,0.008632223820313811
0.01,0,fno,256,286,0.008977666879072786
0.01,0,fno,256,287,0.008788700681179762
0.01,0,fno,256,288,0.008592451335862278
0.01,0,fno,256,289,0.008575658071786165
0.01,0,fno,256,290,0.008500380832701921
0.01,0,fno,256,291,0.008487304272130132
0.01,0,fno,256,292,0.008658954463899136
0.01,0,fno,256,293,0.008592953151091933
0.01,0,fno,256,294,0.008478571567684412
0.01,0,fno,256,295,0.008517880691215396
0.01,0,fno,256,296,0.008651820784434676
0.01,0,fno,256,297,0.0087473308108747
0.01,0,fno,256,298,0.008717614077031612
0.01,0,fno,256,299,0.008609983380883932
0.01,1,fno,64,0,0.6234031426906586
0.01,1,fno,64,1,0.26318283438682555
0.01,1,fno,64,2,0.18367613285779952
0.01,1,fno,64,3,0.14825461089611053
0.01,1,fno,64,4,0.12396457701921464
0.01,1,fno,64,5,0.1111509008705616
0.01,1,fno,64,6,0.10662847757339478
0.01,1,fno,64,7,0.10138782218098641
0.01,1,fno,64,8,0.08911145269870759
0.01,1,fno,64,9,0.07892352111637592
0.01,1,fno,64,10,0.08012518808245658
0.01,1,fno,64,11,0.0740383855253458
0.01,1,fno,64,12,0.07190844230353832
0.01,1,fno,64,13,0.06813128009438514
0.01,1,fno,64,14,0.06232794187963009
0.01,1,fno,64,15,0.0656659522652626
0.01,1,fno,64,16,0.0604990366846323
0.01,1,fno,64,17,0.05841970469802618
0.01,1,fno,64,18,0.05753538437187672
0.01,1,fno,64,19,0.05888895638287067
0.01,1,fno,64,20,0.054846951961517336
0.01,1,fno,64,21,0.05700305134057999
0.01,1,fno,64,22,0.05151266857981682
0.01,1,fno,64,23,0.06175385050475597
0.01,1,fno,64,24,0.054699176475405696
0.01,1,fno,64,25,0.04701178014278412
0.01,1,fno,64,26,0.04553419671952724
0.01,1,fno,64,27,0.05152872435748577
0.01,1,fno,64,28,0.05103938981890679
0.01,1,fno,64,29,0.04608983673155308
0.01,1,fno,64,30,0.05158553395420313
0.01,1,fno,64,31,0.04620173178613186
0.01,1,fno,64,32,0.0432324630394578
0.01,1,fno,64,33,0.047009924277663234
0.01,1,fno,64,34,0.04341374482959509
0.01,1,fno,64,35,0.042162272036075595
0.01,1,fno,64,36,0.040881482064723966
0.01,1,fno,64,37,0.041655120328068736
0.01,1,fno,64,38,0.03815108723938465
0.01,1,fno,64,39,0.04197016768157482
0.01,1,fno,64,40,0.042500993832945824
0.01,1,fno,64,41,0.03965706124901772
0.01,1,fno,64,42,0.04007432609796524
0.01,1,fno,64,43,0.036982648335397245
0.01,1,fno,64,44,0.03853997033089399
0.01,1,fno,64,45,0.03597650770097971
0.01,1,fno,64,46,0.03741173062473536
0.01,1,fno,64,47,0.039487479478120806
0.01,1,fno,64,48,0.03829738609492779
0.01,1,fno,64,49,0.036087326370179654
0.01,1,fno,64,50,0.035325933136045935
0.01,1,fno,64,51,0.0367900350689888
0.01,1,fno,64,52,0.0344375615939498
0.01,1,fno,64,53,0.035739629603922365
0.01,1,fno,64,54,0.03693622682243586
0.01,1,fno,64,55,0.034178849495947364
0.01,1,fno,64,56,0.034221207275986675
0.01,1,fno,64,57,0.03335771381855011
0.01,1,fno,64,58,0.03519421745091677
0.01,1,fno,64,59,0.03572838481515646
0.01,1,fno,64,60,0.026456360928714274
0.01,1,fno,64,61,0.024875340536236763
0.01,1,fno,64,62,0.023207549266517163
0.01,1,fno,64,63,0.024636283181607724
0.01,1,fno,64,64,0.025605661012232304
0.01,1,fno,64,65,0.0245218375697732
0.01,1,fno,64,66,0.024992605112493037
0.01,1,fno,64,67,0.023198332376778125
0.01,1,fno,64,68,0.023243092745542527
0.01,1,fno,64,69,0.02299423225224018
0.01,1,fno,64,70,0.02295106031000614
0.01,1,fno,64,71,0.024153610207140446
0.01,1,fno,64,72,0.023507890105247498
0.01,1,fno,64,73,0.02269706893712282
0.01,1,fno,64,74,0.02277329660952091
0.01,1,fno,64,75,0.023873983062803746
0.01,1,fno,64,76,0.026028971783816815
0.01,1,fno,64,77,0.025355910956859587
0.01,1,fno,64,78,0.025518747307360173
0.01,1,fno,64,79,0.023390211276710034
0.01,1,fno,64,80,0.02278762586414814
0.01,1,fno,64,81,0.0280765675753355
0.01,1,fno,64,82,0.028480682000517846
0.01,1,fno,64,83,0.024009163305163384
0.01,1,fno,64,84,0.021780621893703937
0.01,1,fno,64,85,0.025787989124655724
0.01,1,fno,64,86,0.02338441338390112
0.01,1,fno,64,87,0.02305891577154398
0.01,1,fno,64,88,0.02084769109264016
0.01,1,fno,64,89,0.021140782982110976
0.01,1,fno,64,90,0.02392264246940613
0.01,1,fno,64,91,0.022314235009253024
0.01,1,fno,64,92,0.021935926023870705
0.01,1,fno,64,93,0.02268819581717253
0.01,1,fno,64,94,0.020074051767587663
0.01,1,fno,64,95,0.02214064385741949
0.01,1,fno,64,96,0.025271460339426996
0.01,1,fno,64,97,0.022897216528654098
0.01,1,fno,64,98,0.021692218501120807
0.01,1,fno,64,99,0.02385412506759167
0.01,1,fno,64,100,0.02206725098192692
0.01,1,fno,64,101,0.02124841185286641
0.01,1,fno,64,102,0.02179751742631197
0.01,1,fno,64,103,0.023479860834777357
0.01,1,fno,64,104,0.02105911698192358
0.01,1,fno,64,105,0.020694841463118792
0.01,1,fno,64,106,0.021029560696333646
0.01,1,fno,64,107,0.02038042722269893
0.01,1,fno,64,108,0.019927210714668034
0.01,1,fno,64,109,0.019177952706813814
0.01,1,fno,64,110,0.020662538558244705
0.01,1,fno,64,111,0.021032903138548137
0.01,1,fno,64,112,0.02056574648246169
0.01,1,fno,64,113,0.020115357246249913
0.01,1,fno,64,114,0.02224096465855837
0.01,1,fno,64,115,0.02080992667004466
0.01,1,fno,64,116,0.019121464546769856
0.01,1,fno,64,117,0.020682527218014002
0.01,1,fno,64,118,0.0201875988766551
0.01,1,fno,64,119,0.021761938780546188
0.01,1,fno,64,120,0.017406462002545597
0.01,1,fno,64,121,0.016544608380645514
0.01,1,fno,64,122,0.015625764466822147
0.01,1,fno,64,123,0.014770649466663599
0.01,1,fno,64,124,0.014394147172570228
0.01,1,fno,64,125,0.015062279924750328
0.01,1,fno,64,126,0.015748654566705225
0.01,1,fno,64,127,0.01498211307451129
0.01,1,fno,64,128,0.014507306795567275
0.01,1,fno,64,129,0.01594722580164671
0.01,1,fno,64,130,0.015472041573375464
0.01,1,fno,64,131,0.014437343422323466
0.01,1,fno,64,132,0.015424917470663786
0.01,1,fno,64,133,0.01543259097263217
0.01,1,fno,64,134,0.013967670630663634
0.01,1,fno,64,135,0.01571993822231889
0.01,1,fno,64,136,0.014870567955076694
0.01,1,fno,64,137,0.014926285743713378
0.01,1,fno,64,138,0.014754387233406305
0.01,1,fno,64,139,0.015812776163220407
0.01,1,fno,64,140,0.01380321042612195
0.01,1,fno,64,141,0.014806978106498718
0.01,1,fno,64,142,0.015573731288313866
0.01,1,fno,64,143,0.014296531435102225
0.01,1,fno,64,144,0.014663450811058283
0.01,1,fno,64,145,0.015135154780000448
0.01,1,fno,64,146,0.015837354362010957
0.01,1,fno,64,147,0.014493320938199758
0.01,1,fno,64,148,0.015378930494189263
0.01,1,fno,64,149,0.014670092910528183
0.01,1,fno,64,150,0.014964319821447135
0.01,1,fno,64,151,0.01501675885170698
0.01,1,fno,64,152,0.014348784126341343
0.01,1,fno,64,153,0.013981329295784235
0.01,1,fno,64,154,0.014435006473213434
0.01,1,fno,64,155,0.014059458617120981
0.01,1,fno,64,156,0.014122415520250797
0.01,1,fno,64,157,0.013438337557017803
0.01,1,fno,64,158,0.014034970048815012
0.01,1,fno,64,159,0.01627924755215645
0.01,1,fno,64,160,0.01418503051623702
0.01,1,fno,64,161,0.013706825785338878
0.01,1,fno,64,162,0.013453182373195887
0.01,1,fno,64,163,0.01364339241757989
0.01,1,fno,64,164,0.013529424611479044
0.01,1,fno,64,165,0.013845880683511495
0.01,1,fno,64,166,0.014559885207563638
0.01,1,fno,64,167,0.015183475278317928
0.01,1,fno,64,168,0.013905650153756142
0.01,1,fno,64,169,0.013198120910674334
0.01,1,fno,64,170,0.012739651389420032
0.01,1,fno,64,171,0.013089031856507062
0.01,1,fno,64,172,0.013056903667747975
0.01,1,fno,64,173,0.013866642452776433
0.01,1,fno,64,174,0.013779639601707458
0.01,1,fno,64,175,0.015157356932759285
0.01,1,fno,64,176,0.013713529892265796
0.01,1,fno,64,177,0.014335697907954454
0.01,1,fno,64,178,0.013976639956235886
0.01,1,fno,64,179,0.013275293242186308
0.01,1,fno,64,180,0.012343925572931767
0.01,1,fno,64,181,0.011246859394013882
0.01,1,fno,64,182,0.01150403257459402
0.01,1,fno,64,183,0.010996642652899027
0.01,1,fno,64,184,0.011540488209575414
0.01,1,fno,64,185,0.011057543903589248
0.01,1,fno,64,186,0.010929078739136457
0.01,1,fno,64,187,0.010952424537390471
0.01,1,fno,64,188,0.011132015939801931
0.01,1,fno,64,189,0.01163489069789648
0.01,1,fno,64,190,0.011120558381080628
0.01,1,fno,64,191,0.012161977328360081
0.01,1,fno,64,192,0.011634863037616015
0.01,1,fno,64,193,0.01104640107601881
0.01,1,fno,64,194,0.011979547757655383
0.01,1,fno,64,195,0.011114284582436084
0.01,1,fno,64,196,0.010812694486230612
0.01,1,fno,64,197,0.01093410538509488
0.01,1,fno,64,198,0.011015968695282936
0.01,1,fno,64,199,0.011445563994348049
0.01,1,fno,64,200,0.011335736215114594
0.01,1,fno,64,201,0.011162494253367185
0.01,1,fno,64,202,0.011404913328588008
0.01,1,fno,64,203,0.01151499843224883
0.01,1,fno,64,204,0.011182965599000455
0.01,1,fno,64,205,0.010873528085649014
0.01,1,fno,64,206,0.010876372624188661
0.01,1,fno,64,207,0.012108221109956503
0.01,1,fno,64,208,0.011036858074367046
0.01,1,fno,64,209,0.010843603573739528
0.01,1,fno,64,210,0.010314458869397641
0.01,1,fno,64,211,0.01070928482338786
0.01,1,fno,64,212,0.010834875758737325
0.01,1,fno,64,213,0.011271892581135035
0.01,1,fno,64,214,0.011105728540569544
0.01,1,fno,64,215,0.010575577672570944
0.01,1,fno,64,216,0.010731781907379627
0.01,1,fno,64,217,0.010836947420611977
0.01,1,fno,64,218,0.01045061950571835
0.01,1,fno,64,219,0.01094150086864829
0.01,1,fno,64,220,0.01058422701433301
0.01,1,fno,64,221,0.011166333351284266
0.01,1,fno,64,222,0.010929357446730136
0.01,1,fno,64,223,0.010585436131805182
0.01,1,fno,64,224,0.01062569670379162
0.01,1,fno,64,225,0.010621992107480764
0.01,1,fno,64,226,0.010621517803519965
0.01,1,fno,64,227,0.011397334635257722
0.01,1,fno,64,228,0.01049366844817996
0.01,1,fno,64,229,0.011066612489521503
0.01,1,fno,64,230,0.01093417969532311
0.01,1,fno,64,231,0.010644773729145527
0.01,1,fno,64,232,0.010429034195840358
0.01,1,fno,64,233,0.010768829695880413
0.01,1,fno,64,234,0.010521482760086655
0.01,1,fno,64,235,0.010595459416508675
0.01,1,fno,64,236,0.011472862493246794
0.01,1,fno,64,237,0.010730168595910073
0.01,1,fno,64,238,0.010349922087043524
0.01,1,fno,64,239,0.01023483531549573
0.01,1,fno,64,240,0.009778896681964397
0.01,1,fno,64,241,0.009813572708517314
0.01,1,fno,64,242,0.009307634569704532
0.01,1,fno,64,243,0.00921512088738382
0.01,1,fno,64,244,0.009292661864310502
0.01,1,fno,64,245,0.00914383389055729
0.01,1,fno,64,246,0.009171973466873169
0.01,1,fno,64,247,0.009332896778360009
0.01,1,fno,64,248,0.009302868451923131
0.01,1,fno,64,249,0.009263633051887155
0.01,1,fno,64,250,0.009315701862797142
0.01,1,fno,64,251,0.009398739812895655
0.01,1,fno,64,252,0.009131423905491829
0.01,1,fno,64,253,0.009200593335554003
0.01,1,fno,64,254,0.009380475217476487
0.01,1,fno,64,255,0.009581621503457427
0.01,1,fno,64,256,0.009380037244409323
0.01,1,fno,64,257,0.009256420601159334
0.01,1,fno,64,258,0.00940280744805932
0.01,1,fno,64,259,0.009269320257008076
0.01,1,fno,64,260,0.009190157866105437
0.01,1,fno,64,261,0.009079770259559155
0.01,1,fno,64,262,0.009078164473176003
0.01,1,fno,64,263,0.008938943119719624
0.01,1,fno,64,264,0.0090113515406847
0.01,1,fno,64,265,0.009233788186684251
0.01,1,fno,64,266,0.009674838744103909
0.01,1,fno,64,267,0.009259357396513224
0.01,1,fno,64,268,0.009133888557553291
0.01,1,fno,64,269,0.009117553923279047
0.01,1,fno,64,270,0.009068165458738803
0.01,1,fno,64,271,0.009037925731390714
0.01,1,fno,64,272,0.00901635586284101
0.01,1,fno,64,273,0.008939754953607916
0.01,1,fno,64,274,0.008909437926486135
0.01,1,fno,64,275,0.009442906146869063
0.01,1,fno,64,276,0.009380058636888861
0.01,1,fno,64,277,0.009177112262696028
0.01,1,fno,64,278,0.009170062690973282
0.01,1,fno,64,279,0.009349392168223858
0.01,1,fno,64,280,0.00918595383875072
0.01,1,fno,64,281,0.009160327212885021
0.01,1,fno,64,282,0.008968061981722713
0.01,1,fno,64,283,0.009271978083997965
0.01,1,fno,64,284,0.009333892920985819
0.01,1,fno,64,285,0.009617209350690246
0.01,1,fno,64,286,0.009193290285766124
0.01,1,fno,64,287,0.009001383287832142
0.01,1,fno,64,288,0.00887908460572362
0.01,1,fno,64,289,0.009123855698853732
0.01,1,fno,64,290,0.008943202998489141
0.01,1,fno,64,291,0.00902424187399447
0.01,1,fno,64,292,0.008854026310145854
0.01,1,fno,64,293,0.008760048607364297
0.01,1,fno,64,294,0.008949168240651489
0.01,1,fno,64,295,0.009192237006500363
0.01,1,fno,64,296,0.009351954152807594
0.01,1,fno,64,297,0.008961854167282582
0.01,1,fno,64,298,0.008879393953830004
0.01,1,fno,64,299,0.008943492136895657
0.01,1,cnn,64,0,0.567903363108635
0.01,1,cnn,64,1,0.25753030776977537
0.01,1,cnn,64,2,0.2032388386130333
0.01,1,cnn,64,3,0.16149075850844383
0.01,1,cnn,64,4,0.153837171792984
0.01,1,cnn,64,5,0.13978097349405288
0.01,1,cnn,64,6,0.12424013286828994
0.01,1,cnn,64,7,0.1048893627524376
0.01,1,cnn,64,8,0.11241554349660873
0.01,1,cnn,64,9,0.11129208177328109
0.01,1,cnn,64,10,0.09458252444863319
0.01,1,cnn,64,11,0.10841293036937713
0.01,1,cnn,64,12,0.0985326974093914
0.01,1,cnn,64,13,0.09464451521635056
0.01,1,cnn,64,14,0.07961076945066452
0.01,1,cnn,64,15,0.094829291254282
0.01,1,cnn,64,16,0.07642572566866875
0.01,1,cnn,64,17,0.08465978533029556
0.01,1,cnn,64,18,0.07866383112967014
0.01,1,cnn,64,19,0.08666183702647685
0.01,1,cnn,64,20,0.07568971954286098
0.01,1,cnn,64,21,0.07322151966392994
0.01,1,cnn,64,22,0.07534441910684109
0.01,1,cnn,64,23,0.09469960324466228
0.01,1,cnn,64,24,0.07025636062026024
0.01,1,cnn,64,25,0.05972209230065346
0.01,1,cnn,64,26,0.06855169512331485
0.01,1,cnn,64,27,0.06046504326164723
0.01,1,cnn,64,28,0.07428997121751309
0.01,1,cnn,64,29,0.07453473031520844
0.01,1,cnn,64,30,0.07533493630588055
0.01,1,cnn,64,31,0.06334882326424122
0.01,1,cnn,64,32,0.05621577255427837
0.01,1,cnn,64,33,0.06260584972798824
0.01,1,cnn,64,34,0.057297865003347395
0.01,1,cnn,64,35,0.08363039217889309
0.01,1,cnn,64,36,0.07979390755295754
0.01,1,cnn,64,37,0.07121497005224228
0.01,1,cnn,64,38,0.05069879077374935
0.01,1,cnn,64,39,0.05196355752646923
0.01,1,cnn,64,40,0.049550923034548756
0.01,1,cnn,64,41,0.07107074536383153
0.01,1,cnn,64,42,0.049496627375483514
0.01,1,cnn,64,43,0.06322278343141079
0.01,1,cnn,64,44,0.05339885987341404
0.01,1,cnn,64,45,0.054707885459065436
0.01,1,cnn,64,46,0.05325539715588093
0.01,1,cnn,64,47,0.055753905922174454
0.01,1,cnn,64,48,0.05222630269825459
0.01,1,cnn,64,49,0.0583020143955946
0.01,1,cnn,64,50,0.04145927153527737
0.01,1,cnn,64,51,0.046682557091116905
0.01,1,cnn,64,52,0.05305126756429672
0.01,1,cnn,64,53,0.05465863693505526
0.01,1,cnn,64,54,0.04493677034974098
0.01,1,cnn,64,55,0.05413360372185707
0.01,1,cnn,64,56,0.04695432987064123
0.01,1,cnn,64,57,0.038235947750508786
0.01,1,cnn,64,58,0.048387167006731034
0.01,1,cnn,64,59,0.05751581266522408
0.01,1,cnn,64,60,0.03798469729721546
0.01,1,cnn,64,61,0.03401742085814476
0.01,1,cnn,64,62,0.032614872455596924
0.01,1,cnn,64,63,0.041310861557722095
0.01,1,cnn,64,64,0.03966349579393864
0.01,1,cnn,64,65,0.032708914652466774
0.01,1,cnn,64,66,0.03410971581935882
0.01,1,cnn,64,67,0.029653804041445256
0.01,1,cnn,64,68,0.034344958811998366
0.01,1,cnn,64,69,0.03256478104740381
0.01,1,cnn,64,70,0.033568601682782175
0.01,1,cnn,64,71,0.029863815046846865
0.01,1,cnn,64,72,0.029527997113764286
0.01,1,cnn,64,73,0.029739943332970142
0.01,1,cnn,64,74,0.031358971074223516
0.01,1,cnn,64,75,0.033418004140257834
0.01,1,cnn,64,76,0.03714178804308176
0.01,1,cnn,64,77,0.03422977525740862
0.01,1,cnn,64,78,0.028648952208459377
0.01,1,cnn,64,79,0.034957303032279015
0.01,1,cnn,64,80,0.03220028780400753
0.01,1,cnn,64,81,0.046670774333178996
0.01,1,cnn,64,82,0.03395163755863905
0.01,1,cnn,64,83,0.03131709840148687
0.01,1,cnn,64,84,0.03591986559331417
0.01,1,cnn,64,85,0.030021776854991914
0.01,1,cnn,64,86,0.031912717521190646
0.01,1,cnn,64,87,0.03606612708419561
0.01,1,cnn,64,88,0.02939504001289606
0.01,1,cnn,64,89,0.028120901137590408
0.01,1,cnn,64,90,0.027836549244821072
0.01,1,cnn,64,91,0.033542149402201175
0.01,1,cnn,64,92,0.028102848716080188
0.01,1,cnn,64,93,0.02903894126415253
0.01,1,cnn,64,94,0.0284666708484292
0.01,1,cnn,64,95,0.028850764520466327
0.01,1,cnn,64,96,0.03430011846125126
0.01,1,cnn,64,97,0.029908595494925975
0.01,1,cnn,64,98,0.028381060734391214
0.01,1,cnn,64,99,0.03421418618410826
0.01,1,cnn,64,100,0.027126450277864932
0.01,1,cnn,64,101,0.027551505714654922
0.01,1,cnn,64,102,0.030198397934436797
0.01,1,cnn,64,103,0.03101060550659895
0.01,1,cnn,64,104,0.02838048301637173
0.01,1,cnn,64,105,0.02670425072312355
0.01,1,cnn,64,106,0.032077327370643616
0.01,1,cnn,64,107,0.03334204491227865
0.01,1,cnn,64,108,0.028708885572850704
0.01,1,cnn,64,109,0.027966444045305253
0.01,1,cnn,64,110,0.027578860186040402
0.01,1,cnn,64,111,0.02754237614572048
0.01,1,cnn,64,112,0.03338348731398583
0.01,1,cnn,64,113,0.029924749843776226
0.01,1,cnn,64,114,0.03281128756701946
0.01,1,cnn,64,115,0.026138756573200226
0.01,1,cnn,64,116,0.02598092596977949
0.01,1,cnn,64,117,0.025731640253216028
0.01,1,cnn,64,118,0.0334729540720582
0.01,1,cnn,64,119,0.03000844892114401
0.01,1,cnn,64,120,0.02214290086179972
0.01,1,cnn,64,121,0.01960311032831669
0.01,1,cnn,64,122,0.01779226353392005
0.01,1,cnn,64,123,0.019148460943251847
0.01,1,cnn,64,124,0.020362177174538375
0.01,1,cnn,64,125,0.01869305467233062
0.01,1,cnn,64,126,0.018955249320715666
0.01,1,cnn,64,127,0.02002074904739857
0.01,1,cnn,64,128,0.018864872325211765
0.01,1,cnn,64,129,0.017437286656349898
0.01,1,cnn,64,130,0.017427123077213766
0.01,1,cnn,64,131,0.016580165307968856
0.01,1,cnn,64,132,0.01783070832490921
0.01,1,cnn,64,133,0.019007403068244458
0.01,1,cnn,64,134,0.019061145409941672
0.01,1,cnn,64,135,0.017350040078163147
0.01,1,cnn,64,136,0.019136502873152494
0.01,1,cnn,64,137,0.02158424971625209
0.01,1,cnn,64,138,0.018257709462195636
0.01,1,cnn,64,139,0.02038265494629741
0.01,1,cnn,64,140,0.01790241610258818
0.01,1,cnn,64,141,0.02049620572477579
0.01,1,cnn,64,142,0.0203902867808938
0.01,1,cnn,64,143,0.017351505607366563
0.01,1,cnn,64,144,0.021093742568045856
0.01,1,cnn,64,145,0.016940254755318164
0.01,1,cnn,64,146,0.01715910039842129
0.01,1,cnn,64,147,0.018880665246397258
0.01,1,cnn,64,148,0.017428318578749893
0.01,1,cnn,64,149,0.01737591849640012
0.01,1,cnn,64,150,0.016885484382510186
0.01,1,cnn,64,151,0.01707604043185711
0.01,1,cnn,64,152,0.017006360180675983
0.01,1,cnn,64,153,0.01679788427427411
0.01,1,cnn,64,154,0.01613247338682413
0.01,1,cnn,64,155,0.01919646840542555
0.01,1,cnn,64,156,0.017610384915024042
0.01,1,cnn,64,157,0.0190473367087543
0.01,1,cnn,64,158,0.0187577916495502
0.01,1,cnn,64,159,0.017846668493002652
0.01,1,cnn,64,160,0.017926259990781547
0.01,1,cnn,64,161,0.017223797757178545
0.01,1,cnn,64,162,0.016526078190654516
0.01,1,cnn,64,163,0.01965963577851653
0.01,1,cnn,64,164,0.018573309499770402
0.01,1,cnn,64,165,0.020753495935350655
0.01,1,cnn,64,166,0.01945307236164808
0.01,1,cnn,64,167,0.01813320716843009
0.01,1,cnn,64,168,0.017822579126805068
0.01,1,cnn,64,169,0.017074743527919056
0.01,1,cnn,64,170,0.019339142926037313
0.01,1,cnn,64,171,0.01780026437714696
0.01,1,cnn,64,172,0.01679321685805917
0.01,1,cnn,64,173,0.015241457410156726
0.01,1,cnn,64,174,0.01738455643877387
0.01,1,cnn,64,175,0.018230491615831852
0.01,1,cnn,64,176,0.01615544082596898
0.01,1,cnn,64,177,0.016751141250133515
0.01,1,cnn,64,178,0.019028180483728646
0.01,1,cnn,64,179,0.016991076953709126
0.01,1,cnn,64,180,0.013759822975844145
0.01,1,cnn,64,181,0.013333943206816912
0.01,1,cnn,64,182,0.013441190794110299
0.01,1,cnn,64,183,0.012558233309537172
0.01,1,cnn,64,184,0.013750601522624493
0.01,1,cnn,64,185,0.01267941903322935
0.01,1,cnn,64,186,0.013361442666500807
0.01,1,cnn,64,187,0.012724942844361067
0.01,1,cnn,64,188,0.013757557403296232
0.01,1,cnn,64,189,0.012517344355583191
0.01,1,cnn,64,190,0.012435356099158525
0.01,1,cnn,64,191,0.01293068591505289
0.01,1,cnn,64,192,0.013109966348856687
0.01,1,cnn,64,193,0.014797588046640157
0.01,1,cnn,64,194,0.015373328439891339
0.01,1,cnn,64,195,0.012176446374505758
0.01,1,cnn,64,196,0.01236554967239499
0.01,1,cnn,64,197,0.012791611440479755
0.01,1,cnn,64,198,0.011785439755767584
0.01,1,cnn,64,199,0.011600953321903943
0.01,1,cnn,64,200,0.012803974077105523
0.01,1,cnn,64,201,0.013810828793793917
0.01,1,cnn,64,202,0.01343418937176466
0.01,1,cnn,64,203,0.012152729742228984
0.01,1,cnn,64,204,0.014358450863510371
0.01,1,cnn,64,205,0.011791774965822698
0.01,1,cnn,64,206,0.012408366315066815
0.01,1,cnn,64,207,0.013588281664997339
0.01,1,cnn,64,208,0.012329795118421315
0.01,1,cnn,64,209,0.012367181144654751
0.01,1,cnn,64,210,0.014260286558419466
0.01,1,cnn,64,211,0.011464836169034242
0.01,1,cnn,64,212,0.014361192490905523
0.01,1,cnn,64,213,0.012402961179614067
0.01,1,cnn,64,214,0.012442516889423131
0.01,1,cnn,64,215,0.013934383187443018
0.01,1,cnn,64,216,0.012698221225291491
0.01,1,cnn,64,217,0.011563136167824268
0.01,1,cnn,64,218,0.012471321001648904
0.01,1,cnn,64,219,0.012013476900756359
0.01,1,cnn,64,220,0.013118976876139641
0.01,1,cnn,64,221,0.011759139578789473
0.01,1,cnn,64,222,0.012354889251291752
0.01,1,cnn,64,223,0.01349125949665904
0.01,1,cnn,64,224,0.012482276186347008
0.01,1,cnn,64,225,0.01314391015097499
0.01,1,cnn,64,226,0.012398755857720972
0.01,1,cnn,64,227,0.011241034474223852
0.01,1,cnn,64,228,0.01163700882345438
0.01,1,cnn,64,229,0.011776532325893641
0.01,1,cnn,64,230,0.011947822887450457
0.01,1,cnn,64,231,0.011063754018396139
0.01,1,cnn,64,232,0.01171416997909546
0.01,1,cnn,64,233,0.012412875089794398
0.01,1,cnn,64,234,0.0130489438213408
0.01,1,cnn,64,235,0.011370692234486342
0.01,1,cnn,64,236,0.011868758928030729
0.01,1,cnn,64,237,0.010914985816925763
0.01,1,cnn,64,238,0.011418608874082565
0.01,1,cnn,64,239,0.01253647131845355
0.01,1,cnn,64,240,0.010523592894896865
0.01,1,cnn,64,241,0.010008880086243153
0.01,1,cnn,64,242,0.00993429873138666
0.01,1,cnn,64,243,0.010089578097686172
0.01,1,cnn,64,244,0.010003316290676594
0.01,1,cnn,64,245,0.010779248047620059
0.01,1,cnn,64,246,0.009813162414357066
0.01,1,cnn,64,247,0.009623320940881967
0.01,1,cnn,64,248,0.010216814028099179
0.01,1,cnn,64,249,0.009538853615522385
0.01,1,cnn,64,250,0.009854628276079892
0.01,1,cnn,64,251,0.009656603569164873
0.01,1,cnn,64,252,0.010087445974349976
0.01,1,cnn,64,253,0.009570661848410964
0.01,1,cnn,64,254,0.009616295862942935
0.01,1,cnn,64,255,0.01001978637650609
0.01,1,cnn,64,256,0.010512314913794398
0.01,1,cnn,64,257,0.010633835084736348
0.01,1,cnn,64,258,0.010765317138284445
0.01,1,cnn,64,259,0.010136586874723434
0.01,1,cnn,64,260,0.010195460915565491
0.01,1,cnn,64,261,0.009483679868280888
0.01,1,cnn,64,262,0.009735054271295666
0.01,1,cnn,64,263,0.010085859028622508
0.01,1,cnn,64,264,0.009991516564041377
0.01,1,cnn,64,265,0.009499384388327599
0.01,1,cnn,64,266,0.009982531722635031
0.01,1,cnn,64,267,0.010162423811852932
0.01,1,cnn,64,268,0.010136366486549378
0.01,1,cnn,64,269,0.009732163604348898
0.01,1,cnn,64,270,0.010270998245105148
0.01,1,cnn,64,271,0.01071904130280018
0.01,1,cnn,64,272,0.009650957621634006
0.01,1,cnn,64,273,0.010068438854068518
0.01,1,cnn,64,274,0.009467130741104484
0.01,1,cnn,64,275,0.009390240227803588
0.01,1,cnn,64,276,0.009277515336871147
0.01,1,cnn,64,277,0.009233630867674947
0.01,1,cnn,64,278,0.010193339455872774
0.01,1,cnn,64,279,0.01040500283241272
0.01,1,cnn,64,280,0.009473100258037447
0.01,1,cnn,64,281,0.009438908025622368
0.01,1,cnn,64,282,0.009052111618220806
0.01,1,cnn,64,283,0.009239049851894379
0.01,1,cnn,64,284,0.009892524033784867
0.01,1,cnn,64,285,0.009626492531970144
0.01,1,cnn,64,286,0.009159311326220632
0.01,1,cnn,64,287,0.009102938612923026
0.01,1,cnn,64,288,0.009056884441524743
0.01,1,cnn,64,289,0.009123471407219768
0.01,1,cnn,64,290,0.009060790650546552
0.01,1,cnn,64,291,0.009730527261272073
0.01,1,cnn,64,292,0.00909809541888535
0.01,1,cnn,64,293,0.009948126170784236
0.01,1,cnn,64,294,0.009508712748065591
0.01,1,cnn,64,295,0.009591363556683063
0.01,1,cnn,64,296,0.00969182988628745
0.01,1,cnn,64,297,0.00918296340852976
0.01,1,cnn,64,298,0.009034951571375132
0.01,1,cnn,64,299,0.010412456840276718
0.01,1,fno,256,0,0.6233023983240128
0.01,1,fno,256,1,0.2646972301602364
0.01,1,fno,256,2,0.182581045627594
0.01,1,fno,256,3,0.14206302359700204
0.01,1,fno,256,4,0.12022551059722901
0.01,1,fno,256,5,0.10574503272771835
0.01,1,fno,256,6,0.09514463499188423
0.01,1,fno,256,7,0.08696053236722946
0.01,1,fno,256,8,0.08102734707295894
0.01,1,fno,256,9,0.08349381685256958
0.01,1,fno,256,10,0.07489607222378254
0.01,1,fno,256,11,0.07149625010788441
0.01,1,fno,256,12,0.06575327508151531
0.01,1,fno,256,13,0.06383725866675377
0.01,1,fno,256,14,0.06052495412528515
0.01,1,fno,256,15,0.06651902444660664
0.01,1,fno,256,16,0.06021338403224945
0.01,1,fno,256,17,0.05684241160750389
0.01,1,fno,256,18,0.055628619939088825
0.01,1,fno,256,19,0.05781332835555077
0.01,1,fno,256,20,0.05229961410164833
0.01,1,fno,256,21,0.04941164992749691
0.01,1,fno,256,22,0.05788057707250118
0.01,1,fno,256,23,0.05019182085990906
0.01,1,fno,256,24,0.047894426882267
0.01,1,fno,256,25,0.04604232847690582
0.01,1,fno,256,26,0.04553813584148884
0.01,1,fno,256,27,0.04994923025369644
0.01,1,fno,256,28,0.050835934579372404
0.01,1,fno,256,29,0.04553014352917671
0.01,1,fno,256,30,0.043672787994146346
0.01,1,fno,256,31,0.04122796721756458
0.01,1,fno,256,32,0.04064287848770618
0.01,1,fno,256,33,0.04865406319499016
0.01,1,fno,256,34,0.042230016440153124
0.01,1,fno,256,35,0.04130260080099106
0.01,1,fno,256,36,0.04467758748680353
0.01,1,fno,256,37,0.04124402984976769
0.01,1,fno,256,38,0.036981539018452164
0.01,1,fno,256,39,0.03805220939218998
0.01,1,fno,256,40,0.04075554616749286
0.01,1,fno,256,41,0.043123916201293466
0.01,1,fno,256,42,0.04553577765822411
0.01,1,fno,256,43,0.04276723206043243
0.01,1,fno,256,44,0.04315985459834337
0.01,1,fno,256,45,0.037026363387703896
0.01,1,fno,256,46,0.040243954509496686
0.01,1,fno,256,47,0.04123478472232819
0.01,1,fno,256,48,0.04148963458836079
0.01,1,fno,256,49,0.03582688968628645
0.01,1,fno,256,50,0.037602105103433134
0.01,1,fno,256,51,0.03277919463813305
0.01,1,fno,256,52,0.03509536080062389
0.01,1,fno,256,53,0.034746355898678305
0.01,1,fno,256,54,0.035057951174676416
0.01,1,fno,256,55,0.03102755967527628
0.01,1,fno,256,56,0.03821155831217766
0.01,1,fno,256,57,0.033631317019462585
0.01,1,fno,256,58,0.03438339829444885
0.01,1,fno,256,59,0.03743967045098543
0.01,1,fno,256,60,0.02842253301292658
0.01,1,fno,256,61,0.0266515738889575
0.01,1,fno,256,62,0.024426309019327165
0.01,1,fno,256,63,0.024434537254273893
0.01,1,fno,256,64,0.023638733364641666
0.01,1,fno,256,65,0.02206574594601989
0.01,1,fno,256,66,0.02269863411784172
0.01,1,fno,256,67,0.023337827920913698
0.01,1,fno,256,68,0.025400579050183295
0.01,1,fno,256,69,0.025169769264757634
0.01,1,fno,256,70,0.023431135788559914
0.01,1,fno,256,71,0.025471578650176525
0.01,1,fno,256,72,0.023093836568295955
0.01,1,fno,256,73,0.023122785277664662
0.01,1,fno,256,74,0.023294926136732102
0.01,1,fno,256,75,0.022682217843830586
0.01,1,fno,256,76,0.022520838715136052
0.01,1,fno,256,77,0.02238339640200138
0.01,1,fno,256,78,0.022373164556920528
0.01,1,fno,256,79,0.023335992880165576
0.01,1,fno,256,80,0.023720855489373208
0.01,1,fno,256,81,0.02513323400169611
0.01,1,fno,256,82,0.024076295979321004
0.01,1,fno,256,83,0.02621302843093872
0.01,1,fno,256,84,0.023762941025197507
0.01,1,fno,256,85,0.023948481567204
0.01,1,fno,256,86,0.023815138675272466
0.01,1,fno,256,87,0.02104702401906252
0.01,1,fno,256,88,0.022078576683998107
0.01,1,fno,256,89,0.021493054032325744
0.01,1,fno,256,90,0.020185434818267824
0.01,1,fno,256,91,0.022671152725815772
0.01,1,fno,256,92,0.022589998207986354
0.01,1,fno,256,93,0.022711779922246933
0.01,1,fno,256,94,0.0207435766980052
0.01,1,fno,256,95,0.02089746341109276
0.01,1,fno,256,96,0.020910685155540704
0.01,1,fno,256,97,0.020647104047238827
0.01,1,fno,256,98,0.022555430606007575
0.01,1,fno,256,99,0.020129643063992262
0.01,1,fno,256,100,0.02131196577101946
0.01,1,fno,256,101,0.020210978873074055
0.01,1,fno,256,102,0.020629738830029963
0.01,1,fno,256,103,0.02345076320692897
0.01,1,fno,256,104,0.021453079469501972
0.01,1,fno,256,105,0.02375915538519621
0.01,1,fno,256,106,0.01976311456412077
0.01,1,fno,256,107,0.019132599998265505
0.01,1,fno,256,108,0.019432683549821375
0.01,1,fno,256,109,0.019907471798360346
0.01,1,fno,256,110,0.02079496454447508
0.01,1,fno,256,111,0.02142631748691201
0.01,1,fno,256,112,0.019462713059037923
0.01,1,fno,256,113,0.020004412159323692
0.01,1,fno,256,114,0.018856562972068787
0.01,1,fno,256,115,0.01973350204527378
0.01,1,fno,256,116,0.019632142148911954
0.01,1,fno,256,117,0.01977917559444904
0.01,1,fno,256,118,0.020903424378484487
0.01,1,fno,256,119,0.022089779451489447
0.01,1,fno,256,120,0.017003325987607242
0.01,1,fno,256,121,0.01546443823724985
0.01,1,fno,256,122,0.01690384902060032
0.01,1,fno,256,123,0.017072260081768036
0.01,1,fno,256,124,0.015786669068038463
0.01,1,fno,256,125,0.015536038614809513
0.01,1,fno,256,126,0.015729508064687252
0.01,1,fno,256,127,0.01486337771639228
0.01,1,fno,256,128,0.015129964277148246
0.01,1,fno,256,129,0.015245438013225794
0.01,1,fno,256,130,0.01549622705206275
0.01,1,fno,256,131,0.015528270415961743
0.01,1,fno,256,132,0.015207331422716379
0.01,1,fno,256,133,0.015485969036817551
0.01,1,fno,256,134,0.01554464478045702
0.01,1,fno,256,135,0.015591420792043209
0.01,1,fno,256,136,0.015268156994134188
0.01,1,fno,256,137,0.014979113303124904
0.01,1,fno,256,138,0.015719489492475987
0.01,1,fno,256,139,0.01478728411719203
0.01,1,fno,256,140,0.014584615882486105
0.01,1,fno,256,141,0.014628124795854092
0.01,1,fno,256,142,0.01438876824453473
0.01,1,fno,256,143,0.014190769400447606
0.01,1,fno,256,144,0.015301730763167144
0.01,1,fno,256,145,0.015433284696191549
0.01,1,fno,256,146,0.015175223164260388
0.01,1,fno,256,147,0.014706705566495656
0.01,1,fno,256,148,0.015437055975198746
0.01,1,fno,256,149,0.015798163171857595
0.01,1,fno,256,150,0.015860302168875934
0.01,1,fno,256,151,0.014720307309180497
0.01,1,fno,256,152,0.014637196194380522
0.01,1,fno,256,153,0.01426119465380907
0.01,1,fno,256,154,0.014512714240700006
0.01,1,fno,256,155,0.014099195972085
0.01,1,fno,256,156,0.014488508403301239
0.01,1,fno,256,157,0.013995945658534766
0.01,1,fno,256,158,0.013841630090028048
0.01,1,fno,256,159,0.014095968157052994
0.01,1,fno,256,160,0.014671008214354514
0.01,1,fno,256,161,0.015088310353457928
0.01,1,fno,256,162,0.014298629369586707
0.01,1,fno,256,163,0.014321311842650175
0.01,1,fno,256,164,0.01419732542708516
0.01,1,fno,256,165,0.014544123467057943
0.01,1,fno,256,166,0.01484540119767189
0.01,1,fno,256,167,0.015400805566459895
0.01,1,fno,256,168,0.01565548850223422
0.01,1,fno,256,169,0.013939961045980453
0.01,1,fno,256,170,0.01385348055511713
0.01,1,fno,256,171,0.016665950994938613
0.01,1,fno,256,172,0.01590319462120533
0.01,1,fno,256,173,0.014897717870771885
0.01,1,fno,256,174,0.014330664798617363
0.01,1,fno,256,175,0.013749990724027156
0.01,1,fno,256,176,0.013531954362988471
0.01,1,fno,256,177,0.013795371279120444
0.01,1,fno,256,178,0.014220578335225583
0.01,1,fno,256,179,0.013944103606045246
0.01,1,fno,256,180,0.01196511646732688
0.01,1,fno,256,181,0.0118741506151855
0.01,1,fno,256,182,0.011906238980591297
0.01,1,fno,256,183,0.011639316137880086
0.01,1,fno,256,184,0.011538889948278666
0.01,1,fno,256,185,0.011963679697364569
0.01,1,fno,256,186,0.011611731946468353
0.01,1,fno,256,187,0.011759465262293815
0.01,1,fno,256,188,0.0116065089777112
0.01,1,fno,256,189,0.011728164702653886
0.01,1,fno,256,190,0.011590160764753818
0.01,1,fno,256,191,0.011956660076975822
0.01,1,fno,256,192,0.01161976259201765
0.01,1,fno,256,193,0.011809381823986768
0.01,1,fno,256,194,0.011662177164107562
0.01,1,fno,256,195,0.011291389986872673
0.01,1,fno,256,196,0.011391319539397956
0.01,1,fno,256,197,0.011673577819019556
0.01,1,fno,256,198,0.011687424685806035
0.01,1,fno,256,199,0.011684130039066076
0.01,1,fno,256,200,0.011687308102846145
0.01,1,fno,256,201,0.011488375663757324
0.01,1,fno,256,202,0.011371038518846036
0.01,1,fno,256,203,0.01147216696292162
0.01,1,fno,256,204,0.011567187421023846
0.01,1,fno,256,205,0.01147505158558488
0.01,1,fno,256,206,0.011250042524188757
0.01,1,fno,256,207,0.011467837803065777
0.01,1,fno,256,208,0.01149454940110445
0.01,1,fno,256,209,0.011706054396927356
0.01,1,fno,256,210,0.011208818405866622
0.01,1,fno,256,211,0.011145566757768392
0.01,1,fno,256,212,0.011220467844977974
0.01,1,fno,256,213,0.011116301119327545
0.01,1,fno,256,214,0.011157262083142995
0.01,1,fno,256,215,0.011211319752037525
0.01,1,fno,256,216,0.010985514540225267
0.01,1,fno,256,217,0.01147546550258994
0.01,1,fno,256,218,0.011450135819613934
0.01,1,fno,256,219,0.01138148782774806
0.01,1,fno,256,220,0.011422844603657722
0.01,1,fno,256,221,0.011465078480541705
0.01,1,fno,256,222,0.010998303499072791
0.01,1,fno,256,223,0.011525896899402142
0.01,1,fno,256,224,0.011029991451650858
0.01,1,fno,256,225,0.011497269738465548
0.01,1,fno,256,226,0.011645759493112563
0.01,1,fno,256,227,0.01121688961982727
0.01,1,fno,256,228,0.010979456678032875
0.01,1,fno,256,229,0.011218355875462294
0.01,1,fno,256,230,0.010919106602668762
0.01,1,fno,256,231,0.011014711484313012
0.01,1,fno,256,232,0.011465905122458936
0.01,1,fno,256,233,0.011907642725855112
0.01,1,fno,256,234,0.01097808312624693
0.01,1,fno,256,235,0.011491107158362865
0.01,1,fno,256,236,0.010948262494057417
0.01,1,fno,256,237,0.011357319261878728
0.01,1,fno,256,238,0.011391582414507866
0.01,1,fno,256,239,0.010693455841392278
0.01,1,fno,256,240,0.010290251839905977
0.01,1,fno,256,241,0.010203721802681684
0.01,1,fno,256,242,0.010140882935374976
0.01,1,fno,256,243,0.00999111014418304
0.01,1,fno,256,244,0.010043700719252228
0.01,1,fno,256,245,0.0100094657484442
0.01,1,fno,256,246,0.010042520742863416
0.01,1,fno,256,247,0.010119270533323288
0.01,1,fno,256,248,0.01020605031400919
0.01,1,fno,256,249,0.010106039652600884
0.01,1,fno,256,250,0.010181195363402366
0.01,1,fno,256,251,0.010336396507918835
0.01,1,fno,256,252,0.009971662135794758
0.01,1,fno,256,253,0.010053516514599323
0.01,1,fno,256,254,0.010168122788891197
0.01,1,fno,256,255,0.0099924670252949
0.01,1,fno,256,256,0.009897571224719286
0.01,1,fno,256,257,0.010103008188307285
0.01,1,fno,256,258,0.009863659404218197
0.01,1,fno,256,259,0.009910391690209509
0.01,1,fno,256,260,0.009959908751770854
0.01,1,fno,256,261,0.009831230230629444
0.01,1,fno,256,262,0.00988930044695735
0.01,1,fno,256,263,0.01003304373472929
0.01,1,fno,256,264,0.009954853635281324
0.01,1,fno,256,265,0.010236265044659376
0.01,1,fno,256,266,0.009904066622257233
0.01,1,fno,256,267,0.009835863392800093
0.01,1,fno,256,268,0.009939795108512044
0.01,1,fno,256,269,0.009978971146047115
0.01,1,fno,256,270,0.009828661400824786
0.01,1,fno,256,271,0.009757657134905458
0.01,1,fno,256,272,0.009859743118286133
0.01,1,fno,256,273,0.00973777249455452
0.01,1,fno,256,274,0.009858292788267135
0.01,1,fno,256,275,0.010133036561310291
0.01,1,fno,256,276,0.009701985977590083
0.01,1,fno,256,277,0.009638293739408254
0.01,1,fno,256,278,0.009659446403384208
0.01,1,fno,256,279,0.0097892683185637
0.01,1,fno,256,280,0.010000290274620056
0.01,1,fno,256,281,0.009888053759932519
0.01,1,fno,256,282,0.0100302938465029
0.01,1,fno,256,283,0.009768818626180292
0.01,1,fno,256,284,0.00977307473309338
0.01,1,fno,256,285,0.009802449969574809
0.01,1,fno,256,286,0.00996875623241067
0.01,1,fno,256,287,0.009767199978232383
0.01,1,fno,256,288,0.00954439489170909
0.01,1,fno,256,289,0.009684164486825466
0.01,1,fno,256,290,0.009951412826776505
0.01,1,fno,256,291,0.009744526911526918
0.01,1,fno,256,292,0.009657183242961765
0.01,1,fno,256,293,0.009837956614792347
0.01,1,fno,256,294,0.009941745335236191
0.01,1,fno,256,295,0.00984565645456314
0.01,1,fno,256,296,0.009712679963558912
0.01,1,fno,256,297,0.00944076118990779
0.01,1,fno,256,298,0.009428440071642398
0.01,1,fno,256,299,0.009508038898929953
0.01,2,fno,64,0,0.6054792559146881
0.01,2,fno,64,1,0.24626189827919007
0.01,2,fno,64,2,0.17074329495429993
0.01,2,fno,64,3,0.14026446655392646
0.01,2,fno,64,4,0.12216364294290542
0.01,2,fno,64,5,0.10697149857878685
0.01,2,fno,64,6,0.09899061590433121
0.01,2,fno,64,7,0.09134425401687622
0.01,2,fno,64,8,0.08460216626524925
0.01,2,fno,64,9,0.07863039053976535
0.01,2,fno,64,10,0.07497345440089703
0.01,2,fno,64,11,0.07375544525682926
0.01,2,fno,64,12,0.06679249942302704
0.01,2,fno,64,13,0.06647309355437755
0.01,2,fno,64,14,0.06472630634903907
0.01,2,fno,64,15,0.06523961983621121
0.01,2,fno,64,16,0.0566505478322506
0.01,2,fno,64,17,0.055705449506640435
0.01,2,fno,64,18,0.05993905924260616
0.01,2,fno,64,19,0.056748129427433014
0.01,2,fno,64,20,0.053351345956325534
0.01,2,fno,64,21,0.05180502004921436
0.01,2,fno,64,22,0.0489517692476511
0.01,2,fno,64,23,0.04937883242964745
0.01,2,fno,64,24,0.04841831311583519
0.01,2,fno,64,25,0.047986011505126956
0.01,2,fno,64,26,0.0468888920545578
0.01,2,fno,64,27,0.049412546828389164
0.01,2,fno,64,28,0.04807637676596641
0.01,2,fno,64,29,0.0442861644923687
0.01,2,fno,64,30,0.04663397416472435
0.01,2,fno,64,31,0.04553863249719143
0.01,2,fno,64,32,0.043708029463887216
0.01,2,fno,64,33,0.0399773982539773
0.01,2,fno,64,34,0.04151714075356722
0.01,2,fno,64,35,0.04296711713075638
0.01,2,fno,64,36,0.042963187023997304
0.01,2,fno,64,37,0.03959660891443491
0.01,2,fno,64,38,0.0381165749579668
0.01,2,fno,64,39,0.03763970889151096
0.01,2,fno,64,40,0.03852026015520096
0.01,2,fno,64,41,0.042654715813696384
0.01,2,fno,64,42,0.0422530971467495
0.01,2,fno,64,43,0.039848484471440314
0.01,2,fno,64,44,0.03520796626806259
0.01,2,fno,64,45,0.03744647547602654
0.01,2,fno,64,46,0.03893775258213281
0.01,2,fno,64,47,0.036998043060302736
0.01,2,fno,64,48,0.037855505235493185
0.01,2,fno,64,49,0.036673428118228914
0.01,2,fno,64,50,0.035014445707201955
0.01,2,fno,64,51,0.039015146866440774
0.01,2,fno,64,52,0.03807163991034031
0.01,2,fno,64,53,0.034513496421277524
0.01,2,fno,64,54,0.03769679497927427
0.01,2,fno,64,55,0.03484663482755423
0.01,2,fno,64,56,0.03803818292915821
0.01,2,fno,64,57,0.03439679265022278
0.01,2,fno,64,58,0.03672163560986519
0.01,2,fno,64,59,0.03955108504742384
0.01,2,fno,64,60,0.027118890695273876
0.01,2,fno,64,61,0.025391183383762835
0.01,2,fno,64,62,0.026044766679406167
0.01,2,fno,64,63,0.02454694774001837
0.01,2,fno,64,64,0.0240113128349185
0.01,2,fno,64,65,0.025285115092992784
0.01,2,fno,64,66,0.02314688580110669
0.01,2,fno,64,67,0.025148095451295375
0.01,2,fno,64,68,0.025100129395723342
0.01,2,fno,64,69,0.024314395040273665
0.01,2,fno,64,70,0.025259093083441257
0.01,2,fno,64,71,0.023463251776993276
0.01,2,fno,64,72,0.023464103676378727
0.01,2,fno,64,73,0.02447287142276764
0.01,2,fno,64,74,0.023786596134305
0.01,2,fno,64,75,0.02369528152048588
0.01,2,fno,64,76,0.02624258050695062
0.01,2,fno,64,77,0.02304216880351305
0.01,2,fno,64,78,0.024009297266602517
0.01,2,fno,64,79,0.024353645704686643
0.01,2,fno,64,80,0.023631158880889416
0.01,2,fno,64,81,0.024575853385031224
0.01,2,fno,64,82,0.021640386804938315
0.01,2,fno,64,83,0.02334255989640951
0.01,2,fno,64,84,0.02376044176518917
0.01,2,fno,64,85,0.023088050745427607
0.01,2,fno,64,86,0.022718754205852745
0.01,2,fno,64,87,0.022622846886515616
0.01,2,fno,64,88,0.02347693983465433
0.01,2,fno,64,89,0.025322867035865785
0.01,2,fno,64,90,0.02209234394133091
0.01,2,fno,64,91,0.023437651321291924
0.01,2,fno,64,92,0.023169358372688294
0.01,2,fno,64,93,0.022440767623484136
0.01,2,fno,64,94,0.02359658382833004
0.01,2,fno,64,95,0.023750401251018047
0.01,2,fno,64,96,0.02262647021561861
0.01,2,fno,64,97,0.02189170241355896
0.01,2,fno,64,98,0.023518691249191762
0.01,2,fno,64,99,0.020247957780957223
0.01,2,fno,64,100,0.021630970817059277
0.01,2,fno,64,101,0.019872733671218158
0.01,2,fno,64,102,0.023047402538359164
0.01,2,fno,64,103,0.024320364855229856
0.01,2,fno,64,104,0.024683884643018246
0.01,2,fno,64,105,0.021870572827756406
0.01,2,fno,64,106,0.022932898551225663
0.01,2,fno,64,107,0.021321261338889598
0.01,2,fno,64,108,0.020847263522446157
0.01,2,fno,64,109,0.02164374217391014
0.01,2,fno,64,110,0.019663379229605198
0.01,2,fno,64,111,0.019431120660156013
0.01,2,fno,64,112,0.02211639329791069
0.01,2,fno,64,113,0.020288036968559027
0.01,2,fno,64,114,0.020028557144105435
0.01,2,fno,64,115,0.022322041168808936
0.01,2,fno,64,116,0.022225278839468957
0.01,2,fno,64,117,0.02103826552629471
0.01,2,fno,64,118,0.02068470798432827
0.01,2,fno,64,119,0.02266968920826912
0.01,2,fno,64,120,0.017171720396727323
0.01,2,fno,64,121,0.017020279355347157
0.01,2,fno,64,122,0.01559020096436143
0.01,2,fno,64,123,0.01572151256725192
0.01,2,fno,64,124,0.015547050125896932
0.01,2,fno,64,125,0.016236899066716434
0.01,2,fno,64,126,0.01660825692117214
0.01,2,fno,64,127,0.015982952397316695
0.01,2,fno,64,128,0.01632956799119711
0.01,2,fno,64,129,0.016046589184552432
0.01,2,fno,64,130,0.015079209562391043
0.01,2,fno,64,131,0.014823228735476732
0.01,2,fno,64,132,0.015505653321743012
0.01,2,fno,64,133,0.014843478053808212
0.01,2,fno,64,134,0.016033184584230184
0.01,2,fno,64,135,0.01578053768724203
0.01,2,fno,64,136,0.01625674542039633
0.01,2,fno,64,137,0.014902958925813437
0.01,2,fno,64,138,0.015591469593346119
0.01,2,fno,64,139,0.015041681453585625
0.01,2,fno,64,140,0.015789019335061313
0.01,2,fno,64,141,0.014566740449517966
0.01,2,fno,64,142,0.015424188915640116
0.01,2,fno,64,143,0.0164056565053761
0.01,2,fno,64,144,0.015543438661843538
0.01,2,fno,64,145,0.015937326569110156
0.01,2,fno,64,146,0.015459493026137352
0.01,2,fno,64,147,0.015574079658836126
0.01,2,fno,64,148,0.015343502722680568
0.01,2,fno,64,149,0.01592942764982581
0.01,2,fno,64,150,0.014941323269158601
0.01,2,fno,64,151,0.014814353529363871
0.01,2,fno,64,152,0.014889328218996524
0.01,2,fno,64,153,0.015379301011562348
0.01,2,fno,64,154,0.015025409292429686
0.01,2,fno,64,155,0.016063426919281483
0.01,2,fno,64,156,0.015397653002291917
0.01,2,fno,64,157,0.014193701967597007
0.01,2,fno,64,158,0.013932732306420803
0.01,2,fno,64,159,0.01545214980840683
0.01,2,fno,64,160,0.015449063442647458
0.01,2,fno,64,161,0.01492307983338833
0.01,2,fno,64,162,0.01546232108026743
0.01,2,fno,64,163,0.014437730722129345
0.01,2,fno,64,164,0.013771259412169456
0.01,2,fno,64,165,0.014511455316096544
0.01,2,fno,64,166,0.014581548813730479
0.01,2,fno,64,167,0.01336056251078844
0.01,2,fno,64,168,0.014666234608739614
0.01,2,fno,64,169,0.014033562950789929
0.01,2,fno,64,170,0.013857266549021006
0.01,2,fno,64,171,0.014198962356895209
0.01,2,fno,64,172,0.014297061171382665
0.01,2,fno,64,173,0.01431799579411745
0.01,2,fno,64,174,0.014554887525737286
0.01,2,fno,64,175,0.01445656705647707
0.01,2,fno,64,176,0.014950917586684227
0.01,2,fno,64,177,0.01486144883558154
0.01,2,fno,64,178,0.015011398755013942
0.01,2,fno,64,179,0.014489311669021844
0.01,2,fno,64,180,0.012696687635034322
0.01,2,fno,64,181,0.01173889497295022
0.01,2,fno,64,182,0.012193738892674446
0.01,2,fno,64,183,0.011650366857647896
0.01,2,fno,64,184,0.011956116929650307
0.01,2,fno,64,185,0.011615523286163807
0.01,2,fno,64,186,0.01185679567977786
0.01,2,fno,64,187,0.012566726990044116
0.01,2,fno,64,188,0.01181577831506729
0.01,2,fno,64,189,0.011727868877351284
0.01,2,fno,64,190,0.012362080831080676
0.01,2,fno,64,191,0.012661725636571646
0.01,2,fno,64,192,0.0116131448186934
0.01,2,fno,64,193,0.011562965773046018
0.01,2,fno,64,194,0.011646471675485373
0.01,2,fno,64,195,0.011566794775426388
0.01,2,fno,64,196,0.011690529566258191
0.01,2,fno,64,197,0.012291386667639017
0.01,2,fno,64,198,0.011581309530884027
0.01,2,fno,64,199,0.011815061140805484
0.01,2,fno,64,200,0.01140073100104928
0.01,2,fno,64,201,0.01136053990572691
0.01,2,fno,64,202,0.01182067509740591
0.01,2,fno,64,203,0.012692014165222644
0.01,2,fno,64,204,0.012204210069030523
0.01,2,fno,64,205,0.011710289642214775
0.01,2,fno,64,206,0.011929533816874028
0.01,2,fno,64,207,0.011405752208083868
0.01,2,fno,64,208,0.011085277255624533
0.01,2,fno,64,209,0.011771127451211214
0.01,2,fno,64,210,0.011345247700810433
0.01,2,fno,64,211,0.011691297013312578
0.01,2,fno,64,212,0.011320798583328724
0.01,2,fno,64,213,0.011223692810162902
0.01,2,fno,64,214,0.011351631376892329
0.01,2,fno,64,215,0.011557626742869616
0.01,2,fno,64,216,0.012148640155792235
0.01,2,fno,64,217,0.011245472058653831
0.01,2,fno,64,218,0.01116450110450387
0.01,2,fno,64,219,0.011149397864937783
0.01,2,fno,64,220,0.011390221817418934
0.01,2,fno,64,221,0.011224306747317314
0.01,2,fno,64,222,0.011179498843848706
0.01,2,fno,64,223,0.011445798613131046
0.01,2,fno,64,224,0.010988340452313424
0.01,2,fno,64,225,0.011255522686988116
0.01,2,fno,64,226,0.011341516375541687
0.01,2,fno,64,227,0.011422428507357836
0.01,2,fno,64,228,0.011753265205770731
0.01,2,fno,64,229,0.012615300230681897
0.01,2,fno,64,230,0.011321494951844216
0.01,2,fno,64,231,0.011281736101955176
0.01,2,fno,64,232,0.010829814784228802
0.01,2,fno,64,233,0.011246990375220776
0.01,2,fno,64,234,0.011671090284362435
0.01,2,fno,64,235,0.011801058892160654
0.01,2,fno,64,236,0.011165565140545368
0.01,2,fno,64,237,0.011054187584668397
0.01,2,fno,64,238,0.011206292845308781
0.01,2,fno,64,239,0.01123930186033249
0.01,2,fno,64,240,0.01040739804506302
0.01,2,fno,64,241,0.010124672474339604
0.01,2,fno,64,242,0.009864631835371255
0.01,2,fno,64,243,0.010028863437473773
0.01,2,fno,64,244,0.010289396494626998
0.01,2,fno,64,245,0.01033515751361847
0.01,2,fno,64,246,0.010055919392034412
0.01,2,fno,64,247,0.010045345025137067
0.01,2,fno,64,248,0.010124629903584719
0.01,2,fno,64,249,0.009961843965575099
0.01,2,fno,64,250,0.009869515877217055
0.01,2,fno,64,251,0.009841772010549903
0.01,2,fno,64,252,0.009679476656019688
0.01,2,fno,64,253,0.010165127497166394
0.01,2,fno,64,254,0.009927493510767818
0.01,2,fno,64,255,0.009969165157526732
0.01,2,fno,64,256,0.009912986494600772
0.01,2,fno,64,257,0.009754601195454597
0.01,2,fno,64,258,0.00955067690461874
0.01,2,fno,64,259,0.009817395340651274
0.01,2,fno,64,260,0.009761946685612201
0.01,2,fno,64,261,0.009694179352372885
0.01,2,fno,64,262,0.009843802694231272
0.01,2,fno,64,263,0.009851626073941588
0.01,2,fno,64,264,0.00981698210351169
0.01,2,fno,64,265,0.010002374909818172
0.01,2,fno,64,266,0.009937923904508351
0.01,2,fno,64,267,0.009698592834174633
0.01,2,fno,64,268,0.009729496138170361
0.01,2,fno,64,269,0.009794020820409059
0.01,2,fno,64,270,0.009504342479631304
0.01,2,fno,64,271,0.00962925528176129
0.01,2,fno,64,272,0.009817056152969598
0.01,2,fno,64,273,0.009674866795539855
0.01,2,fno,64,274,0.009814356230199337
0.01,2,fno,64,275,0.009656133176758886
0.01,2,fno,64,276,0.00961160084232688
0.01,2,fno,64,277,0.009819998973980545
0.01,2,fno,64,278,0.01014015793800354
0.01,2,fno,64,279,0.009599141711369157
0.01,2,fno,64,280,0.00954190718010068
0.01,2,fno,64,281,0.00995517835021019
0.01,2,fno,64,282,0.010389682836830616
0.01,2,fno,64,283,0.009595294501632452
0.01,2,fno,64,284,0.009405113207176328
0.01,2,fno,64,285,0.009767009941861034
0.01,2,fno,64,286,0.009609932601451874
0.01,2,fno,64,287,0.009852794082835317
0.01,2,fno,64,288,0.009745394038036466
0.01,2,fno,64,289,0.009673803765326738
0.01,2,fno,64,290,0.00948180103674531
0.01,2,fno,64,291,0.009420721447095276
0.01,2,fno,64,292,0.009835102669894695
0.01,2,fno,64,293,0.009617515904828906
0.01,2,fno,64,294,0.009593099858611821
0.01,2,fno,64,295,0.009515662975609303
0.01,2,fno,64,296,0.009545513615012168
0.01,2,fno,64,297,0.009570020064711571
0.01,2,fno,64,298,0.009347470737993717
0.01,2,fno,64,299,0.009481203379109501
0.01,2,cnn,64,0,0.5253194236755371
0.01,2,cnn,64,1,0.2343613561987877
0.01,2,cnn,64,2,0.18578974515199662
0.01,2,cnn,64,3,0.16065516829490661
0.01,2,cnn,64,4,0.138890613168478
0.01,2,cnn,64,5,0.15143785387277603
0.01,2,cnn,64,6,0.11683710739016533
0.01,2,cnn,64,7,0.11319728791713715
0.01,2,cnn,64,8,0.13144599944353103
0.01,2,cnn,64,9,0.09896840766072273
0.01,2,cnn,64,10,0.09002326235175133
0.01,2,cnn,64,11,0.09514763221144676
0.01,2,cnn,64,12,0.11130752615630626
0.01,2,cnn,64,13,0.1013128412514925
0.01,2,cnn,64,14,0.07788591340184212
0.01,2,cnn,64,15,0.09041188403964043
0.01,2,cnn,64,16,0.09133878000080585
0.01,2,cnn,64,17,0.08087562218308449
0.01,2,cnn,64,18,0.081024671792984
0.01,2,cnn,64,19,0.0740549311041832
0.01,2,cnn,64,20,0.090550047904253
0.01,2,cnn,64,21,0.08757072679698467
0.01,2,cnn,64,22,0.07295505322515965
0.01,2,cnn,64,23,0.05926099836826324
0.01,2,cnn,64,24,0.06656052872538566
0.01,2,cnn,64,25,0.0590492832660675
0.01,2,cnn,64,26,0.06970077887177467
0.01,2,cnn,64,27,0.06508500196039677
0.01,2,cnn,64,28,0.06620205231010914
0.01,2,cnn,64,29,0.059599800184369084
0.01,2,cnn,64,30,0.06023883901536465
0.01,2,cnn,64,31,0.0640042994171381
0.01,2,cnn,64,32,0.06515625953674316
0.01,2,cnn,64,33,0.0588409349322319
0.01,2,cnn,64,34,0.06613998167216778
0.01,2,cnn,64,35,0.04734404649585486
0.01,2,cnn,64,36,0.05780713722109795
0.01,2,cnn,64,37,0.06596360087394715
0.01,2,cnn,64,38,0.060198168233036996
0.01,2,cnn,64,39,0.051733082085847856
0.01,2,cnn,64,40,0.052910447344183924
0.01,2,cnn,64,41,0.048344310149550436
0.01,2,cnn,64,42,0.06712714806199074
0.01,2,cnn,64,43,0.05785251092165709
0.01,2,cnn,64,44,0.05587083533406258
0.01,2,cnn,64,45,0.052773181535303595
0.01,2,cnn,64,46,0.04763664714992046
0.01,2,cnn,64,47,0.0496395393460989
0.01,2,cnn,64,48,0.05783615507185459
0.01,2,cnn,64,49,0.05013961013406515
0.01,2,cnn,64,50,0.058004251047968865
0.01,2,cnn,64,51,0.06308807164430619
0.01,2,cnn,64,52,0.045467661879956725
0.01,2,cnn,64,53,0.04633784510195255
0.01,2,cnn,64,54,0.05035504199564457
0.01,2,cnn,64,55,0.05027112886309624
0.01,2,cnn,64,56,0.05368229649960995
0.01,2,cnn,64,57,0.04531058918684721
0.01,2,cnn,64,58,0.051347310468554494
0.01,2,cnn,64,59,0.047098568379879
0.01,2,cnn,64,60,0.0345592112839222
0.01,2,cnn,64,61,0.0302724651992321
0.01,2,cnn,64,62,0.03194171734154225
0.01,2,cnn,64,63,0.028671076223254204
0.01,2,cnn,64,64,0.02887988030910492
0.01,2,cnn,64,65,0.030965732969343664
0.01,2,cnn,64,66,0.03151340957731009
0.01,2,cnn,64,67,0.0319191462919116
0.01,2,cnn,64,68,0.03423318009823561
0.01,2,cnn,64,69,0.033688515909016135
0.01,2,cnn,64,70,0.031464954502880574
0.01,2,cnn,64,71,0.029176067858934403
0.01,2,cnn,64,72,0.030046435482800008
0.01,2,cnn,64,73,0.03283905994147062
0.01,2,cnn,64,74,0.031825161390006546
0.01,2,cnn,64,75,0.037163981571793556
0.01,2,cnn,64,76,0.037108867652714254
0.01,2,cnn,64,77,0.02959684532135725
0.01,2,cnn,64,78,0.028775676712393762
0.01,2,cnn,64,79,0.027270743921399117
0.01,2,cnn,64,80,0.030888005010783672
0.01,2,cnn,64,81,0.031051275618374348
0.01,2,cnn,64,82,0.029580736272037028
0.01,2,cnn,64,83,0.03281184028834105
0.01,2,cnn,64,84,0.029351809732615947
0.01,2,cnn,64,85,0.026793069764971734
0.01,2,cnn,64,86,0.0292098144069314
0.01,2,cnn,64,87,0.02695915874093771
0.01,2,cnn,64,88,0.02937226913869381
0.01,2,cnn,64,89,0.03159032750874758
0.01,2,cnn,64,90,0.023589221350848674
0.01,2,cnn,64,91,0.03082756996154785
0.01,2,cnn,64,92,0.031470884084701535
0.01,2,cnn,64,93,0.024999122731387616
0.01,2,cnn,64,94,0.02675698895007372
0.01,2,cnn,64,95,0.02958117872476578
0.01,2,cnn,64,96,0.03220168828964234
0.01,2,cnn,64,97,0.026276884265244008
0.01,2,cnn,64,98,0.02461095657199621
0.01,2,cnn,64,99,0.02582894966006279
0.01,2,cnn,64,100,0.02635594956576824
0.01,2,cnn,64,101,0.024527592323720454
0.01,2,cnn,64,102,0.025794170834124087
0.01,2,cnn,64,103,0.02794667609035969
0.01,2,cnn,64,104,0.03708173982799053
0.01,2,cnn,64,105,0.029374565295875073
0.01,2,cnn,64,106,0.02277068790048361
0.01,2,cnn,64,107,0.03595796287059784
0.01,2,cnn,64,108,0.0322375351190567
0.01,2,cnn,64,109,0.02822992954403162
0.01,2,cnn,64,110,0.025873873718082904
0.01,2,cnn,64,111,0.02675886679440737
0.01,2,cnn,64,112,0.028876433968544005
0.01,2,cnn,64,113,0.022842665910720827
0.01,2,cnn,64,114,0.027123216204345227
0.01,2,cnn,64,115,0.03236378040164709
0.01,2,cnn,64,116,0.02589280892163515
0.01,2,cnn,64,117,0.025246008932590484
0.01,2,cnn,64,118,0.02100512746721506
0.01,2,cnn,64,119,0.027746331952512263
0.01,2,cnn,64,120,0.023046815507113932
0.01,2,cnn,64,121,0.017754375375807284
0.01,2,cnn,64,122,0.018113091867417098
0.01,2,cnn,64,123,0.019528333228081465
0.01,2,cnn,64,124,0.018573542274534702
0.01,2,cnn,64,125,0.018497490659356117
0.01,2,cnn,64,126,0.019342814404517412
0.01,2,cnn,64,127,0.018865285739302635
0.01,2,cnn,64,128,0.016928905714303256
0.01,2,cnn,64,129,0.01660929625853896
0.01,2,cnn,64,130,0.017562894076108934
0.01,2,cnn,64,131,0.020623511001467705
0.01,2,cnn,64,132,0.017741116434335708
0.01,2,cnn,64,133,0.019873526133596896
0.01,2,cnn,64,134,0.017920195665210484
0.01,2,cnn,64,135,0.017845299355685712
0.01,2,cnn,64,136,0.017052374705672266
0.01,2,cnn,64,137,0.01977742100134492
0.01,2,cnn,64,138,0.017613608799874784
0.01,2,cnn,64,139,0.019399688746780157
0.01,2,cnn,64,140,0.018514764904975892
0.01,2,cnn,64,141,0.01981892980635166
0.01,2,cnn,64,142,0.019455858618021012
0.01,2,cnn,64,143,0.01757305797189474
0.01,2,cnn,64,144,0.018818708304315805
0.01,2,cnn,64,145,0.01962115729227662
0.01,2,cnn,64,146,0.017386652883142232
0.01,2,cnn,64,147,0.016464314684271814
0.01,2,cnn,64,148,0.016827389746904373
0.01,2,cnn,64,149,0.01748527877032757
0.01,2,cnn,64,150,0.017421314530074596
0.01,2,cnn,64,151,0.019099171496927737
0.01,2,cnn,64,152,0.017886293418705464
0.01,2,cnn,64,153,0.017356126364320518
0.01,2,cnn,64,154,0.01676441214978695
0.01,2,cnn,64,155,0.015476289223879575
0.01,2,cnn,64,156,0.019176588766276835
0.01,2,cnn,64,157,0.017647938635200262
0.01,2,cnn,64,158,0.017380338441580535
0.01,2,cnn,64,159,0.01660071300342679
0.01,2,cnn,64,160,0.019530054945498705
0.01,2,cnn,64,161,0.021263073068112134
0.01,2,cnn,64,162,0.019153718911111353
0.01,2,cnn,64,163,0.015524109024554492
0.01,2,cnn,64,164,0.01746387967839837
0.01,2,cnn,64,165,0.01671596059575677
0.01,2,cnn,64,166,0.016232251673936843
0.01,2,cnn,64,167,0.016973424535244704
0.01,2,cnn,64,168,0.01875163771212101
0.01,2,cnn,64,169,0.015483605414628983
0.01,2,cnn,64,170,0.016797437649220228
0.01,2,cnn,64,171,0.019957898892462255
0.01,2,cnn,64,172,0.018826857525855303
0.01,2,cnn,64,173,0.016994331385940312
0.01,2,cnn,64,174,0.017126903943717478
0.01,2,cnn,64,175,0.016632932890206575
0.01,2,cnn,64,176,0.016945122051984073
0.01,2,cnn,64,177,0.017305261958390473
0.01,2,cnn,64,178,0.01841971717774868
0.01,2,cnn,64,179,0.015555500332266093
0.01,2,cnn,64,180,0.013870618902146817
0.01,2,cnn,64,181,0.01260333502665162
0.01,2,cnn,64,182,0.013109261821955442
0.01,2,cnn,64,183,0.0125105288811028
0.01,2,cnn,64,184,0.012797147780656815
0.01,2,cnn,64,185,0.013742788918316364
0.01,2,cnn,64,186,0.0125843695551157
0.01,2,cnn,64,187,0.012563496716320515
0.01,2,cnn,64,188,0.011828772965818643
0.01,2,cnn,64,189,0.01203369764611125
0.01,2,cnn,64,190,0.014883119240403175
0.01,2,cnn,64,191,0.014217741545289755
0.01,2,cnn,64,192,0.013022022899240255
0.01,2,cnn,64,193,0.011933321226388216
0.01,2,cnn,64,194,0.012597375661134719
0.01,2,cnn,64,195,0.011521332673728466
0.01,2,cnn,64,196,0.011929684653878211
0.01,2,cnn,64,197,0.01198070079088211
0.01,2,cnn,64,198,0.012966793999075889
0.01,2,cnn,64,199,0.011933717411011457
0.01,2,cnn,64,200,0.015429388917982578
0.01,2,cnn,64,201,0.01356590298935771
0.01,2,cnn,64,202,0.011442465465515852
0.01,2,cnn,64,203,0.011903962548822165
0.01,2,cnn,64,204,0.01244352962821722
0.01,2,cnn,64,205,0.011538241766393184
0.01,2,cnn,64,206,0.011341969668865203
0.01,2,cnn,64,207,0.01120925085619092
0.01,2,cnn,64,208,0.01169796695932746
0.01,2,cnn,64,209,0.011621806286275387
0.01,2,cnn,64,210,0.011175693683326245
0.01,2,cnn,64,211,0.011823042128235102
0.01,2,cnn,64,212,0.011629030276089906
0.01,2,cnn,64,213,0.015739485211670397
0.01,2,cnn,64,214,0.01355346156284213
0.01,2,cnn,64,215,0.01103206031024456
0.01,2,cnn,64,216,0.011477989032864571
0.01,2,cnn,64,217,0.012066614534705877
0.01,2,cnn,64,218,0.012052409835159778
0.01,2,cnn,64,219,0.013129828479140997
0.01,2,cnn,64,220,0.012791445050388574
0.01,2,cnn,64,221,0.01435626519843936
0.01,2,cnn,64,222,0.01288719905540347
0.01,2,cnn,64,223,0.012124698646366595
0.01,2,cnn,64,224,0.011674452144652604
0.01,2,cnn,64,225,0.01104821247048676
0.01,2,cnn,64,226,0.011335321273654698
0.01,2,cnn,64,227,0.01099912879988551
0.01,2,cnn,64,228,0.01262230096384883
0.01,2,cnn,64,229,0.012928495910018682
0.01,2,cnn,64,230,0.011836645025759936
0.01,2,cnn,64,231,0.012106768861413002
0.01,2,cnn,64,232,0.01247521499171853
0.01,2,cnn,64,233,0.013879225067794322
0.01,2,cnn,64,234,0.011696040574461221
0.01,2,cnn,64,235,0.011824697628617287
0.01,2,cnn,64,236,0.0132083479501307
0.01,2,cnn,64,237,0.011212497409433126
0.01,2,cnn,64,238,0.010460360925644636
0.01,2,cnn,64,239,0.011114725973457099
0.01,2,cnn,64,240,0.010031059086322784
0.01,2,cnn,64,241,0.009667819533497095
0.01,2,cnn,64,242,0.009934336123988032
0.01,2,cnn,64,243,0.009491945467889309
0.01,2,cnn,64,244,0.010440185628831387
0.01,2,cnn,64,245,0.010049984194338321
0.01,2,cnn,64,246,0.009628207720816136
0.01,2,cnn,64,247,0.00950469359755516
0.01,2,cnn,64,248,0.009698326457291842
0.01,2,cnn,64,249,0.009164218055084349
0.01,2,cnn,64,250,0.00945453747175634
0.01,2,cnn,64,251,0.010075509399175644
0.01,2,cnn,64,252,0.009734537173062562
0.01,2,cnn,64,253,0.009899477809667587
0.01,2,cnn,64,254,0.009711069213226437
0.01,2,cnn,64,255,0.009654365619644523
0.01,2,cnn,64,256,0.00950768026523292
0.01,2,cnn,64,257,0.009609938878566027
0.01,2,cnn,64,258,0.00997253722511232
0.01,2,cnn,64,259,0.009720900859683752
0.01,2,cnn,64,260,0.009620914096012711
0.01,2,cnn,64,261,0.009783275928348302
0.01,2,cnn,64,262,0.009263365091755986
0.01,2,cnn,64,263,0.009693026999011636
0.01,2,cnn,64,264,0.009723790585994721
0.01,2,cnn,64,265,0.009234934868291021
0.01,2,cnn,64,266,0.009952596994116903
0.01,2,cnn,64,267,0.009619559654965996
0.01,2,cnn,64,268,0.009900459023192525
0.01,2,cnn,64,269,0.009545796904712916
0.01,2,cnn,64,270,0.009479423193261028
0.01,2,cnn,64,271,0.009582704016938805
0.01,2,cnn,64,272,0.009409566633403301
0.01,2,cnn,64,273,0.009153481358662247
0.01,2,cnn,64,274,0.009447277784347534
0.01,2,cnn,64,275,0.009502370413392781
0.01,2,cnn,64,276,0.00946308626793325
0.01,2,cnn,64,277,0.009556229216977954
0.01,2,cnn,64,278,0.009355045761913061
0.01,2,cnn,64,279,0.010224746875464916
0.01,2,cnn,64,280,0.009197643110528588
0.01,2,cnn,64,281,0.009256136110052467
0.01,2,cnn,64,282,0.009779118113219737
0.01,2,cnn,64,283,0.00925172196701169
0.01,2,cnn,64,284,0.009323003236204386
0.01,2,cnn,64,285,0.009700838010758162
0.01,2,cnn,64,286,0.009389499444514513
0.01,2,cnn,64,287,0.009376426357775927
0.01,2,cnn,64,288,0.00925976039841771
0.01,2,cnn,64,289,0.009227538127452134
0.01,2,cnn,64,290,0.009851184785366058
0.01,2,cnn,64,291,0.009519081814214587
0.01,2,cnn,64,292,0.009651779560372234
0.01,2,cnn,64,293,0.010109329838305712
0.01,2,cnn,64,294,0.009500714363530277
0.01,2,cnn,64,295,0.009295146223157644
0.01,2,cnn,64,296,0.009167727744206787
0.01,2,cnn,64,297,0.009055709047243
0.01,2,cnn,64,298,0.009183869464322925
0.01,2,cnn,64,299,0.00914124264381826
0.01,2,fno,256,0,0.6059178864955902
0.01,2,fno,256,1,0.24613221406936645
0.01,2,fno,256,2,0.16786549776792525
0.01,2,fno,256,3,0.136512089073658
0.01,2,fno,256,4,0.11559263780713082
0.01,2,fno,256,5,0.10645150482654571
0.01,2,fno,256,6,0.09265323355793953
0.01,2,fno,256,7,0.09089077100157737
0.01,2,fno,256,8,0.07880606889724731
0.01,2,fno,256,9,0.0752743560820818
0.01,2,fno,256,10,0.07369207262992859
0.01,2,fno,256,11,0.07183010645210743
0.01,2,fno,256,12,0.06672974452376365
0.01,2,fno,256,13,0.061432506516575815
0.01,2,fno,256,14,0.06347980812191963
0.01,2,fno,256,15,0.05592183209955692
0.01,2,fno,256,16,0.05412977665662765
0.01,2,fno,256,17,0.052297919616103174
0.01,2,fno,256,18,0.053671809285879134
0.01,2,fno,256,19,0.0625937557965517
0.01,2,fno,256,20,0.056357331350445745
0.01,2,fno,256,21,0.05182273387908935
0.01,2,fno,256,22,0.05233681380748749
0.01,2,fno,256,23,0.046268318891525266
0.01,2,fno,256,24,0.046430264785885814
0.01,2,fno,256,25,0.046512282341718676
0.01,2,fno,256,26,0.04429041162133217
0.01,2,fno,256,27,0.04462110832333565
0.01,2,fno,256,28,0.04175268039107323
0.01,2,fno,256,29,0.041106550768017766
0.01,2,fno,256,30,0.042891356945037845
0.01,2,fno,256,31,0.044141266271471975
0.01,2,fno,256,32,0.045707782059907914
0.01,2,fno,256,33,0.041777634173631666
0.01,2,fno,256,34,0.03883077710866928
0.01,2,fno,256,35,0.04455742947757244
0.01,2,fno,256,36,0.041182974725961684
0.01,2,fno,256,37,0.04213345143944025
0.01,2,fno,256,38,0.04566794671118259
0.01,2,fno,256,39,0.03802275035530329
0.01,2,fno,256,40,0.04027917835861444
0.01,2,fno,256,41,0.03889596279710531
0.01,2,fno,256,42,0.03971354115754366
0.01,2,fno,256,43,0.03793157324194908
0.01,2,fno,256,44,0.0441275168210268
0.01,2,fno,256,45,0.04227853074669838
0.01,2,fno,256,46,0.037788718082010744
0.01,2,fno,256,47,0.036072189770638946
0.01,2,fno,256,48,0.03575484093278646
0.01,2,fno,256,49,0.03458429403603077
0.01,2,fno,256,50,0.035209705531597135
0.01,2,fno,256,51,0.036847928315401075
0.01,2,fno,256,52,0.03634448282420635
0.01,2,fno,256,53,0.03704565841704607
0.01,2,fno,256,54,0.03846989709883928
0.01,2,fno,256,55,0.03538812905550003
0.01,2,fno,256,56,0.038973585702478886
0.01,2,fno,256,57,0.03657479010522366
0.01,2,fno,256,58,0.04009788315743208
0.01,2,fno,256,59,0.038176100477576254
0.01,2,fno,256,60,0.027226334400475026
0.01,2,fno,256,61,0.025203157253563403
0.01,2,fno,256,62,0.0256287420168519
0.01,2,fno,256,63,0.025230277106165887
0.01,2,fno,256,64,0.024807274378836154
0.01,2,fno,256,65,0.025606638975441454
0.01,2,fno,256,66,0.024161034375429154
0.01,2,fno,256,67,0.02555318906903267
0.01,2,fno,256,68,0.024221701584756374
0.01,2,fno,256,69,0.025130402371287344
0.01,2,fno,256,70,0.022972578704357146
0.01,2,fno,256,71,0.024036986120045185
0.01,2,fno,256,72,0.023536700569093228
0.01,2,fno,256,73,0.023558449298143387
0.01,2,fno,256,74,0.023859091624617575
0.01,2,fno,256,75,0.024746568761765956
0.01,2,fno,256,76,0.0250899188965559
0.01,2,fno,256,77,0.02341752115637064
0.01,2,fno,256,78,0.02410759087651968
0.01,2,fno,256,79,0.02241488788276911
0.01,2,fno,256,80,0.022217183895409106
0.01,2,fno,256,81,0.023621861338615418
0.01,2,fno,256,82,0.02285378482192755
0.01,2,fno,256,83,0.02484036412090063
0.01,2,fno,256,84,0.022426338829100133
0.01,2,fno,256,85,0.022463674694299697
0.01,2,fno,256,86,0.023923217914998532
0.01,2,fno,256,87,0.023708381354808808
0.01,2,fno,256,88,0.02205610606819391
0.01,2,fno,256,89,0.02180000577121973
0.01,2,fno,256,90,0.024360392801463605
0.01,2,fno,256,91,0.021309036426246167
0.01,2,fno,256,92,0.02273069553077221
0.01,2,fno,256,93,0.023205227851867676
0.01,2,fno,256,94,0.021740729473531246
0.01,2,fno,256,95,0.023796529732644556
0.01,2,fno,256,96,0.021736278012394906
0.01,2,fno,256,97,0.021588255278766157
0.01,2,fno,256,98,0.02435587652027607
0.01,2,fno,256,99,0.021249953359365463
0.01,2,fno,256,100,0.020761312432587147
0.01,2,fno,256,101,0.023830214403569697
0.01,2,fno,256,102,0.023701014015823602
0.01,2,fno,256,103,0.022640821505337954
0.01,2,fno,256,104,0.020490852147340775
0.01,2,fno,256,105,0.021679803617298602
0.01,2,fno,256,106,0.022333172112703324
0.01,2,fno,256,107,0.02426904410123825
0.01,2,fno,256,108,0.023001835010945798
0.01,2,fno,256,109,0.02181887598708272
0.01,2,fno,256,110,0.021878174878656863
0.01,2,fno,256,111,0.020945044159889223
0.01,2,fno,256,112,0.023530857749283315
0.01,2,fno,256,113,0.022666411511600017
0.01,2,fno,256,114,0.02175300698727369
0.01,2,fno,256,115,0.023559216223657132
0.01,2,fno,256,116,0.023863462395966054
0.01,2,fno,256,117,0.021900777872651815
0.01,2,fno,256,118,0.018867259435355662
0.01,2,fno,256,119,0.019934284668415785
0.01,2,fno,256,120,0.01921181719750166
0.01,2,fno,256,121,0.016595410257577894
0.01,2,fno,256,122,0.016558235585689543
0.01,2,fno,256,123,0.016737958509474994
0.01,2,fno,256,124,0.016485654171556233
0.01,2,fno,256,125,0.015926194470375778
0.01,2,fno,256,126,0.016396562326699494
0.01,2,fno,256,127,0.01609000125899911
0.01,2,fno,256,128,0.01627080110833049
0.01,2,fno,256,129,0.01650880502536893
0.01,2,fno,256,130,0.016718101296573876
0.01,2,fno,256,131,0.016280651055276395
0.01,2,fno,256,132,0.01591302761808038
0.01,2,fno,256,133,0.015902117993682623
0.01,2,fno,256,134,0.01647899704053998
0.01,2,fno,256,135,0.01570492930710316
0.01,2,fno,256,136,0.015952754076570274
0.01,2,fno,256,137,0.015648499000817537
0.01,2,fno,256,138,0.015717454534024
0.01,2,fno,256,139,0.016128161754459143
0.01,2,fno,256,140,0.01658292770385742
0.01,2,fno,256,141,0.016058814749121665
0.01,2,fno,256,142,0.016217923257499933
0.01,2,fno,256,143,0.01644182510674
0.01,2,fno,256,144,0.01705369833856821
0.01,2,fno,256,145,0.015283242091536522
0.01,2,fno,256,146,0.015933934692293407
0.01,2,fno,256,147,0.015843982938677073
0.01,2,fno,256,148,0.016057095564901827
0.01,2,fno,256,149,0.016058814805001022
0.01,2,fno,256,150,0.015418816935271024
0.01,2,fno,256,151,0.015241543278098107
0.01,2,fno,256,152,0.016556631494313478
0.01,2,fno,256,153,0.015327587928622962
0.01,2,fno,256,154,0.01617431228980422
0.01,2,fno,256,155,0.016612494103610514
0.01,2,fno,256,156,0.01606962962076068
0.01,2,fno,256,157,0.01535875279456377
0.01,2,fno,256,158,0.01624434642493725
0.01,2,fno,256,159,0.015747645236551762
0.01,2,fno,256,160,0.015824725106358527
0.01,2,fno,256,161,0.015336851235479116
0.01,2,fno,256,162,0.014917133804410697
0.01,2,fno,256,163,0.016155985910445453
0.01,2,fno,256,164,0.015565883796662093
0.01,2,fno,256,165,0.014732115603983402
0.01,2,fno,256,166,0.014729570876806975
0.01,2,fno,256,167,0.01524296497926116
0.01,2,fno,256,168,0.015470561347901821
0.01,2,fno,256,169,0.014904910791665315
0.01,2,fno,256,170,0.014939122963696719
0.01,2,fno,256,171,0.01618978790938854
0.01,2,fno,256,172,0.016210760995745657
0.01,2,fno,256,173,0.014898056872189045
0.01,2,fno,256,174,0.014437845293432474
0.01,2,fno,256,175,0.01575600080192089
0.01,2,fno,256,176,0.015580320227891208
0.01,2,fno,256,177,0.01499171182513237
0.01,2,fno,256,178,0.015079296380281448
0.01,2,fno,256,179,0.015243069380521774
0.01,2,fno,256,180,0.013556777201592922
0.01,2,fno,256,181,0.013347497023642064
0.01,2,fno,256,182,0.01306887561455369
0.01,2,fno,256,183,0.013061872795224189
0.01,2,fno,256,184,0.01318187104538083
0.01,2,fno,256,185,0.012951993197202683
0.01,2,fno,256,186,0.012999363150447607
0.01,2,fno,256,187,0.013341666385531425
0.01,2,fno,256,188,0.012851953972131014
0.01,2,fno,256,189,0.012552621848881245
0.01,2,fno,256,190,0.013307606540620328
0.01,2,fno,256,191,0.013214059900492429
0.01,2,fno,256,192,0.012996024321764707
0.01,2,fno,256,193,0.012655809670686722
0.01,2,fno,256,194,0.01247597262263298
0.01,2,fno,256,195,0.012415398955345153
0.01,2,fno,256,196,0.012614387050271035
0.01,2,fno,256,197,0.012338131722062827
0.01,2,fno,256,198,0.012884205300360918
0.01,2,fno,256,199,0.012681743316352367
0.01,2,fno,256,200,0.012950406223535538
0.01,2,fno,256,201,0.013173711951822042
0.01,2,fno,256,202,0.013522554393857718
0.01,2,fno,256,203,0.012461729366332292
0.01,2,fno,256,204,0.012762398906052113
0.01,2,fno,256,205,0.012452656831592322
0.01,2,fno,256,206,0.012551995292305947
0.01,2,fno,256,207,0.012721753790974616
0.01,2,fno,256,208,0.012768984213471413
0.01,2,fno,256,209,0.012253157384693623
0.01,2,fno,256,210,0.012268821336328983
0.01,2,fno,256,211,0.013002117779105902
0.01,2,fno,256,212,0.012616711538285016
0.01,2,fno,256,213,0.01230752695351839
0.01,2,fno,256,214,0.012546356711536645
0.01,2,fno,256,215,0.012676141932606697
0.01,2,fno,256,216,0.012254323866218329
0.01,2,fno,256,217,0.012711501959711314
0.01,2,fno,256,218,0.012325682193040848
0.01,2,fno,256,219,0.012585665006190539
0.01,2,fno,256,220,0.012609658241271972
0.01,2,fno,256,221,0.012523921616375446
0.01,2,fno,256,222,0.012716972976922989
0.01,2,fno,256,223,0.01211562218144536
0.01,2,fno,256,224,0.012145887166261672
0.01,2,fno,256,225,0.012546345815062523
0.01,2,fno,256,226,0.01240572787821293
0.01,2,fno,256,227,0.012453288603574038
0.01,2,fno,256,228,0.011993104424327612
0.01,2,fno,256,229,0.012110972013324499
0.01,2,fno,256,230,0.012253366373479367
0.01,2,fno,256,231,0.012090593073517085
0.01,2,fno,256,232,0.012392630223184825
0.01,2,fno,256,233,0.012083204537630081
0.01,2,fno,256,234,0.01190610859543085
0.01,2,fno,256,235,0.012075560856610537
0.01,2,fno,256,236,0.012040186878293753
0.01,2,fno,256,237,0.012157338988035917
0.01,2,fno,256,238,0.012394852694123984
0.01,2,fno,256,239,0.01192738624289632
0.01,2,fno,256,240,0.011628460995852947
0.01,2,fno,256,241,0.011211285777390003
0.01,2,fno,256,242,0.01110381906852126
0.01,2,fno,256,243,0.011128963008522987
0.01,2,fno,256,244,0.011086394879966974
0.01,2,fno,256,245,0.011064308490604162
0.01,2,fno,256,246,0.011261379532516002
0.01,2,fno,256,247,0.011197102311998606
0.01,2,fno,256,248,0.011165760867297649
0.01,2,fno,256,249,0.011138987857848406
0.01,2,fno,256,250,0.011433696728199721
0.01,2,fno,256,251,0.011288585755974054
0.01,2,fno,256,252,0.011222315728664398
0.01,2,fno,256,253,0.011088931392878294
0.01,2,fno,256,254,0.011159147880971432
0.01,2,fno,256,255,0.011050264239311219
0.01,2,fno,256,256,0.01101602617651224
0.01,2,fno,256,257,0.011139801014214754
0.01,2,fno,256,258,0.011211302131414413
0.01,2,fno,256,259,0.011114768628031015
0.01,2,fno,256,260,0.011084950864315032
0.01,2,fno,256,261,0.011076921075582504
0.01,2,fno,256,262,0.01131244994699955
0.01,2,fno,256,263,0.010953813251107931
0.01,2,fno,256,264,0.010939171127974988
0.01,2,fno,256,265,0.011002904511988163
0.01,2,fno,256,266,0.010905855894088745
0.01,2,fno,256,267,0.010830382369458675
0.01,2,fno,256,268,0.011169267743825912
0.01,2,fno,256,269,0.011157614644616842
0.01,2,fno,256,270,0.011213393434882164
0.01,2,fno,256,271,0.010971548333764077
0.01,2,fno,256,272,0.010841332413256168
0.01,2,fno,256,273,0.010798119194805621
0.01,2,fno,256,274,0.010913650318980218
0.01,2,fno,256,275,0.010923836436122656
0.01,2,fno,256,276,0.010814398899674416
0.01,2,fno,256,277,0.010872066225856543
0.01,2,fno,256,278,0.010922826360911131
0.01,2,fno,256,279,0.010812348201870919
0.01,2,fno,256,280,0.011076080575585366
0.01,2,fno,256,281,0.010879347380250693
0.01,2,fno,256,282,0.010886320788413286
0.01,2,fno,256,283,0.010756651181727648
0.01,2,fno,256,284,0.010929531864821911
0.01,2,fno,256,285,0.010826234482228756
0.01,2,fno,256,286,0.010749273067340255
0.01,2,fno,256,287,0.010906353630125522
0.01,2,fno,256,288,0.01085692409425974
0.01,2,fno,256,289,0.010797590184956789
0.01,2,fno,256,290,0.010932628512382508
0.01,2,fno,256,291,0.010865743681788444
0.01,2,fno,256,292,0.010781307853758335
0.01,2,fno,256,293,0.010685315672308206
0.01,2,fno,256,294,0.010836498569697142
0.01,2,fno,256,295,0.010692851189523934
0.01,2,fno,256,296,0.010633524339646101
0.01,2,fno,256,297,0.010782711710780858
0.01,2,fno,256,298,0.010629708673804998
0.01,2,fno,256,299,0.010785522386431694
