fast,slow,dev_return,holdout_return,dev_excess,holdout_excess,dev_trades,dev_exposure
2,5,8.305674874488137,-0.2116620475771699,-0.06074196990478131,-0.47121557096949107,512.0,0.531786941580756
2,10,9.391616907081856,0.1632721889405333,0.04886639145414473,-0.21972522273535477,310.0,0.5279209621993127
2,15,10.251338041521313,0.6135588566974253,0.13564139596011815,0.0823084136995047,230.0,0.5274914089347079
2,20,14.215270090432938,0.7259244541714864,0.5357365054399483,0.15767859995069844,190.0,0.5304982817869416
2,25,15.990630542833841,0.6027401412807547,0.7149305546327267,0.07505166773558658,160.0,0.5262027491408935
2,30,19.714050684421167,0.4324012921858402,1.0907498600107841,-0.03920457323764681,146.0,0.5197594501718213
2,35,39.09312227588383,0.6323231837996739,3.04675507764124,0.09489474670860276,129.0,0.5171821305841925
2,40,43.93359453982391,0.5480644940304733,3.535322806976291,0.03837750936954798,105.0,0.5171821305841925
2,45,26.353578911458417,0.48258593784827797,1.760903318776625,-0.005542792625469306,99.0,0.5098797250859106
2,50,29.791800224577,0.41687845210066277,2.107936394953036,-0.04961665108591706,89.0,0.509020618556701
2,55,26.90860441227552,0.3626266994413425,1.816924205556076,-0.08600647852692345,85.0,0.5
2,60,17.94993402518014,0.13986231111141323,0.9126906906796584,-0.2354275986561145,79.0,0.4961340206185567
2,65,15.83580797341321,-0.020539595602931726,0.6993037093442704,-0.3430185504765555,75.0,0.4957044673539519
2,70,13.111769450807174,-0.04948862697977918,0.42435588544588043,-0.36243636104947863,81.0,0.49226804123711343
2,75,11.165435236225997,0.09117815587295675,0.22790478813683146,-0.26808291247359795,81.0,0.49140893470790376
2,80,10.350547532859489,0.08772507926584705,0.145654996548777,-0.2703990931629551,67.0,0.4944158075601375
2,85,11.959812478055456,-0.04139555132965056,0.3080843789109238,-0.35700786128792117,69.0,0.49226804123711343
2,90,12.02144436429972,-0.02174777052768595,0.3143051253743041,-0.3438289441481931,65.0,0.49269759450171824
2,95,9.27575059205562,-0.028556650143635287,0.037171552737579105,-0.3483960584282958,59.0,0.49269759450171824
2,100,10.875902303659373,0.09322975039073222,0.19868110091821078,-0.26670678789105073,53.0,0.4944158075601375
2,105,15.480968771572751,0.11892447607960932,0.6634884058637087,-0.24947183071217705,43.0,0.4952749140893471
2,110,10.92401863550418,0.24179008010224767,0.20353766980477928,-0.16705867519819173,43.0,0.4849656357388316
2,115,13.495400797560979,0.15451602974537937,0.4630772923180042,-0.22559849146011912,33.0,0.48238831615120276
2,120,11.107455616956628,0.1487127259230785,0.22205267921242489,-0.22949110716983445,33.0,0.47852233676975947
2,125,8.820178078805672,0.13466621013784463,-0.008811156429896494,-0.2389129278579485,29.0,0.4742268041237113
2,130,9.66891236378678,0.16610985724533966,0.0768549025435512,-0.21782183243209285,29.0,0.4737972508591065
2,135,8.874888288288632,0.22057809230234549,-0.003289041776402435,-0.18128679756995003,27.0,0.47079037800687284
2,140,7.613259507611415,0.08815697492564678,-0.13063015128572175,-0.27010939545251755,27.0,0.46649484536082475
2,145,7.871208809158768,0.007298408628454434,-0.10459432302999516,-0.3243459708708142,29.0,0.4639175257731959
2,150,6.041302970371833,-0.02481858254093605,-0.2892938506387648,-0.3458887175893879,37.0,0.46134020618556704
2,155,5.924860134965424,-0.07251643478115644,-0.3010468798040504,-0.3778824602289641,35.0,0.45575601374570446
2,160,5.214065123585444,0.044494702593958824,-0.37279019033175587,-0.2993962383276184,37.0,0.4531786941580756
2,165,4.557733131291676,-0.02323631091632017,-0.4390363360960332,-0.3448273953543969,35.0,0.45146048109965636
2,170,5.049038609189374,-0.017241658503157842,-0.3894469595522321,-0.3408064309395944,37.0,0.4488831615120275
2,175,6.242119324540444,0.05118296631022812,-0.2690246734139706,-0.29491002819458656,33.0,0.44716494845360827
2,180,5.830051400518904,0.1475841548746295,-0.3106162948495075,-0.2302481058601048,37.0,0.44630584192439865
2,185,3.765373412918616,0.057627564512089835,-0.5190122903652092,-0.29058725879089464,37.0,0.44372852233676974
2,190,5.124525731703793,0.04050142339748053,-0.3818277500970608,-0.30207476452742854,33.0,0.4420103092783505
2,195,3.4753807396710386,0.12559697138254777,-0.5482823810024073,-0.2449961973773498,29.0,0.44415807560137455
2,200,3.639935174413875,-0.07773887193435192,-0.531673260621067,-0.3813854546486962,29.0,0.44372852233676974
3,5,1.1298309755624314,-0.11731160705623322,-0.785027859502497,-0.40792920543766764,514.0,0.5283505154639175
3,10,3.4112063540142383,-0.10146547795997363,-0.5547597518398334,-0.3973002787181594,284.0,0.5257731958762887
3,15,7.452284689085156,0.8598342311599658,-0.14687796705225176,0.24749972900941564,208.0,0.5335051546391752
3,20,18.45674087694249,0.34612227831307707,0.9638446812978023,-0.09707696026126966,152.0,0.5360824742268041
3,25,12.487438289815175,0.3658808531314395,0.36133970829487505,-0.08382372708674857,138.0,0.5270618556701031
3,30,14.269727685220378,0.5377270486444923,0.5412331227077625,0.031443579397940846,134.0,0.5257731958762887
3,35,21.128473295911018,0.7740192409156694,1.2335130463146862,0.18993858980619938,115.0,0.5154639175257731
3,40,26.759612963657183,0.9220971448197115,1.8018859180145732,0.2892631112595774,97.0,0.5120274914089347
3,45,22.12621870068265,0.7132896885162383,1.3342193783177057,0.14920372274554605,87.0,0.5073024054982818
3,50,28.154838146259475,0.4990990237575572,1.9427114330068274,0.005533501084904469,79.0,0.5051546391752577
3,55,18.054598362659018,0.3593905862434368,0.9232548701473016,-0.08817712915255105,73.0,0.49828178694158076
3,60,11.940932774141478,0.15530170884706385,0.30617877681906047,-0.2250714904779786,67.0,0.4995704467353952
3,65,11.292048644785007,-0.0009440756414049734,0.24068437288600508,-0.32987468774285544,69.0,0.49269759450171824
3,70,14.531839918383556,0.09762887613969995,0.5676891318747759,-0.2637560366424876,65.0,0.4901202749140893
3,75,11.729602097648838,0.07202796377039866,0.2848483480668862,-0.2809280677343007,65.0,0.49140893470790376
3,80,11.724461830967494,0.10902231040440591,0.284329520918678,-0.25611379309218874,59.0,0.4944158075601375
3,85,8.761523636490143,-0.025562129380509502,-0.014731377874195317,-0.34638745799610426,59.0,0.49312714776632305
3,90,9.855627722965462,0.004846494492571907,0.09570081139122477,-0.32599061326357204,55.0,0.4948453608247423
3,95,11.10318835334012,-0.026588128274503298,0.2216219676657183,-0.34707565553585107,49.0,0.49398625429553267
3,100,13.991456081501456,0.010641115560035885,0.5131460852961047,-0.32210382158597983,41.0,0.49398625429553267
3,105,13.199773738726936,0.254196681390392,0.43323850118588014,-0.15873684119515008,35.0,0.49269759450171824
3,110,12.929213472172796,0.28558238099651945,0.40592979908600624,-0.1376846145518137,27.0,0.4845360824742268
3,115,10.257945730066032,0.07132621523661786,0.13630833571566559,-0.28139877156965176,31.0,0.4806701030927835
3,120,6.850935288633072,0.007440473255421187,-0.20757450555007173,-0.3242506798063346,33.0,0.4789518900343643
3,125,6.26149747822244,-0.023939315237865744,-0.2670687608445199,-0.3452989415201395,29.0,0.4733676975945017
3,130,7.299674849758288,0.03924821926444899,-0.16228147286914563,-0.3029153619259264,29.0,0.4733676975945017
3,135,6.984664067601158,0.06939262493220633,-0.19407673873630127,-0.2826957438160784,27.0,0.4695017182130584
3,140,6.064666226606542,0.01433450809750103,-0.28693570613838215,-0.31962644692945497,27.0,0.46606529209621994
3,145,6.050875423300008,0.04874010960894437,-0.28832766566005397,-0.296548595235564,29.0,0.4647766323024055
3,150,5.475841280250487,0.08397439866581302,-0.34636810267541807,-0.2729148942777808,33.0,0.46134020618556704
3,155,7.584241337648104,0.24919012941740593,-0.13355906826641606,-0.1620950287824794,25.0,0.4574742268041237
3,160,5.804901559537792,-0.03344744045322601,-0.3131547663108186,-0.3516765978890901,27.0,0.4540378006872852
3,165,4.990077011850584,-0.0607784667543253,-0.39539818335003807,-0.3700091177088298,31.0,0.4518900343642612
3,170,3.988074014083719,-0.0732002349412072,-0.49653425080627156,-0.3783411250390144,35.0,0.4484536082474227
3,175,6.041704021182393,-0.07025298500247379,-0.28925337101752546,-0.3763642319168785,25.0,0.44673539518900346
3,180,5.057891551659596,0.07337340292865902,-0.3885533975680364,-0.28002560290318423,25.0,0.44673539518900346
3,185,4.043322807295314,0.058901826969060433,-0.4909577747981395,-0.28973253634137497,27.0,0.44372852233676974
3,190,4.216782164179024,-0.036008760954805985,-0.47344984592187533,-0.3533946255380567,29.0,0.4420103092783505
3,195,4.37695851827664,0.01144144677548975,-0.4572826222818127,-0.32156699257312005,27.0,0.44544673539518903
3,200,3.9032663614364047,-0.09173785144590552,-0.5050942176906613,-0.3907753899743728,25.0,0.44458762886597936
4,5,2.4966543843141933,-0.3105539854279161,-0.6470690462291258,-0.5375481847062962,619.0,0.5279209621993127
4,10,4.637240729820726,0.2212258579684454,-0.4310113243285655,-0.18085230320513923,270.0,0.5279209621993127
4,15,9.755397066781764,0.8796090396888576,0.08558414065514008,0.26076385108421984,176.0,0.5330756013745704
4,20,8.757387871155645,0.39905510831355073,-0.015148816786838326,-0.061571811482441396,138.0,0.538659793814433
4,25,16.549173843175016,0.4283477787286367,0.771306506627309,-0.0419235020833878,116.0,0.5292096219931272
4,30,10.390562183854284,0.31436820325982895,0.14969383121420865,-0.11837627788871508,120.0,0.5244845360824743
4,35,16.488486586686793,0.6707804963156963,0.7651811053265092,0.12069031823770948,101.0,0.5150343642611683
4,40,15.931785939717063,0.7834331208778345,0.7089911395176849,0.19625303036491704,85.0,0.5124570446735395
4,45,20.881052180447696,0.7648801192568866,1.2085398689096651,0.18380844573115196,83.0,0.5081615120274914
4,50,27.15544011373152,0.4745329194576009,1.8418382948439298,-0.010944423637396561,69.0,0.5030068728522337
4,55,19.483208937515915,0.35503094360583654,1.0674501028855499,-0.09110139676622553,65.0,0.49699312714776633
4,60,12.439248770279525,0.245717043537925,0.35647575228945083,-0.16442463086254044,63.0,0.4948453608247423
4,65,13.854965472933328,0.09493150579940801,0.4993695562577152,-0.2655653208852309,63.0,0.49226804123711343
4,70,14.58785460337962,0.1747848240463139,0.5733429123254605,-0.2120030242006563,57.0,0.4879725085910653
4,75,12.759426238855692,0.15777310546392975,0.3887925119519,-0.2234137800443492,65.0,0.49183848797250856
4,80,11.160108187700322,0.14802683790028137,0.22736710836917018,-0.22995117243169194,57.0,0.49226804123711343
4,85,8.956760172742197,0.048031365662078995,0.004974606583251662,-0.29702399130411583,51.0,0.49097938144329895
4,90,9.608838835566328,0.09802569112181492,0.0707914472285689,-0.26348986959686527,53.0,0.4944158075601375
4,95,17.71934860310392,0.1782194837707365,0.8894168054183385,-0.20969919679299298,39.0,0.49355670103092786
4,100,13.310860031683742,0.27474828438196486,0.444450873646822,-0.14495167758586114,37.0,0.4952749140893471
4,105,12.319612029783306,0.3084786831219428,0.3444003498365287,-0.12232672393004096,33.0,0.49355670103092786
4,110,9.806522550983484,0.17597846700553577,0.0907444350160167,-0.21120237796927976,27.0,0.48582474226804123
4,115,7.348591627119255,0.09582693553342492,-0.1573441118972263,-0.2649647037270897,27.0,0.48109965635738833
4,120,7.5757505030462955,0.05669211991331835,-0.13441608129228722,-0.2912147162620602,31.0,0.47766323024054985
4,125,5.434066972970794,0.06565606085031406,-0.3505845463072159,-0.2852020761555363,29.0,0.4725085910652921
4,130,7.055287666797886,0.05321190008770493,-0.186948423643152,-0.2935491034975495,27.0,0.47164948453608246
4,135,6.356102703682098,0.11235530824157958,-0.2575198867541987,-0.25387815626552934,25.0,0.4699312714776632
4,140,5.505721713624445,-0.003280532059141361,-0.34335215408837283,-0.33144188588295553,25.0,0.46692439862542956
4,145,4.810629756801211,-0.03357460434961179,-0.4135104941235155,-0.351761894160996,25.0,0.4647766323024055
4,150,4.819472302298888,-0.028089330680168056,-0.4126179815462766,-0.3480825998983532,29.0,0.46048109965635736
4,155,7.847671267717727,0.051864583897506256,-0.10697005881545718,-0.2944528273639043,21.0,0.4583333333333333
4,160,6.6733891134414565,0.05030600217405801,-0.22549493292483425,-0.2954982593949236,21.0,0.45446735395189003
4,165,3.671819087717462,-0.17864516731276048,-0.5284550929969911,-0.449069215938216,25.0,0.4527491408934708
4,170,4.768386390789502,-0.14405066714935444,-0.41777428168109776,-0.42586465885672353,23.0,0.4484536082474227
4,175,5.54252890441876,-0.11250139265039472,-0.3396370608807231,-0.4047027129539702,23.0,0.4484536082474227
4,180,5.784526666447023,0.032727521416686445,-0.31521128367317575,-0.3072891758184487,25.0,0.44587628865979384
4,185,5.112407304304414,-0.03649815333951556,-0.3830509102010311,-0.35372288966884624,25.0,0.44458762886597936
4,190,5.968491208744241,0.03270204990315473,-0.29664302549351773,-0.3073062610541627,25.0,0.4424398625429553
4,195,4.4845469063664805,-0.0035544712956724345,-0.44642330699072896,-0.33162563297052494,25.0,0.44501718213058417
4,200,4.282024027254997,0.01621370677128664,-0.4668647304284812,-0.3183659583348126,25.0,0.44458762886597936
5,10,2.1155265901300666,0.21599661099396794,-0.6855377597838328,-0.18435986537078197,272.0,0.5262027491408935
5,15,7.3670834355076344,0.8732476809689893,-0.15547766161242382,0.25649691527552787,164.0,0.5343642611683849
5,20,8.693428264064096,0.3649775864842808,-0.021604509186663012,-0.08442960092145635,126.0,0.5412371134020618
5,25,13.141047857818762,0.4269539187804263,0.42731106916602335,-0.042858445573800474,106.0,0.531786941580756
5,30,12.31310891959714,0.30508323476065935,0.3437439655822607,-0.12460424998026576,104.0,0.5231958762886598
5,35,20.642274349967767,0.700580525869138,1.1844390919416403,0.14067894312133955,93.0,0.511168384879725
5,40,18.022419367877244,0.8263096517921147,0.9200069187996747,0.22501283045907283,73.0,0.5120274914089347
5,45,22.233491533108108,0.5639533865063999,1.3450468433458362,0.049035119991982734,77.0,0.5042955326460481
5,50,23.717647820378268,0.37356397517828466,1.4948485213043603,-0.07867020721341678,65.0,0.502147766323024
5,55,21.10296676953655,0.13000137525086575,1.2309385732065903,-0.2420419057850568,59.0,0.4952749140893471
5,60,12.766073753247381,0.24333459497223853,0.38946347148538707,-0.16602267862952824,63.0,0.49140893470790376
5,65,15.334673303137542,0.07880151652198619,0.648722234108555,-0.27638464925083395,53.0,0.49226804123711343
5,70,13.03569774916257,0.13349047573882844,0.41667767214094464,-0.23970156176928636,55.0,0.48711340206185566
5,75,10.730923694207467,0.10878148113731911,0.1840478448721541,-0.25627533138436276,67.0,0.49054982817869414
5,80,10.189639890157064,0.13009514490263108,0.12941396109993675,-0.24197900898855373,51.0,0.49312714776632305
5,85,11.492818970225795,0.06656056998658522,0.2609489042519222,-0.28459536891062176,43.0,0.49054982817869414
5,90,13.025358934946944,0.1653335401134841,0.41563413533091564,-0.21834255379284073,49.0,0.4952749140893471
5,95,15.898139171041827,0.20142499927417612,0.7055950400309499,-0.1941338986513358,33.0,0.4944158075601375
5,100,15.89401540690788,0.17291915443476746,0.7051788124462481,-0.2132544380610054,31.0,0.4948453608247423
5,105,12.021325895683667,0.2793882629506026,0.31429316787520345,-0.14183937224702725,33.0,0.49398625429553267
5,110,9.329967865066864,0.22604848771891817,0.04264391339196738,-0.1776174830227646,25.0,0.48668384879725085
5,115,7.1671548182957725,0.10638731775095023,-0.17565723608658612,-0.25788123696759135,25.0,0.48152920962199314
5,120,6.449444115146574,0.1468134997266184,-0.24809857433560278,-0.23076502939672772,25.0,0.47766323024054985
5,125,6.195833177196419,0.061814616180875026,-0.27369651464648925,-0.2877787580467718,23.0,0.4729381443298969
5,130,5.97102508237982,0.09183059704797003,-0.2963872717527558,-0.26764528197116544,23.0,0.47036082474226804
5,135,5.011799830914901,0.12125277855917682,-0.3932056145661875,-0.2479101018958938,25.0,0.4695017182130584
5,140,4.875230502191356,-0.007641498285143489,-0.4069900891366425,-0.33436704130487926,25.0,0.46606529209621994
5,145,4.279902553162628,0.0037067066636047308,-0.4670788590761905,-0.3267551357053802,25.0,0.4630584192439863
5,150,5.764921960218342,0.02628666402821045,-0.3171900630740583,-0.31160943603954416,23.0,0.4587628865979381
5,155,5.987029580810863,-0.016467089119520106,-0.29477187535520755,-0.3402868818959227,17.0,0.4579037800687285
5,160,3.932858876398668,-0.05968994149921303,-0.5021073298309512,-0.36927898007719506,21.0,0.45618556701030927
5,165,2.832795686322283,-0.09478419247010939,-0.6131409946459645,-0.3928187492902159,25.0,0.45146048109965636
5,170,3.895430235092334,-0.12620267448314115,-0.5058851484606248,-0.4138929650135704,23.0,0.4493127147766323
5,175,6.46624392745466,-0.026356886398229196,-0.24640290380903818,-0.3469205480681239,23.0,0.4480240549828179
5,180,7.84809514789076,-0.03056423488734772,-0.1069272749376956,-0.34974266307820734,21.0,0.4480240549828179
5,185,5.824145670103813,-0.054633592988570734,-0.31121238323544065,-0.3658873910360205,19.0,0.44458762886597936
5,190,5.834810520844775,0.008784858995198652,-0.3101359382883173,-0.32334892156468176,23.0,0.4428694158075601
5,195,4.262263874370467,0.03709306307689286,-0.46885919966612744,-0.30436095138487096,25.0,0.44501718213058417
5,200,3.8939119287246253,0.0840402305087915,-0.5060383970392879,-0.27287073700564346,25.0,0.44372852233676974
6,10,3.755959422365459,0.027509624241089048,-0.5199624811188679,-0.31078912500934885,282.0,0.538659793814433
6,15,4.069785958362346,0.5798367497169727,-0.48828674583177445,0.059689021812356025,172.0,0.5326460481099656
6,20,7.913683761391656,0.6112211923771469,-0.10030716057259781,0.08074040534843596,125.0,0.5442439862542955
6,25,11.193782911371661,0.6104472827320093,0.23076602946260483,0.08022129883000995,106.0,0.5335051546391752
6,30,16.06002035282717,0.3065345806174786,0.7219343385733945,-0.12363074732462764,93.0,0.5214776632302406
6,35,21.962906097828682,0.6593266243632709,1.3177356008684344,0.11300753559108223,77.0,0.5133161512027491
6,40,26.62340097975798,0.7275560107162404,1.7881375116498428,0.15877298046770538,69.0,0.509020618556701
6,45,26.047804072939126,0.36363298367127395,1.7300402726941009,-0.08533150476683571,77.0,0.5025773195876289
6,50,18.942037649095784,0.24794270226424264,1.012827575754379,-0.1629317512222851,63.0,0.5004295532646048
6,55,19.827633400385384,0.19352596158507618,1.1022142061746387,-0.19943224578974794,57.0,0.49699312714776633
6,60,17.91101046407923,0.17625094937998287,0.9087619839692873,-0.21101960808442255,53.0,0.4888316151202749
6,65,20.510861490691518,0.12066100522028567,1.1711750799277048,-0.2483070389279869,49.0,0.4884020618556701
6,70,13.060171848043613,-0.030499194263079454,0.4191479383186707,-0.3496990365227919,55.0,0.48582474226804123
6,75,13.41629437448819,0.01447040830802604,0.45509277275275206,-0.31953529070006537,55.0,0.4888316151202749
6,80,9.33308229397748,0.04750305815942313,0.04295826483911225,-0.29737835808334523,47.0,0.49097938144329895
6,85,10.575749031907932,0.0780470370004207,0.16838546147729372,-0.27689072284757,41.0,0.49054982817869414
6,90,16.214082997605804,0.04007121165424943,0.7374844817062427,-0.3023633327364149,43.0,0.49312714776632305
6,95,16.153090722510875,0.08738332317867159,0.7313282936887842,-0.2706283289835437,33.0,0.4957044673539519
6,100,15.216418520331462,0.06362233335705203,0.6367863180309059,-0.2865662162784659,31.0,0.4957044673539519
6,105,14.184253941525785,0.1840092200434722,0.5326059246581569,-0.20581568163327413,27.0,0.49269759450171824
6,110,9.267976536211663,0.2256133683854935,0.0363868869850863,-0.1779093430398777,25.0,0.48582474226804123
6,115,6.040216194097611,0.10122594389305939,-0.28940354320338235,-0.26134327265935264,25.0,0.48281786941580757
6,120,5.1460193336042135,0.10586364437868645,-0.3796583170948413,-0.25823249536419646,23.0,0.47723367697594504
6,125,6.12270627515915,0.041611793364997984,-0.2810774978509202,-0.30132997436797737,19.0,0.47121993127147765
6,130,5.688058953687591,0.1426104124487222,-0.3249481458649359,-0.23358428616291171,23.0,0.47079037800687284
6,135,4.115831538177597,0.05012945986543493,-0.4836391860174474,-0.2956166766594712,23.0,0.4690721649484536
6,140,3.999709192189858,-0.0670292477987382,-0.49535986693673195,-0.37420188259526754,23.0,0.4652061855670103
6,145,5.113052257509586,0.019917415743743616,-0.38298581256059516,-0.31588166384121785,23.0,0.46262886597938147
6,150,4.6917076524497565,0.029567131815030567,-0.42551376556534826,-0.309409034193768,23.0,0.46048109965635736
6,155,4.008940625902604,0.0486773969735006,-0.49442810235641554,-0.2965906602725499,17.0,0.4587628865979381
6,160,3.813766883314413,0.013280625503729215,-0.5141277488046565,-0.3203333476994865,19.0,0.45532646048109965
6,165,3.0257813194138095,-0.06561751620607492,-0.5936622026164723,-0.37325495154637345,23.0,0.452319587628866
6,170,5.8422259708382285,-0.04942067916671533,-0.30938746802183337,-0.36239078447229567,23.0,0.4497422680412371
6,175,7.5200836594312666,-0.06670712347635088,-0.1400347527568162,-0.37398581494894023,23.0,0.44673539518900346
6,180,7.031236287061116,-0.0046530219718212695,-0.1893760231302739,-0.3323624952391284,19.0,0.4475945017182131
6,185,6.593160641331756,0.018455018494402786,-0.2335927052721033,-0.31686257931297956,17.0,0.44630584192439865
6,190,6.835630602628478,0.0035411869952846065,-0.20911926715218943,-0.32686615943960096,21.0,0.44458762886597936
6,195,4.700268555288104,0.03129295377198682,-0.4246496802793013,-0.30825142434470165,21.0,0.44716494845360827
6,200,4.178843190401598,-0.0028131949966347936,-0.4772791743966658,-0.33112841554830674,23.0,0.44372852233676974
7,10,5.055803866322446,0.03395667033929617,-0.3887641157850038,-0.3064647136582316,280.0,0.5455326460481099
7,15,2.5827813440381195,0.40994974326577016,-0.6383759165400407,-0.05426414184025308,170.0,0.5369415807560137
7,20,6.595751157788344,0.5433125657288318,-0.23333123435067504,0.03519011278911588,129.0,0.5446735395189003
7,25,11.48226853070277,0.3925537416792626,0.2598840072748956,-0.06593265879806853,104.0,0.5356529209621993
7,30,16.09790387824898,0.30244019958086676,0.7257580704295659,-0.12637708844904538,87.0,0.5240549828178694
7,35,19.933108356378966,0.9084573720589899,1.1128602045280207,0.28011411693649846,77.0,0.5120274914089347
7,40,23.410831987101986,0.5763604925030283,1.4638804035641675,0.057357292532560056,65.0,0.506872852233677
7,45,32.36027248037658,0.2748733793993554,2.3671823092875655,-0.14486776903224885,65.0,0.502147766323024
7,50,24.961557587575562,0.08116434818826246,1.620401181730636,-0.27479975968702797,57.0,0.5
7,55,13.5358219529831,-0.044331459129052675,0.4671571570594686,-0.3589771465730224,57.0,0.4944158075601375
7,60,13.334054259178709,0.00828786893281297,0.446791957417783,-0.3236822819028017,57.0,0.49097938144329895
7,65,18.38908692733596,-0.10004882103154256,0.957016104510771,-0.3963500439581428,51.0,0.4888316151202749
7,70,21.630039746598015,-0.12290182787907222,1.2841381028300023,-0.41167889390170076,49.0,0.48754295532646047
7,75,20.022811511412787,-0.036909764631283815,1.1219142935464732,-0.3539989814658113,47.0,0.49054982817869414
7,80,11.369743962653242,0.05034222641898123,0.24852646410376367,-0.2954739616725953,43.0,0.49097938144329895
7,85,12.00312547072354,-0.059549175431076073,0.3124561280553608,-0.36918456003216493,41.0,0.4892611683848797
7,90,16.185470952448846,-0.007277439392190055,0.7345965564849568,-0.3341228456864237,37.0,0.49312714776632305
7,95,15.349012170937844,-0.04905653252143383,0.6501695119154369,-0.36214652999321506,33.0,0.49355670103092786
7,100,18.094549561170606,0.021218386535253098,0.9272873003063233,-0.31500902654770757,29.0,0.4948453608247423
7,105,7.7641744823672845,0.13035272478760085,-0.11539771475501137,-0.24180623507606502,25.0,0.49312714776632305
7,110,4.743903490607997,0.10686467925929799,-0.42024543620837895,-0.2575610426500946,25.0,0.48711340206185566
7,115,3.34633824120782,0.006526044504760131,-0.5613071432619845,-0.32486404071750385,25.0,0.4832474226804124
7,120,2.5972801634483993,0.01812966007897554,-0.6369124941938183,-0.31708081625489415,23.0,0.4793814432989691
7,125,3.1180346784680006,0.06746912250319959,-0.58435071156788,-0.28398594953373435,19.0,0.47121993127147765
7,130,3.0984767327439595,0.023981560296013615,-0.5863247712487994,-0.3131556040974687,19.0,0.4695017182130584
7,135,4.164449264875324,0.012635944926813636,-0.478732009394395,-0.3207657727143214,23.0,0.4690721649484536
7,140,2.9598491543295733,0.07048340095869543,-0.6003169929817266,-0.2819640964602781,23.0,0.46606529209621994
7,145,1.4400495089410668,-0.009261851197857385,-0.7537162939803594,-0.3354539068898027,23.0,0.46134020618556704
7,150,1.8782749091518736,0.0501825091751269,-0.7094844965351116,-0.2955810933809423,23.0,0.46048109965635736
7,155,2.137343117807038,0.020918749943186432,-0.6833357326245165,-0.315210010356448,17.0,0.4574742268041237
7,160,2.311718490280825,0.12150813880467437,-0.6657353467249545,-0.24773881682557908,17.0,0.45618556701030927
7,165,2.281780573100237,-0.044029988035922285,-0.6687570973766224,-0.35877493225699175,21.0,0.4527491408934708
7,170,3.0293346290157057,-0.0970819235716247,-0.5933035532308006,-0.3943599720930079,23.0,0.4488831615120275
7,175,6.847159083238618,0.006402950535122409,-0.20795565267673022,-0.3249466070512087,19.0,0.44673539518900346
7,180,6.63436487219392,0.05592301379698972,-0.22943380167476335,-0.29173060077242385,19.0,0.4480240549828179
7,185,5.774655472332208,-0.059186808394829815,-0.31620762176407424,-0.36894149924107655,17.0,0.44587628865979384
7,190,5.773665591239029,-0.024341658667575206,-0.3163075343204603,-0.3455688168193044,19.0,0.44501718213058417
7,195,4.463356410678103,0.03941607614402143,-0.4485621463017361,-0.3028027704872537,21.0,0.44501718213058417
7,200,4.003224550918574,-0.014693870689463484,-0.4950050480805882,-0.3390974804568544,21.0,0.44587628865979384
8,10,3.4373831525444984,0.15194590803429486,-0.5521176255509452,-0.22732242259569102,334.0,0.5390893470790378
8,15,3.298260840655373,0.644617777097976,-0.5661597826614966,0.1031414503937731,175.0,0.538659793814433
8,20,5.398331391570072,0.37443056297639377,-0.3541914778026165,-0.07808893603064593,129.0,0.5455326460481099
8,25,17.023471274707425,0.3188168472476194,0.8191791947696463,-0.11539231185763132,98.0,0.5403780068728522
8,30,21.104826005311153,0.1978176179839326,1.231126233118922,-0.19655358052761018,89.0,0.5249140893470791
8,35,30.03501061974787,0.5294613018682921,2.132484567949402,0.02589925900066592,71.0,0.5094501718213058
8,40,26.316273199204026,0.48850623322646336,1.757137907855229,-0.001571703828305071,63.0,0.506872852233677
8,45,38.166236711069246,0.31683823427130875,2.9532009054319595,-0.11671948344658667,61.0,0.5
8,50,18.004111002350484,0.03521014080639606,0.918158984117788,-0.30562393761387785,57.0,0.5008591065292096
8,55,16.606759253148535,-0.051960247042540764,0.7771188264712181,-0.36409422136135505,55.0,0.4952749140893471
8,60,13.28323554868804,-0.1210303405618608,0.44166262692308633,-0.41042357776548266,49.0,0.4884020618556701
8,65,16.88987580291662,-0.07471408721970074,0.8056948831687882,-0.3793565544119877,51.0,0.4879725085910653
8,70,24.90338798531825,-0.06966680988113305,1.614529897082876,-0.37597104993712294,43.0,0.4849656357388316
8,75,20.600948512655478,-0.1040851065120929,1.1802679141313788,-0.3990574169910881,41.0,0.49054982817869414
8,80,11.171593937165605,-0.09419252771676279,0.2285264098236519,-0.3924218850928062,43.0,0.49097938144329895
8,85,11.852068367048556,-0.10730783522479681,0.29720934589895553,-0.4012190898587079,37.0,0.4892611683848797
8,90,13.75241172726259,-0.019544952289730966,0.48901840704642474,-0.34235138496100037,35.0,0.49140893470790376
8,95,14.734224143728438,-0.10853159813828828,0.5881165604475194,-0.4020399393072097,33.0,0.49398625429553267
8,100,9.87730563027615,0.01245616568664043,0.09788884705675649,-0.3208863611784114,29.0,0.4948453608247423
8,105,8.422886556199376,0.0658980875034838,-0.04891133808568904,-0.28503973470639865,25.0,0.4944158075601375
8,110,5.166636977560181,0.04373223583041996,-0.37757729794163863,-0.2999076694352716,25.0,0.48711340206185566
8,115,3.203594413963698,-0.035288534627372026,-0.5757148340306717,-0.35291152756445987,23.0,0.4836769759450172
8,120,2.5084033805135304,-0.03905235321268008,-0.6458831742558807,-0.35543614109535715,23.0,0.4789518900343643
8,125,2.2148093581805464,-0.02988122348234068,-0.6755167630910353,-0.3492845273323537,19.0,0.4729381443298969
8,130,2.9773044064146275,0.04269370198713962,-0.5985551663641675,-0.3006042748995399,19.0,0.468213058419244
8,135,1.5056245148870238,0.0003788756484961464,-0.7470975530788114,-0.32898730684191624,23.0,0.4690721649484536
8,140,1.4597561749726564,0.06599512639979332,-0.7517272233792234,-0.2849746450361359,23.0,0.4652061855670103
8,145,1.0092599981603168,-0.01009640373362386,-0.7971975581271327,-0.336013690146165,23.0,0.46262886597938147
8,150,1.503927273245555,0.012049987793940398,-0.7472688622919812,-0.3211588084764466,21.0,0.46091065292096217
8,155,2.3901017671918354,0.006395650859762458,-0.6578238171199733,-0.3249515033709349,17.0,0.4583333333333333
8,160,3.2668411524751795,0.028157643027458823,-0.5693310942347432,-0.3103544608619505,17.0,0.45618556701030927
8,165,2.589128290752475,-0.045821367512935085,-0.637735294473565,-0.35997651537374764,19.0,0.4531786941580756
8,170,3.024984587508845,-0.05764564592635024,-0.5937426198725729,-0.3679077513244202,21.0,0.45017182130584193
8,175,3.5233215020856736,-0.07418723973636143,-0.5434435330226353,-0.37900316695321123,19.0,0.44630584192439865
8,180,5.57840351346494,-0.04441652808804741,-0.33601609678326383,-0.3590342073053796,19.0,0.44673539518900346
8,185,5.000525267720247,-0.0919309443280164,-0.3943436001673637,-0.39090490867774497,17.0,0.44630584192439865
8,190,5.333374195451689,0.01853741794462227,-0.3607478607506096,-0.3168073091764818,21.0,0.44458762886597936
8,195,5.271098835430879,0.020145975418638162,-0.3670335555299292,-0.31572835548302314,19.0,0.4480240549828179
8,200,4.587483256643185,0.003604782052336386,-0.4360335400055153,-0.32682350251076864,17.0,0.44716494845360827
9,10,5.388522381968662,0.0509864368857873,-0.3551815393682386,-0.29504185198814004,444.0,0.5481099656357389
9,15,4.243266414743785,0.7892023380465132,-0.470776687300978,0.20012278215996515,173.0,0.5403780068728522
9,20,8.028542842541743,0.5856910171620608,-0.08871398589642887,0.0636158218082572,121.0,0.5442439862542955
9,25,16.57021096118616,0.17188456007434616,0.7734298649316269,-0.21394840108342772,91.0,0.5412371134020618
9,30,22.916964400937754,0.12042354384596865,1.4140324234482695,-0.2484663181772595,81.0,0.5231958762886598
9,35,29.0954943945603,0.693202438653769,2.0376555339659093,0.13573002797203615,73.0,0.5154639175257731
9,40,31.874544291776232,0.45525375218231123,2.318155870287721,-0.023876090099117064,61.0,0.5103092783505154
9,45,42.790402442632654,0.20609702486397818,3.4199359734891237,-0.19100009749876312,59.0,0.5034364261168385
9,50,17.659385416294807,0.07963183536163454,0.8833644872920126,-0.27582770578237936,55.0,0.4991408934707904
9,55,10.911095429819982,0.017030477414375467,0.2022332802922322,-0.3178181024351604,57.0,0.4952749140893471
9,60,10.300781643174087,-0.08062746782824615,0.14063193136088903,-0.3833230050682319,51.0,0.4888316151202749
9,65,16.07971127111755,-0.05804198649749748,0.7239218196936399,-0.3681736001548255,47.0,0.4849656357388316
9,70,20.636949297883724,-0.005273467678270638,1.1839016136826133,-0.3327786645071701,43.0,0.484106529209622
9,75,16.911128225524074,-0.0706114468434963,0.8078399730050723,-0.3766046732648458,43.0,0.4896907216494845
9,80,9.564750044434865,-0.16474463518233085,0.06634139372186976,-0.43974531503604675,45.0,0.49140893470790376
9,85,11.86627760321694,-0.17645731377686802,0.29864353948004263,-0.4476016944530158,39.0,0.49054982817869414
9,90,14.631050091813856,-0.09702163547161968,0.5777028013096512,-0.3943195333339192,33.0,0.4892611683848797
9,95,7.82420633127351,-0.08740243854780572,-0.10933846629564192,-0.3878673746658524,31.0,0.49312714776632305
9,100,8.125414225900013,-0.09917990374212682,-0.07893637965798916,-0.39576721024913974,31.0,0.4957044673539519
9,105,8.123521759993945,0.03809765748608074,-0.0791273936169904,-0.30368711108651025,25.0,0.49312714776632305
9,110,4.269268758178892,0.053497430199573426,-0.46815216944471005,-0.29335758173114035,27.0,0.4901202749140893
9,115,2.9377221619377347,-0.03828814965674454,-0.602550356554622,-0.35492354501933854,23.0,0.484106529209622
9,120,2.6362993862176114,-0.06415045277017584,-0.632974131978464,-0.37227090619003955,23.0,0.4789518900343643
9,125,2.209272125897776,-0.020456893367178153,-0.6760756575244045,-0.34296307724406927,19.0,0.4733676975945017
9,130,2.3356720261645383,-0.011572987357353792,-0.6633176229992275,-0.33700412124997037,19.0,0.4699312714776632
9,135,1.8088234117223174,0.045207102509023045,-0.7164945068291191,-0.2989183899871055,21.0,0.46563573883161513
9,140,0.973074933108214,0.07437215033505118,-0.8008498577591435,-0.27935568453199366,23.0,0.4647766323024055
9,145,0.9929741500080418,0.01985646816590969,-0.798841352248489,-0.3159225449507048,23.0,0.46262886597938147
9,150,1.1684024738360086,0.04803316728462592,-0.7811346878653078,-0.2970227828503722,21.0,0.45962199312714774
9,155,2.9060064286375895,0.07649233002794387,-0.6057515491155385,-0.27793355585621093,17.0,0.4579037800687285
9,160,3.3322041407897576,0.038489924501653006,-0.5627337530989811,-0.3034239946283728,17.0,0.45532646048109965
9,165,2.1711960402523736,0.01520548433809199,-0.6799188252343664,-0.31904223216132843,19.0,0.4527491408934708
9,170,2.857084247163933,-0.07494364822689459,-0.6106894555456119,-0.3795105344223926,19.0,0.4480240549828179
9,175,3.882936489554168,-0.1077296954336543,-0.5071461908869899,-0.40150205620453183,19.0,0.44630584192439865
9,180,2.871664198647939,-0.03805398987525965,-0.6092178442230098,-0.35476648034171665,17.0,0.44630584192439865
9,185,4.531096121038306,-0.08244510975663222,-0.44172491334761943,-0.3845422039490286,19.0,0.44673539518900346
9,190,5.219721486299231,0.01649762458366877,-0.3722192715997227,-0.31817551803208377,19.0,0.44587628865979384
9,195,5.155833899033868,0.018151350949440426,-0.3786676947578229,-0.3170662669178761,19.0,0.44716494845360827
9,200,5.077417993752823,0.013473538719572575,-0.38658251767134744,-0.32020394950880104,17.0,0.44630584192439865
10,15,3.984642199962127,0.6415408557507536,-0.49688063717963793,0.10107757906452597,183.0,0.5451030927835051
10,20,6.380115363404159,0.5306155490830522,-0.2550961954290566,0.02667348019925364,123.0,0.5451030927835051
10,25,17.857358174583368,-0.012498255471704911,0.9033466493028961,-0.3376247527571097,95.0,0.5403780068728522
10,30,19.42947697561635,0.23792605360498165,1.0620267265729626,-0.16965050404372184,85.0,0.5283505154639175
10,35,37.05734328801886,0.5494473461410307,2.841275970790705,0.03930506925863786,71.0,0.5167525773195877
10,40,31.600284366428887,0.4242705448900512,2.2904737472079613,-0.04465834157796533,63.0,0.5124570446735395
10,45,31.268291359347643,0.1908723905526395,2.2569643991980275,-0.20121215127186576,59.0,0.5047250859106529
10,50,17.921752216739126,0.16051776476158497,0.9098461909267821,-0.22157277632870487,53.0,0.4991408934707904
10,55,14.446112651441634,0.2592022203044815,0.5590363447358158,-0.15537933312574637,53.0,0.49269759450171824
10,60,9.872573829629022,-0.00479116436542415,0.0974112479772089,-0.33245515543200854,53.0,0.4888316151202749
10,65,10.850899837383217,0.006102138951503244,0.19615750456020287,-0.3251483789955899,49.0,0.4853951890034364
10,70,18.310645014962336,-0.07035835610338548,0.9490986566000406,-0.37643491048469413,43.0,0.4849656357388316
10,75,14.265963012070895,-0.12907444386938616,0.5408531395755309,-0.41581922890908096,41.0,0.48754295532646047
10,80,10.058228869613709,-0.19367716541498248,0.11615013467647772,-0.459152057325266,41.0,0.49054982817869414
10,85,11.321883806869016,-0.20691119453190765,0.24369575206532978,-0.46802889562647854,39.0,0.4896907216494845
10,90,14.999739683339929,-0.13828317299020376,0.6149160785973382,-0.42199606278506374,29.0,0.4896907216494845
10,95,6.549293812956184,-0.21927641411028664,-0.23802035521284237,-0.47632297249350597,31.0,0.49140893470790376
10,100,7.0798597837111,-0.0974244546976154,-0.18446826412345418,-0.39458972777751544,29.0,0.4948453608247423
10,105,7.104712054369985,-0.07936577231534181,-0.18195982759442264,-0.382476712004006,25.0,0.49269759450171824
10,110,4.291473326312958,-0.060094910404728474,-0.4659109758498323,-0.3695506164367284,23.0,0.4901202749140893
10,115,2.8823008538024855,-0.05449552952778802,-0.6081442451663039,-0.3657947837880051,23.0,0.4849656357388316
10,120,3.1145852435647274,-0.1180896420283738,-0.5846988764754111,-0.40845107905448985,21.0,0.47723367697594504
10,125,1.977563903564095,-0.04467625188951063,-0.6994628713913589,-0.35920841926820635,19.0,0.4725085910652921
10,130,1.8788407638074562,-0.008145683482948085,-0.7094273826195395,-0.3347052278416651,19.0,0.4695017182130584
10,135,1.3812892203010723,0.0618462264629871,-0.7596471989066788,-0.2877575551794904,19.0,0.46606529209621994
10,140,1.136962798051218,0.03079030279089956,-0.7843080168653799,-0.3085885817924928,23.0,0.46262886597938147
10,145,1.44657671418461,0.10508315742537833,-0.7530574777180499,-0.25875601366837353,23.0,0.46219931271477666
10,150,1.4641762987082743,-0.022950016999465417,-0.7512810830649861,-0.34463536125925565,19.0,0.46091065292096217
10,155,2.9242247485029633,0.006162334173760664,-0.6039127030931712,-0.32510800253504535,17.0,0.4574742268041237
10,160,2.9149315679111445,0.09762295859572401,-0.6048507000266254,-0.2637600058857582,17.0,0.45532646048109965
10,165,2.568363637508667,0.04487930394757478,-0.6398311518470974,-0.299138263677849,19.0,0.452319587628866
10,170,2.767101501848732,-0.1310002403108994,-0.6197717647007515,-0.4171109733552604,19.0,0.45060137457044674
10,175,3.031745065421707,-0.14669416289256554,-0.5930602584906655,-0.42763780625235814,17.0,0.44544673539518903
10,180,2.758908764936759,-0.0497705918317638,-0.6205986895650754,-0.3626254913873054,17.0,0.44587628865979384
10,185,2.5782864783226955,-0.10080715398117235,-0.6388296008535757,-0.39685870227473485,17.0,0.44630584192439865
10,190,6.07841724939776,0.029204790031499117,-0.2855477618191492,-0.30965207804638184,17.0,0.44544673539518903
10,195,5.401516352069351,0.01335347760144212,-0.35387000732736007,-0.3202844815313991,19.0,0.4475945017182131
10,200,4.753506873821619,-0.007579904797501702,-0.41927612931542,-0.33432572694586027,17.0,0.44716494845360827
11,15,2.4079974767512935,0.38278039039491274,-0.656017533413022,-0.07248821782288328,199.0,0.5519759450171822
11,20,7.925406274116099,0.8178102702545742,-0.09912396167968218,0.21931179754593177,125.0,0.5420962199312714
11,25,14.4751642304364,0.0469251798266217,0.5619686338202525,-0.2977659749211752,99.0,0.5399484536082474
11,30,17.672540736873955,0.3989610809819988,0.8846923050654787,-0.0616348811198667,81.0,0.5270618556701031
11,35,40.68765550134218,0.647133527272179,3.2076975301194937,0.10482891135561179,71.0,0.5171821305841925
11,40,27.15227283498132,0.37638842195959854,1.8415186090565152,-0.0767756853602014,67.0,0.5150343642611683
11,45,31.862704393691104,0.24776625295916466,2.3169608232328907,-0.1630501061039088,55.0,0.5055841924398625
11,50,17.6498690343761,0.07428701990143582,0.8824039617788009,-0.2794127864989788,53.0,0.49699312714776633
11,55,10.244503177625148,0.3478516242991818,0.1349515265110275,-0.09591698663948967,55.0,0.49226804123711343
11,60,12.459464784624513,0.07399664372062675,0.3585162334008325,-0.2796075588076078,53.0,0.4888316151202749
11,65,10.398259133550134,0.04009178182028239,0.150470714342684,-0.30234953512148677,47.0,0.484106529209622
11,70,16.990454508960237,-0.049986199917744445,0.8158466839336145,-0.36277011235638246,43.0,0.4853951890034364
11,75,10.314584411955876,-0.22497731190327575,0.14202509860460877,-0.48014689848255965,39.0,0.48754295532646047
11,80,8.479310617654948,-0.14999274279085417,-0.0432162376735713,-0.42985035695192475,41.0,0.4884020618556701
11,85,11.996591949678926,-0.09335087892114469,0.3117966743146361,-0.391857341959411,39.0,0.4884020618556701
11,90,13.218780857363017,-0.21259265992768062,0.43515696374219126,-0.47183978716877617,29.0,0.4888316151202749
11,95,5.73080159626713,-0.17614837218472545,-0.3206339643776389,-0.44739446923583215,31.0,0.49312714776632305
11,100,5.78299778278614,-0.08379781160413946,-0.3153655998592595,-0.38544954029111944,29.0,0.49398625429553267
11,105,5.845916564078503,-0.03217518854792356,-0.30901496206353407,-0.3508232240343102,25.0,0.49054982817869414
11,110,3.786301075255965,0.023761552779302475,-0.5168999798486055,-0.31330317602236335,23.0,0.49097938144329895
11,115,2.584894204294698,-0.031132970014471795,-0.6381626573203466,-0.3501241470325719,23.0,0.4832474226804124
11,120,2.2960695273554643,-0.044447068919800437,-0.6673148575383618,-0.35905469282967917,21.0,0.47766323024054985
11,125,1.422573618652398,-0.11322666157401462,-0.7554802036922381,-0.40518919329211867,19.0,0.4729381443298969
11,130,1.3949024282904658,-0.004614272008741316,-0.7582731647724701,-0.33233650336972875,19.0,0.4686426116838488
11,135,1.4850720659232244,-0.03672435057186463,-0.749171991847384,-0.35387461339848325,19.0,0.4647766323024055
11,140,1.8521876395058028,0.027647809160671333,-0.7121175863248168,-0.3106964362918041,19.0,0.46048109965635736
11,145,1.7604226555962166,-0.010915538438916683,-0.7213797837668243,-0.3365631317607747,23.0,0.4630584192439863
11,150,1.7403776173786176,0.01947351596967084,-0.7234030075913598,-0.3161794134140482,19.0,0.46005154639175255
11,155,2.274330815011892,0.07825307478369403,-0.6695090304928252,-0.27675252124094685,17.0,0.4579037800687285
11,160,2.5922745011793484,0.0684823861264463,-0.6374177351941288,-0.2833062942858433,17.0,0.45446735395189003
11,165,3.0407956395372473,-0.0007686139476940079,-0.5921467487743204,-0.32975699531000924,15.0,0.4518900343642612
11,170,3.5920077832777384,-0.12876412084170985,-0.5365107589855912,-0.41561107708218936,17.0,0.4497422680412371
11,175,3.3281911702849456,-0.12012239167786853,-0.5631387978509221,-0.40981456328034316,17.0,0.44673539518900346
11,180,2.6522598978858896,-0.023645603692939776,-0.6313631753363018,-0.3451019319874816,15.0,0.44372852233676974
11,185,2.7754517643839063,-0.05730237474420241,-0.6189289401613871,-0.3676774992409111,17.0,0.4475945017182131
11,190,5.747096238776369,0.0004747436230281288,-0.318989282607562,-0.32892300257745777,19.0,0.44587628865979384
11,195,5.254848672903441,0.030469908732235762,-0.3686737477621007,-0.30880348884961806,17.0,0.44630584192439865
11,200,4.419542305085262,0.05288677816308596,-0.4529844747265489,-0.2937671818112303,17.0,0.44501718213058417
12,15,3.281594030245631,0.5265955883587947,-0.5678420287881414,0.023977057136316482,221.0,0.5506872852233677
12,20,10.836683051501861,0.6624837626275926,0.19472254895716357,0.1151252131040561,121.0,0.5433848797250859
12,25,12.885948417875563,0.052348657959499834,0.401562888548159,-0.29412813054359643,101.0,0.5360824742268041
12,30,18.416752982932042,0.3174368352925352,0.9598085473190752,-0.11631796668812855,81.0,0.529639175257732
12,35,22.53622802022749,0.7826413108123134,1.3756032167808514,0.1957219169863078,71.0,0.5214776632302406
12,40,35.52826873932798,0.6258747977746439,2.6869405176566694,0.09056943659010042,59.0,0.5137457044673539
12,45,32.84979296500007,0.31885988859634495,2.416591519503929,-0.11536344150457956,55.0,0.5081615120274914
12,50,15.75889710371342,0.04976623569449523,0.6915407955372146,-0.29586031238099153,51.0,0.49785223367697595
12,55,7.137710152133129,0.08716553086309164,-0.17862920099077118,-0.27077441504331945,55.0,0.49097938144329895
12,60,7.360193949637081,0.09048309521945286,-0.15617304427025613,-0.26854913035601125,49.0,0.48711340206185566
12,65,11.98439690757531,0.0901832142893988,0.3105657811899929,-0.26875027805654816,45.0,0.4849656357388316
12,70,13.960912036090413,-0.1602205954788174,0.5100631557600033,-0.43671077668332436,39.0,0.4888316151202749
12,75,9.418876282009718,-0.2391350310521675,0.051617786397736065,-0.4896433097786451,39.0,0.48668384879725085
12,80,8.838914968682097,-0.12392788723032522,-0.006919969115401936,-0.4123671319936716,41.0,0.48754295532646047
12,85,11.196037186710393,-0.15558177399740136,0.23099356225764733,-0.43359924747064815,39.0,0.48754295532646047
12,90,12.291988752019954,-0.20708399392223664,0.3416122247615907,-0.4681448022965444,29.0,0.4888316151202749
12,95,6.747492555562479,-0.15764041601300327,-0.21801538372408968,-0.43498009922268255,29.0,0.49398625429553267
12,100,7.187581530724829,-0.05632246832256338,-0.1735954883964711,-0.36702021862150513,25.0,0.49269759450171824
12,105,4.537990912718386,-0.019665424343012328,-0.4410289951537545,-0.3424321926218681,25.0,0.49097938144329895
12,110,3.252178980416196,-0.009808186219284698,-0.5708110044003984,-0.33582036578154695,23.0,0.49183848797250856
12,115,2.786706583095982,-0.05332944872570822,-0.6177929474477835,-0.3650126251094382,21.0,0.4836769759450172
12,120,1.1912857523634117,-0.07037887750694871,-0.778824989385438,-0.3764486753917784,21.0,0.47680412371134023
12,125,0.8733965037618181,-0.12125386323765908,-0.8109107900884638,-0.4105735075134215,19.0,0.4729381443298969
12,130,1.04572514246681,-0.058229714404080424,-0.7935169890044834,-0.36829952025494306,19.0,0.468213058419244
12,135,1.8211832294669832,-0.03889806269531948,-0.7152469822568801,-0.35533264941025355,19.0,0.4647766323024055
12,140,1.9764966264503792,-0.04362740685288524,-0.6995705958297167,-0.3585048974827475,19.0,0.46176975945017185
12,145,1.8748892616726862,-0.047915388446835405,-0.7098262231293446,-0.3613810978380415,21.0,0.46262886597938147
12,150,1.6674501822850814,-0.0033839585146300255,-0.7307638578198199,-0.3315112600632093,19.0,0.45962199312714774
12,155,2.5906321900267217,0.037578878639616065,-0.6375835000589909,-0.304035086438043,17.0,0.4574742268041237
12,160,3.453415335123097,-0.004646685732235922,-0.5504994348844967,-0.33235824515219414,17.0,0.45446735395189003
12,165,3.0114842051456785,-0.06324291592673237,-0.5951052660766354,-0.3716621680846248,15.0,0.452319587628866
12,170,3.722922216226701,-0.1907770762870281,-0.5232970550832787,-0.4572067977206131,17.0,0.45017182130584193
12,175,3.246130194324497,-0.20023117670949564,-0.5714215319532718,-0.4635482164973286,17.0,0.44716494845360827
12,180,2.936113415443482,-0.042459093397347325,-0.60271273360771,-0.35772124123276416,15.0,0.44501718213058417
12,185,2.4397808821778537,-0.02259193103122259,-0.6528095104406624,-0.34439517203117254,17.0,0.44716494845360827
12,190,5.2876031015035085,0.1070924243853546,-0.36536771563667836,-0.25740828065750476,17.0,0.4475945017182131
12,195,4.235770586932706,0.02848674044672861,-0.4715332704138342,-0.3101337159512062,17.0,0.44630584192439865
12,200,3.7808683688715172,0.21803320651745772,-0.5174483240757105,-0.18299380149202937,17.0,0.44501718213058417
13,15,0.9508418057267631,0.5726706899029779,-0.8030939339501577,0.05488232585728259,249.0,0.5472508591065293
13,20,7.708497207429911,0.5163487091860881,-0.12101743909355633,0.01710387522742618,129.0,0.5438144329896907
13,25,6.875927990427712,0.21365221942130264,-0.20505189475923613,-0.18593238608396823,97.0,0.5309278350515464
13,30,11.935346536350217,0.284832077922214,0.3056149360687406,-0.13818788676080362,81.0,0.5330756013745704
13,35,25.52521617341692,0.6069059267112176,1.677293439425458,0.07784590396833546,61.0,0.5223367697594502
13,40,24.911504869956577,0.6122937193281899,1.6153491658816184,0.08145981198068553,55.0,0.5163230240549829
13,45,31.005548125665,0.28287831774604477,2.2304447006895214,-0.13949838812134707,53.0,0.5098797250859106
13,50,14.864887841409931,0.17593660391782917,0.6013049566621493,-0.21123045799366824,49.0,0.49742268041237114
13,55,8.976978691361753,0.11702738529886081,0.007015340460824637,-0.2507443205907045,49.0,0.4888316151202749
13,60,8.172747548679462,0.015516613356394648,-0.0741588429278407,-0.3188335397093256,47.0,0.4884020618556701
13,65,16.703790922652107,0.045237116716607684,0.786912611014952,-0.2988982577004743,43.0,0.4845360824742268
13,70,11.929941399603303,-0.28142735344702574,0.3050693745525932,-0.5180112470081146,39.0,0.4879725085910653
13,75,8.357435986160652,-0.2220795878126126,-0.05551751918618253,-0.4782032252469124,39.0,0.48711340206185566
13,80,10.907632774957923,-0.16581114453347523,0.20188378104274163,-0.4404606853116594,39.0,0.48582474226804123
13,85,12.686474662382459,-0.18250788688258712,0.38142922503990606,-0.45166016815098,39.0,0.48668384879725085
13,90,12.695676176881662,-0.20381746933249245,0.38235796975740177,-0.4659537529695478,29.0,0.4896907216494845
13,95,6.466315979738438,-0.19523779716627143,-0.24639563129124253,-0.4601988644300058,29.0,0.49269759450171824
13,100,7.089507961008016,-0.12909624201066694,-0.1834944359891021,-0.41583385019891705,25.0,0.49140893470790376
13,105,4.568642891498633,-0.026349540324156262,-0.43793517148207384,-0.34691562062606385,25.0,0.4901202749140893
13,110,3.2771495130618344,0.0540025978131593,-0.5682906312281667,-0.29301873623056063,23.0,0.4901202749140893
13,115,2.314902170749122,-0.050215688770426814,-0.6654140054482134,-0.3629240439685312,21.0,0.4832474226804124
13,120,1.2111263728680672,-0.17443658584645205,-0.7768223982373033,-0.4462462738981293,21.0,0.47594501718213056
13,125,0.710186619492017,-0.19497360020685472,-0.8273841997507323,-0.4600216520581957,19.0,0.4720790378006873
13,130,1.5851008377884872,-0.0653964132710062,-0.7390756980823197,-0.3731066448602397,19.0,0.4690721649484536
13,135,1.7833480986947552,-0.07366870799700609,-0.7190658294524708,-0.37865535735088707,19.0,0.4647766323024055
13,140,1.815323612951608,-0.10590968046814087,-0.715838416187205,-0.40028126558877086,19.0,0.46091065292096217
13,145,1.7084648376784433,-0.09372539360664112,-0.726624088813338,-0.3921085508902067,19.0,0.4630584192439863
13,150,1.6209673016114614,-0.05689498524646319,-0.7354555561139812,-0.3674042392484256,17.0,0.4574742268041237
13,155,3.6655692451721924,-0.0005032596538426803,-0.5290859139612576,-0.3295790066462214,17.0,0.45575601374570446
13,160,3.715278006177445,-0.08061285956797815,-0.5240686149936924,-0.3833132064526239,15.0,0.4536082474226804
13,165,2.43333995612484,-0.14426637949484222,-0.6534596182080343,-0.42600934975875737,15.0,0.45146048109965636
13,170,3.2110752070355204,-0.19020425409594122,-0.5749597684326404,-0.45682257233311396,15.0,0.4497422680412371
13,175,3.864562645462449,-0.18966950008742323,-0.5090007345756135,-0.45646388150490136,17.0,0.4475945017182131
13,180,3.0092574079497734,-0.11528223693139272,-0.5953300253956377,-0.40656798805690164,15.0,0.44501718213058417
13,185,1.8974251422566377,-0.033781816172020696,-0.7075515888777468,-0.35190088326441815,17.0,0.44630584192439865
13,190,4.874792464627917,0.16545755922672156,-0.40703430197499035,-0.218259366911148,15.0,0.4480240549828179
13,195,4.1943974424709145,0.10781003506993936,-0.4757092231190553,-0.2569269371487366,17.0,0.44587628865979384
13,200,3.811662918634865,0.20892845138267035,-0.5143401101590941,-0.18910089392696117,17.0,0.44415807560137455
14,15,2.202869704061007,0.193297410376301,-0.6767218789111766,-0.1995855484692206,349.0,0.5493986254295533
14,20,9.227773479066348,0.19827933040907353,0.03232903575264778,-0.196243882966616,131.0,0.5446735395189003
14,25,4.332984631880895,0.2455779077493745,-0.46172107800574225,-0.1645179573835842,107.0,0.5343642611683849
14,30,16.563419390071786,0.2320794894732423,0.7727443651917181,-0.17357213697626117,83.0,0.5304982817869416
14,35,29.95624587983245,0.5203908773673345,2.124534535796792,0.019815194132213998,61.0,0.5257731958762887
14,40,29.272839545815845,0.37048013444641437,2.0555556712113963,-0.08073871977913982,57.0,0.5163230240549829
14,45,18.801912792892193,0.29412562866978886,0.9986842279391674,-0.13195415805267885,55.0,0.5103092783505154
14,50,10.025686522685087,0.16076779421904375,0.11286550878065471,-0.22140506693009376,49.0,0.49699312714776633
14,55,9.077961908404303,0.28689352603483886,0.01720797009718744,-0.13680515279517347,47.0,0.49269759450171824
14,60,11.649102259089334,0.00345222977014914,0.27672318564630016,-0.326925828259752,47.0,0.48625429553264604
14,65,12.275121460675306,-0.10847622842684912,0.33990974331289436,-0.4020027995993485,41.0,0.48582474226804123
14,70,9.660592233308632,-0.2535426693029985,0.0760151193501295,-0.4993073564514324,37.0,0.4879725085910653
14,75,6.994939194305659,-0.27978625707013616,-0.19303963015496584,-0.5169104675670505,39.0,0.4879725085910653
14,80,10.75238137388436,-0.3514306680648286,0.18621365210436092,-0.564966569451558,37.0,0.4888316151202749
14,85,12.319651501476754,-0.23082621768734524,0.3444043338683729,-0.4840701020984419,39.0,0.48711340206185566
14,90,7.958253866675598,-0.19775217071245166,-0.09580852615276647,-0.4618854020068155,29.0,0.4888316151202749
14,95,6.926122702198829,-0.23054557407602483,-0.19998554688708037,-0.4838818579940992,31.0,0.49226804123711343
14,100,7.723258812218793,-0.10230904694579801,-0.11952749279497443,-0.3978661098355706,23.0,0.4892611683848797
14,105,4.485858696166887,0.0911541805767957,-0.4462909029340165,-0.2680989941087043,25.0,0.4892611683848797
14,110,3.4182810695653076,-0.06337121316375038,-0.5540456732284906,-0.3717482245544602,23.0,0.4892611683848797
14,115,1.5780408955621703,-0.11343007053377097,-0.7397882855644222,-0.4053256315928676,21.0,0.4832474226804124
14,120,1.237485777641166,-0.16366254660976431,-0.7741618407886931,-0.43901949486432157,21.0,0.47551546391752575
14,125,0.8932832717668435,-0.17122866959186078,-0.808903541093276,-0.44409453661356946,19.0,0.4725085910652921
14,130,1.657313279473457,-0.10934072172216902,-0.7317870149249768,-0.4025826658764463,19.0,0.4677835051546392
14,135,1.3695973519089337,-0.11198035918183724,-0.7608273047477112,-0.4043532252953712,19.0,0.4647766323024055
14,140,1.5111484672622488,-0.18309242696861938,-0.7465399990382637,-0.452052253416808,19.0,0.46219931271477666
14,145,1.6373519633955134,-0.11411148616025346,-0.7338017883476845,-0.4057826969566175,19.0,0.46134020618556704
14,150,2.758289035732923,-0.025984444296708764,-0.6206612412487564,-0.3466707293407695,17.0,0.4566151202749141
14,155,4.005296148934199,-0.0714890212045397,-0.4947959536196761,-0.37719331377873955,17.0,0.45532646048109965
14,160,3.423451035106708,-0.11279344967153682,-0.553523848458598,-0.404898612700639,15.0,0.4527491408934708
14,165,2.2115995001003155,-0.21612550721390122,-0.6758407465761653,-0.47420947472391006,15.0,0.45146048109965636
14,170,3.38316864548489,-0.17835215271135685,-0.5575897070270555,-0.44887267388639085,15.0,0.45017182130584193
14,175,3.8829493783611735,-0.11736314814188387,-0.50714488996947,-0.4079637770620117,15.0,0.4484536082474227
14,180,2.423236558017909,-0.08477559200061857,-0.6544793935527757,-0.3861053948609525,17.0,0.44587628865979384
14,185,1.9035725549329396,-0.030781819981360203,-0.7069311065593332,-0.34988861014234307,19.0,0.44716494845360827
14,190,4.819021251894071,0.2047222217418463,-0.4126635078214169,-0.1919222584599748,15.0,0.4488831615120275
14,195,4.563990337488805,0.21887614942636535,-0.43840477188968774,-0.18242839032106883,15.0,0.44673539518900346
14,200,3.603375521891115,0.22984641173701292,-0.5353633688262907,-0.17506999298091475,17.0,0.44501718213058417
15,20,6.725026623104116,0.3081821169301595,-0.22028295783877794,-0.12252564824151169,143.0,0.5446735395189003
15,25,6.023885418995499,0.37428316408445306,-0.29105187197686977,-0.07818780509901324,104.0,0.5279209621993127
15,30,18.979331333468295,0.17744861379717913,1.0165917726547833,-0.21021626442568975,79.0,0.5309278350515464
15,35,27.765344494893725,0.5055563930783933,1.9033983208843162,0.00986483682595729,59.0,0.5300687285223368
15,40,23.59671421011598,0.393475836187017,1.482642220731936,-0.06531415601471713,57.0,0.520618556701031
15,45,19.951782541201855,0.2769042610254937,1.1147450627770947,-0.1435055377990504,57.0,0.5133161512027491
15,50,8.548465225413729,0.19973992907124094,-0.03623619361103969,-0.1952641739125952,49.0,0.5047250859106529
15,55,10.53779708329805,0.13377099559333927,0.16455482340209948,-0.239513400675883,47.0,0.49183848797250856
15,60,16.15216402694161,-0.014152711433841558,0.7312347586935659,-0.3387344932543239,41.0,0.484106529209622
15,65,15.95571618710871,-0.15650817055038357,0.7114065126451503,-0.4342206358876576,39.0,0.4853951890034364
15,70,9.297685332346703,-0.15954532072026795,0.03938551155672254,-0.43625783035930066,37.0,0.4879725085910653
15,75,11.026516165605749,-0.25079913197666526,0.2138831449595966,-0.49746710530765526,37.0,0.48668384879725085
15,80,8.960564013540788,-0.3065510540503348,0.00535854305894734,-0.5348631842233975,37.0,0.48668384879725085
15,85,11.987880303766575,-0.24356161056834502,0.31091737394267116,-0.492612475876543,39.0,0.48668384879725085
15,90,7.889237652766399,-0.2433188857981322,-0.10277460158472707,-0.4924496661594234,29.0,0.4888316151202749
15,95,6.10072388479107,-0.22556434884741328,-0.28329626617803116,-0.48054065853733263,27.0,0.49183848797250856
15,100,5.96572439822041,-0.10925001432662829,-0.2969222904621859,-0.4025218231145161,23.0,0.4896907216494845
15,105,5.315515681972857,-0.023992443366234184,-0.3625503901121868,-0.3453345776669703,25.0,0.48754295532646047
15,110,4.219355581594196,-0.02460806106207103,-0.4731901008733336,-0.34574750850557023,23.0,0.4884020618556701
15,115,1.771392565903811,-0.09195360683677156,-0.7202725479687975,-0.39092010974946256,21.0,0.4836769759450172
15,120,1.6835522139989703,-0.18001437035074663,-0.7291386170079384,-0.44998762059505537,19.0,0.47551546391752575
15,125,1.1439631864396604,-0.1538995304435684,-0.7836014403842204,-0.4324708682084676,19.0,0.47121993127147765
15,130,1.4514010953454242,-0.12113275575449323,-0.7525705341264618,-0.41049227363252005,19.0,0.4677835051546392
15,135,1.3619076906044758,-0.054396704229164206,-0.7616034522304398,-0.3657284958731002,19.0,0.4643470790378007
15,140,1.7656955142674078,-0.20340365996559984,-0.7208475735923585,-0.46567618679487954,19.0,0.46091065292096217
15,145,2.103963265000276,-0.15605487812669905,-0.6867048912524523,-0.43391658611470785,19.0,0.46048109965635736
15,150,2.309520584130341,-0.049338499876583564,-0.6659571899581517,-0.3623356620100612,17.0,0.45618556701030927
15,155,3.8725231761841865,-0.06399976767029902,-0.5081972471869975,-0.3721698328695723,15.0,0.4536082474226804
15,160,3.3012446094505163,-0.26276188898183517,-0.5658586192489998,-0.5054912269589958,15.0,0.4527491408934708
15,165,2.2787550940160055,-0.2285761307917502,-0.6690624707711452,-0.4825608370545612,15.0,0.45146048109965636
15,170,3.328595009766251,-0.1649679415625167,-0.5630980367582769,-0.43989509970185225,15.0,0.45017182130584193
15,175,3.5559677619508196,-0.08287216806658526,-0.5401484187891714,-0.3848286569656534,15.0,0.4488831615120275
15,180,2.9762318874569638,-0.04322327845876872,-0.5986634198822629,-0.35823382490342903,15.0,0.4488831615120275
15,185,2.2169895496731815,0.03436686943847933,-0.6752967078672905,-0.30618956910153006,17.0,0.4480240549828179
15,190,4.684598554776232,0.32248825574828754,-0.42623131449830043,-0.11292968318195107,15.0,0.44673539518900346
15,195,3.70685273998338,0.2513077543773752,-0.5249190099446444,-0.16067461371567127,15.0,0.44673539518900346
15,200,3.2659037684435086,0.25635475967970356,-0.5694257080581256,-0.15728929171144246,17.0,0.44458762886597936
16,20,9.00062648294174,-0.025419260775490393,0.00940220422246485,-0.3462916276564647,161.0,0.5476804123711341
16,25,5.188555280355452,0.22675268125034864,-0.37536499822300606,-0.17714513918431307,110.0,0.5270618556701031
16,30,17.736367155322657,0.3156022585246281,0.8911345542165332,-0.11754852475748068,81.0,0.531786941580756
16,35,24.745571086833433,0.5562668882568429,1.5986008224928145,0.0438793355017848,59.0,0.5313573883161512
16,40,31.32607578850032,0.38810538219038127,2.2627968068232835,-0.06891643399907377,55.0,0.5219072164948454
16,45,20.163706426588607,0.1984345898147739,1.136135366414738,-0.1961397413913658,55.0,0.5150343642611683
16,50,8.612215001889993,0.1801554223747226,-0.029801680232943606,-0.20840064940452752,49.0,0.5034364261168385
16,55,12.828684035925775,0.12823834417665525,0.39578297131375884,-0.24322447396799696,47.0,0.4948453608247423
16,60,14.315663780663925,0.05999283036109859,0.5458696318377836,-0.2890007364781866,41.0,0.48625429553264604
16,65,17.22978991770444,-0.2089816979397332,0.8400037394487825,-0.46941770350886947,37.0,0.49054982817869414
16,70,12.327189998688558,-0.3017840898100347,0.3451652237701306,-0.5316657021584164,37.0,0.4879725085910653
16,75,11.034590445580433,-0.30590257996564596,0.21469811350360302,-0.5344282146807547,37.0,0.4879725085910653
16,80,8.663323463215079,-0.28758545606897534,-0.024643104057345377,-0.5221418470494434,35.0,0.48668384879725085
16,85,9.55055740407929,-0.2760893455888864,0.06490887522084487,-0.5144307325488632,37.0,0.4832474226804124
16,90,7.679745802384497,-0.19206430129564223,-0.12391943045148135,-0.45807021491259514,27.0,0.4901202749140893
16,95,7.968382349582859,-0.17417149131953535,-0.09478621890137007,-0.4460684594752362,25.0,0.4892611683848797
16,100,6.318816163483017,-0.22531486986902782,-0.26128336256533713,-0.4803733183772715,23.0,0.48754295532646047
16,105,4.669017954560634,0.0023623797535283764,-0.42780392519699617,-0.3276568544865074,25.0,0.48711340206185566
16,110,3.7095963267029495,-0.03744180632974503,-0.5246420890450454,-0.3543558529888384,23.0,0.4884020618556701
16,115,1.782145528403222,-0.13199310321851454,-0.7191872095585148,-0.4177769446485303,21.0,0.4849656357388316
16,120,1.1854622060126618,-0.16425734399541358,-0.7794127826134787,-0.43941846030166065,21.0,0.47637457044673537
16,125,1.0134974544263478,-0.15947403590179166,-0.7967698551524717,-0.43621001545717564,19.0,0.47164948453608246
16,130,1.704761116164565,-0.13564814177841134,-0.7269979198594541,-0.42022859304632665,19.0,0.4677835051546392
16,135,1.3311703306960991,-0.029325443361143178,-0.7647058937521202,-0.3489117330590973,19.0,0.4652061855670103
16,140,2.0483975735866986,-0.14826421361362185,-0.6923133530310901,-0.428690931211687,17.0,0.46134020618556704
16,145,2.363291954350592,-0.15069373226270388,-0.66052983601018,-0.4303205516399887,19.0,0.4583333333333333
16,150,1.9428230669932987,-0.06388239973256093,-0.7029693994144692,-0.37209110732077355,17.0,0.45575601374570446
16,155,3.213920277057924,-0.14364090792038942,-0.5746726044277972,-0.4255898093467356,15.0,0.452319587628866
16,160,3.7294381955511433,-0.22206923709079884,-0.5226393718967324,-0.47819628241166323,15.0,0.4518900343642612
16,165,2.559623161729657,-0.2344212823216929,-0.6407133621298566,-0.4864815224723549,15.0,0.452319587628866
16,170,3.0245058719414954,-0.09701683108225934,-0.5937909385003811,-0.3943163107486346,15.0,0.45060137457044674
16,175,3.8136015882873897,0.036843080380009496,-0.5141444326759029,-0.30452862941842596,15.0,0.45017182130584193
16,180,3.6215709513226795,0.04972133301614812,-0.5335268332246138,-0.29589043123681824,15.0,0.4484536082474227
16,185,2.5017712433804453,0.04697066192429333,-0.6465525817027302,-0.29773546741487733,17.0,0.4497422680412371
16,190,2.5745794077576667,0.2657585600985881,-0.639203769932476,-0.1509816120926517,15.0,0.4475945017182131
16,195,1.8569901094769232,0.23485306968142505,-0.7116328543149942,-0.1717117343123442,15.0,0.44673539518900346
16,200,3.184354633777631,0.15690625242219536,-0.577656780023925,-0.2239952291415519,15.0,0.44458762886597936
17,20,10.065858211815305,0.06239008287295511,0.11692019391708586,-0.2873927588375971,191.0,0.5433848797250859
17,25,7.670191582310046,0.2636294900085667,-0.12488377511721083,-0.15240970407840204,112.0,0.5274914089347079
17,30,18.68699091466463,0.3821725324677614,0.9870847149092434,-0.07289594373022112,77.0,0.5304982817869416
17,35,22.151256711248553,0.40401375775878146,1.336746562299397,-0.05824575492560524,59.0,0.5326460481099656
17,40,24.71786343634948,0.33014362122177476,1.5958041813503785,-0.10779478126776965,53.0,0.522766323024055
17,45,17.812315473432054,0.14496547721077846,0.8988003139404244,-0.2320046063165888,51.0,0.5176116838487973
17,50,6.596443885464764,0.12824715485662708,-0.23326131464667488,-0.24321856412899456,53.0,0.5094501718213058
17,55,15.99870202037264,0.12163526443755956,0.7157452403159579,-0.24765354621924363,47.0,0.4944158075601375
17,60,17.323374113039957,-0.04092627715304953,0.8494495569896321,-0.3566930916174137,41.0,0.48668384879725085
17,65,15.469090729185801,-0.2350329810416144,0.662289508755844,-0.4868918246243169,39.0,0.49054982817869414
17,70,13.961755880127464,-0.33075810655448556,0.5101483282271955,-0.551100271880511,33.0,0.48754295532646047
17,75,9.771767005063337,-0.2886029212163671,0.08723642232095274,-0.522824320505616,39.0,0.4879725085910653
17,80,8.912909975849914,-0.3510199597799807,0.0005486353229351426,-0.5646910833542136,35.0,0.4879725085910653
17,85,5.126252133974235,-0.21796589294979274,-0.3816534975879674,-0.47544392920825707,35.0,0.4802405498281787
17,90,6.635205856981628,-0.16684275802090276,-0.22934891780275013,-0.44115264888800754,27.0,0.49054982817869414
17,95,6.549865489659146,-0.2433145274955747,-0.2379626536553393,-0.4924467427906799,25.0,0.4892611683848797
17,100,8.070326337661202,-0.24054184240301568,-0.08449661490015759,-0.49058694053322904,21.0,0.4853951890034364
17,105,5.40306021870785,-0.04841930261473093,-0.3537141788509557,-0.36171910257919615,21.0,0.4845360824742268
17,110,3.624952334876185,-0.06909630173976766,-0.5331855370050167,-0.3755883767182807,23.0,0.4896907216494845
17,115,2.3284981773020985,-0.16405558589886904,-0.6640417075220179,-0.4392831293315409,21.0,0.4849656357388316
17,120,1.5723729712255619,-0.14188113254967316,-0.7403603712561034,-0.42440942495478007,21.0,0.47594501718213056
17,125,1.4644354490197253,-0.11425983673081619,-0.7512549260141204,-0.40588220437156597,19.0,0.47121993127147765
17,130,2.3436483933671948,-0.121793225551448,-0.6625125371728763,-0.41093528940183743,19.0,0.468213058419244
17,135,1.8501673135076318,0.032177136534861095,-0.7123215057011959,-0.307658351188718,19.0,0.4647766323024055
17,140,2.8661068144282726,-0.03204791847648425,-0.6097787726699038,-0.35073785654457834,17.0,0.46219931271477666
17,145,2.322301065271581,-0.05243650249934462,-0.6646672061899351,-0.364413673785312,19.0,0.45919243986254293
17,150,1.9357430107631588,-0.009383729983876155,-0.7036840170813636,-0.33553565812869435,17.0,0.45489690721649484
17,155,4.273496875042675,-0.151115660165823,-0.4677254091323143,-0.430603563392318,15.0,0.452319587628866
17,160,4.5725885940230935,-0.23818850011147386,-0.43753691634953884,-0.48900841604874645,15.0,0.452319587628866
17,165,3.1199284788493395,-0.17762211286825136,-0.584159562915089,-0.4483829934131628,15.0,0.4518900343642612
17,170,4.636225090638983,-0.06085724941267023,-0.4311138367492118,-0.3700619618512213,15.0,0.45146048109965636
17,175,4.833478436236753,0.006952157884720256,-0.41120428786482266,-0.32457822152075966,15.0,0.45060137457044674
17,180,3.8767879254705973,0.12409924639083592,-0.5077667894214263,-0.2460008092346796,13.0,0.45103092783505155
17,185,2.7169376530738822,0.13749016571287576,-0.6248349974504184,-0.23701873548555152,15.0,0.45146048109965636
17,190,2.51445863584449,0.21098528701911579,-0.6452719937374776,-0.1877212538192069,15.0,0.4497422680412371
17,195,2.0136823723540376,0.29652329487503715,-0.6958172935796192,-0.13034590292370607,15.0,0.44630584192439865
17,200,1.6544084094801894,0.20640821812341148,-0.7320802147739249,-0.19079136195647217,15.0,0.44415807560137455
18,20,16.633455652953856,0.12939896128027728,0.779813398141729,-0.24244598011193474,211.0,0.5451030927835051
18,25,4.11172857898147,0.25827562286283134,-0.4840533136786964,-0.15600085629054938,116.0,0.5231958762886598
18,30,18.74386000956465,0.21411664706997868,0.9928247342812428,-0.1856208672635482,77.0,0.529639175257732
18,35,16.053901065803597,0.19776296788074887,0.7213166950867189,-0.19659023755207494,61.0,0.5352233676975945
18,40,15.024233689124255,0.36785944068822274,0.6173883540563918,-0.08249657254815879,53.0,0.5270618556701031
18,45,13.860311192299967,0.09196461961384728,0.499909120546117,-0.26755538518799427,49.0,0.5201890034364262
18,50,10.299110123006809,0.22006018273202987,0.14046321831634812,-0.18163418984706559,51.0,0.5094501718213058
18,55,12.199483492571174,0.15792157121834927,0.33227530842449515,-0.223314195368843,49.0,0.4957044673539519
18,60,17.32293808744921,-0.023867076618507954,0.8494055472275288,-0.3452504868479096,43.0,0.49054982817869414
18,65,16.65502900716946,-0.2333688954000358,0.7819908808559215,-0.48577562493719584,37.0,0.49398625429553267
18,70,13.11023345135072,-0.33258269113856787,0.42420085103481897,-0.5523241276070388,33.0,0.4879725085910653
18,75,13.329824357681696,-0.34987321420776096,0.44636501697540054,-0.563921893946567,37.0,0.48711340206185566
18,80,4.23891160792101,-0.31056598105111655,-0.47121623492465636,-0.5375562308732293,35.0,0.48582474226804123
18,85,5.142485753498509,-0.182968161127399,-0.3800149751055748,-0.4519689010402089,33.0,0.4793814432989691
18,90,9.345624964300107,-0.1940541315679194,0.0442242454346371,-0.4594049105988297,25.0,0.48754295532646047
18,95,8.50011339407424,-0.29958234785142135,-0.041116532379368076,-0.5301888648948041,25.0,0.4896907216494845
18,100,8.35659361902765,-0.2202778268138923,-0.05560254258369335,-0.47699467863561495,21.0,0.48625429553264604
18,105,5.514369134805495,-0.09718963923609658,-0.3424793361688274,-0.39443222329689875,21.0,0.4845360824742268
18,110,3.3873849657540998,-0.10790298521448327,-0.5571641373909224,-0.40161829180822295,23.0,0.48668384879725085
18,115,2.064781384560951,-0.1687794587383764,-0.6906596711403421,-0.4424517074706179,21.0,0.48281786941580757
18,120,1.3992013730459094,-0.09283520866362394,-0.7578392555249468,-0.39151145172051904,21.0,0.47508591065292094
18,125,1.4344283103092366,-0.08029092431337648,-0.7542836634645632,-0.38309726562513213,19.0,0.47121993127147765
18,130,2.240234371283306,0.09686680360973599,-0.672950517435117,-0.2642672033145962,19.0,0.4686426116838488
18,135,2.1007039537528502,0.0013411216661729508,-0.6870338662384705,-0.3283418720896246,17.0,0.46563573883161513
18,140,2.720716614407033,0.025181259108402188,-0.624453572156127,-0.31235089585074816,17.0,0.46048109965635736
18,145,2.5214026246544465,0.024020738742797088,-0.6445711098855686,-0.3131293248189575,19.0,0.4570446735395189
18,150,2.332877233030095,-0.03846983056610953,-0.6635997123618353,-0.3550454090443155,17.0,0.4531786941580756
18,155,3.836796372249964,-0.07376494346249607,-0.5118032927384978,-0.3787199081130509,15.0,0.45103092783505155
18,160,4.163884536880718,-0.19526846575676615,-0.4787890095916839,-0.4602194356495748,15.0,0.45146048109965636
18,165,3.4483626453755916,-0.1506739823104123,-0.5510094225514777,-0.4303073041904478,15.0,0.4518900343642612
18,170,4.554160741977532,-0.07827245143303219,-0.43939691127141733,-0.3817433576643824,15.0,0.4518900343642612
18,175,4.605676206627559,-0.0393376283652771,-0.43419725466410586,-0.3556274918456527,15.0,0.45146048109965636
18,180,4.216847225732808,0.07824690338730078,-0.4734432790057015,-0.27675666075789906,13.0,0.45103092783505155
18,185,2.6532565111883204,0.2283207672016021,-0.6312625832718,-0.17609333211114597,15.0,0.45103092783505155
18,190,2.3857465211510442,0.23398534250151215,-0.6582634090756376,-0.17229376974521204,15.0,0.4497422680412371
18,195,1.8875921642013584,0.21214185816010422,-0.708544069672825,-0.18694547382721094,15.0,0.44630584192439865
18,200,1.4272707302161938,0.18820550746834352,-0.7550061059170575,-0.203000985926707,15.0,0.44501718213058417
19,20,2.499967102845355,0.01657720420063158,-0.6467346806378274,-0.31812213932287814,321.0,0.5373711340206185
19,25,3.7923585990432427,0.157926748160657,-0.5162885703660658,-0.22331072289048026,124.0,0.5201890034364262
19,30,14.167444610722512,0.23154814816866032,0.5309092933927788,-0.17392853870409908,79.0,0.5287800687285223
19,35,12.140161321156116,0.15775278760177658,0.3262876904799834,-0.22342740842429054,59.0,0.5352233676975945
19,40,15.303494516362235,0.34498652067727864,0.6455752376529169,-0.0978387794165152,53.0,0.5283505154639175
19,45,15.33265668406862,0.0414853081979607,0.6485186888869912,-0.3014148153763636,49.0,0.5201890034364262
19,50,9.718699930826366,0.24920239343619777,0.0818801557112756,-0.16208680258690622,51.0,0.509020618556701
19,55,15.515720122992011,0.22845993551705135,0.6669959951914517,-0.17599998377240655,45.0,0.49742268041237114
19,60,13.911755676487166,-0.013222085205026102,0.5051016128186983,-0.33811026774604713,43.0,0.49183848797250856
19,65,13.89868633027633,-0.23764128791154304,0.5037824727732754,-0.48864136878201314,37.0,0.4948453608247423
19,70,13.198589194742574,-0.29559282222739336,0.4331189405452691,-0.5275128564358421,35.0,0.4888316151202749
19,75,13.553135917506445,-0.3429091043638076,0.4689047229728145,-0.5592506576624037,31.0,0.48754295532646047
19,80,5.959072319109374,-0.3270850895722667,-0.2975937107305855,-0.5486365643020634,33.0,0.4849656357388316
19,85,4.397084565018,-0.13975202162276246,-0.4552512219512769,-0.4229813055773366,35.0,0.4802405498281787
19,90,9.013812658891766,-0.20406915131354098,0.010733136348759498,-0.46612257081250075,25.0,0.48754295532646047
19,95,8.568868067869655,-0.2685466788610442,-0.03417685521033609,-0.5093714242829201,25.0,0.4879725085910653
19,100,6.587004769031906,-0.25649700036671186,-0.2342140414532895,-0.5012889992987564,21.0,0.48625429553264604
19,105,4.752226742546264,-0.06420220923715159,-0.41940533795382295,-0.3723056222832509,21.0,0.4849656357388316
19,110,3.4440021600817756,-0.09386466412382533,-0.5514495433253677,-0.39220196778163463,23.0,0.4849656357388316
19,115,2.0511322395813214,-0.11063745061318564,-0.6920373325350249,-0.4034524578788944,21.0,0.484106529209622
19,120,0.9904146391911095,0.0022137359461988915,-0.7990996936498751,-0.32775655859252695,21.0,0.47551546391752575
19,125,1.25725458285303,-0.0048477608300599995,-0.7721664982379302,-0.3324931179950763,19.0,0.4720790378006873
19,130,1.709323240507986,0.1322897519144326,-0.7265374468704828,-0.24050695755158402,19.0,0.4686426116838488
19,135,2.5610686194724193,0.04016690854744098,-0.6405674664468068,-0.30229914322622986,17.0,0.4652061855670103
19,140,2.9411929899059683,0.0010633026319069039,-0.6022000323616739,-0.32852822158473227,17.0,0.4587628865979381
19,145,2.1267071208650634,-0.040424331174646055,-0.6844092652452622,-0.35635640705620675,19.0,0.45618556701030927
19,150,2.5673116138417136,-0.009537525321999363,-0.6399373366956294,-0.3356388176680861,17.0,0.452319587628866
19,155,3.78920978437451,-0.07116006529118946,-0.5166063925017819,-0.37697266378430194,15.0,0.45103092783505155
19,160,4.266831305546708,-0.1843001018419771,-0.4683981910378384,-0.4528623116746914,15.0,0.45103092783505155
19,165,3.6453247623575535,-0.06542161439766792,-0.531129268506225,-0.3731235487316463,15.0,0.45103092783505155
19,170,4.5675562919478985,-0.03238891798863508,-0.43804484620930106,-0.3509665848859935,15.0,0.4518900343642612
19,175,4.810393013719207,-0.04443467727882888,-0.41353438952539023,-0.3590463810304365,13.0,0.452319587628866
19,180,4.251687611343555,0.2429023242263295,-0.4699267031100378,-0.16631262793218404,13.0,0.45060137457044674
19,185,3.228817015804789,0.2350196035238361,-0.5731690185322076,-0.17160003031217153,13.0,0.4527491408934708
19,190,2.419935539978565,0.267600607906026,-0.6548125781678371,-0.14974604275958914,15.0,0.45060137457044674
19,195,1.8616328306460246,0.2855646207693381,-0.7111642463743142,-0.13769652737620663,15.0,0.4480240549828179
19,200,1.3818630051277752,0.24774407155623268,-0.759589284568031,-0.16306498446977769,15.0,0.44501718213058417
20,25,5.564215685369375,0.0944808823594756,-0.33744812956413206,-0.2658675804144849,136.0,0.5257731958762887
20,30,15.291772799396263,0.1438613313087529,0.644392119079005,-0.232745221630839,79.0,0.5270618556701031
20,35,14.473418215027982,0.23758780570116422,0.561792401680709,-0.16987738672029618,57.0,0.5365120274914089
20,40,14.00480238733635,0.15415966374082002,0.5144931799557191,-0.22583752700784032,55.0,0.5300687285223368
20,45,12.826486554946914,0.03314155024025367,0.3955611709947906,-0.3070114624413376,51.0,0.522766323024055
20,50,8.615211742478404,0.24498203898375026,-0.02949920752680013,-0.16491764145821153,49.0,0.5098797250859106
20,55,14.012123006590993,0.27827862911391255,0.5152320785861713,-0.14258366864042527,49.0,0.49785223367697595
20,60,16.13345708926428,-0.06328474953214847,0.7293465945712525,-0.3716902283335146,43.0,0.49097938144329895
20,65,14.641400266748809,-0.2051934907798555,0.5787474848013554,-0.4668767311328359,35.0,0.4957044673539519
20,70,11.34313389403715,-0.17482269604315126,0.24584060617662185,-0.4465052606173111,37.0,0.49054982817869414
20,75,7.139857006033358,-0.3144369143381537,-0.1784125106601474,-0.5401526925071141,31.0,0.4892611683848797
20,80,5.58887835730292,-0.24578469580832518,-0.3349588299733316,-0.4941036293288108,31.0,0.4845360824742268
20,85,5.336653701077547,-0.12817253833926323,-0.360416847467277,-0.41521426805527484,31.0,0.47508591065292094
20,90,8.157203698339714,-0.21363476674603765,-0.07572774431834939,-0.4725387892366585,29.0,0.4849656357388316
20,95,7.881601105939948,-0.28128218811143346,-0.10354538801619873,-0.5179138761167852,23.0,0.48711340206185566
20,100,5.855069792240869,-0.15678421407315735,-0.3080910910741913,-0.434405794443235,21.0,0.48711340206185566
20,105,4.025033811083226,-0.06042139058558971,-0.49280375445961244,-0.36976960581240903,21.0,0.484106529209622
20,110,3.413769339543589,-0.03553546232843319,-0.5545010597221816,-0.3530771564334191,23.0,0.4832474226804124
20,115,2.060502987441303,-0.04808258108618935,-0.6910915064349088,-0.3614932437319024,21.0,0.48152920962199314
20,120,0.9894436193034142,0.04919658929521886,-0.799197702471288,-0.2962424075789519,21.0,0.47508591065292094
20,125,0.9616848587078481,0.10094815276332825,-0.8019995023564693,-0.2615296034372546,19.0,0.47079037800687284
20,130,1.8006231944001092,-0.01497097110089085,-0.7173221867203997,-0.3392833479295423,19.0,0.468213058419244
20,135,2.0666815482081917,-0.000633691167496675,-0.6904678802183254,-0.3296664947003778,17.0,0.4652061855670103
20,140,2.1914137534755564,0.017549940018914967,-0.6778781726485881,-0.3174696684470467,17.0,0.4587628865979381
20,145,1.8933940639833162,-0.04013487331909782,-0.7079584613173309,-0.3561622507221065,19.0,0.4540378006872852
20,150,1.9191824691737294,-0.0651546949436802,-0.7053555370818356,-0.37294451022330066,15.0,0.45146048109965636
20,155,3.3732853958001057,-0.15303272513483113,-0.5585872619336124,-0.43188945112858124,15.0,0.4518900343642612
20,160,3.983770802817835,-0.10966558102388613,-0.49696859068932064,-0.4028005680335679,15.0,0.45146048109965636
20,165,3.1953736962484376,-0.1053005552898233,-0.5765445831065148,-0.39987268966186684,15.0,0.45146048109965636
20,170,4.275212870026537,-0.030038737727655862,-0.4675522070712136,-0.34939018136057487,15.0,0.4527491408934708
20,175,4.5260239165809155,-0.10167706168614321,-0.4422368707103197,-0.39744220031344846,13.0,0.4536082474226804
20,180,4.544601599347095,0.20575795053088886,-0.4403617527899061,-0.1912275345098452,13.0,0.45146048109965636
20,185,3.218476136822302,0.18667554144613185,-0.5742127637472023,-0.20402722373119797,13.0,0.45146048109965636
20,190,2.7310983147759345,0.28974021476353196,-0.6234057066795169,-0.13489571196538297,15.0,0.4497422680412371
20,195,2.4731317614999484,0.30615114227503204,-0.6494432762194461,-0.12388794187470087,15.0,0.4480240549828179
20,200,2.0214766364873635,0.20447646457391433,-0.6950305881257268,-0.19208710218381897,15.0,0.44587628865979384
21,25,5.775887340873046,0.20905944139603738,-0.3160832844715501,-0.1890130312543421,138.0,0.5279209621993127
21,30,10.6262322036322,0.23305123186364263,0.17348092473667442,-0.17292033245068505,81.0,0.5231958762886598
21,35,11.885631316184728,0.2493932187483745,0.30059698515296085,-0.16195880487547565,61.0,0.5356529209621993
21,40,14.81570762375495,0.15720939475804552,0.5963410056347058,-0.22379189382516274,53.0,0.5343642611683849
21,45,13.98031674974435,0.07455132069438997,0.5120217491309287,-0.27923550447993484,49.0,0.5249140893470791
21,50,9.70012865286599,0.19013890428782076,0.0800056842528718,-0.2017041434619562,49.0,0.5124570446735395
21,55,14.65465368239495,0.19060324216464397,0.5800852036922179,-0.20139268485677475,53.0,0.4995704467353952
21,60,16.65938001125423,-0.032850458615963474,0.7824300446544332,-0.3512761672121345,41.0,0.49355670103092786
21,65,14.48222652614562,-0.22118398459569466,0.5626814588485562,-0.47760249172363045,35.0,0.49699312714776633
21,70,11.288848991573797,-0.20728661610103416,0.24036141941807476,-0.46828071285723105,37.0,0.49398625429553267
21,75,6.894136419420941,-0.32990411914178086,-0.20321404706114,-0.550527452514098,33.0,0.49054982817869414
21,80,4.895736041746369,-0.2868002224817846,-0.4049203851175086,-0.5216151448999629,31.0,0.4849656357388316
21,85,5.080296252223682,-0.12945978729683327,-0.3862920038270635,-0.4160777013112241,29.0,0.47637457044673537
21,90,9.994200740233628,-0.20635768585177894,0.10968752605503429,-0.46765762494176044,25.0,0.4806701030927835
21,95,5.453081176410294,-0.22549657735148954,-0.3486653686540855,-0.4804952002263805,23.0,0.4853951890034364
21,100,5.6505531372465185,-0.11422979482673667,-0.3287337540817169,-0.4058620535072738,21.0,0.48625429553264604
21,105,4.267416553217476,-0.037498937564178214,-0.46833911970966735,-0.354394174253325,21.0,0.4849656357388316
21,110,3.4706761792085343,0.04160624010419567,-0.5487572306239636,-0.3013336992651914,21.0,0.4802405498281787
21,115,1.493890576121876,0.031583717287694046,-0.7482819052465436,-0.3080563922278745,21.0,0.48109965635738833
21,120,1.447954867593443,0.040254058642154256,-0.7529183753237143,-0.3022406865542768,21.0,0.47508591065292094
21,125,1.1194822939059175,0.06769383659751571,-0.7860723922717889,-0.28383522063162725,19.0,0.47079037800687284
21,130,1.7090750390048468,0.09340419759322649,-0.7265624988154572,-0.26658977593687117,19.0,0.4686426116838488
21,135,2.5068186598489888,0.11192381985267885,-0.6460431262883453,-0.2541675807955256,17.0,0.46563573883161513
21,140,2.4876786194413407,0.038581657740980324,-0.6479750051570683,-0.3033624637729424,17.0,0.4587628865979381
21,145,2.439046628845067,0.03408041161056974,-0.6528836214909888,-0.30638171314141416,15.0,0.45060137457044674
21,150,1.4804400261529866,0.04961246379337525,-0.7496395216728504,-0.2959634561998129,15.0,0.45146048109965636
21,155,3.697494003775387,-0.07828837642271358,-0.5258636236619147,-0.3817540394875144,15.0,0.45103092783505155
21,160,3.8639357972624273,-0.13759101378200267,-0.5090640048073228,-0.42153179107192085,15.0,0.4518900343642612
21,165,2.884480308697257,-0.07320090337001062,-0.607924264290252,-0.3783415733933554,15.0,0.4518900343642612
21,170,3.965712338639092,-0.09526582720258614,-0.498791301854265,-0.393141809909372,15.0,0.45446735395189003
21,175,4.504584191906566,-0.022175714187048556,-0.4444008656741478,-0.34411599102051194,13.0,0.4536082474226804
21,180,4.140803110329081,0.13932831579145755,-0.4811187079238396,-0.23578578058748023,13.0,0.4518900343642612
21,185,3.13562348161497,0.17934519901431156,-0.582575405121182,-0.2089441136582849,13.0,0.452319587628866
21,190,2.996973393612767,0.2560174397953936,-0.5965698988345292,-0.1575155519109892,15.0,0.45060137457044674
21,195,2.8141756988183313,0.30363691144989136,-0.6150203825484267,-0.12557438372015173,15.0,0.4484536082474227
21,200,2.2218238178547756,0.26865483570762216,-0.6748087663401644,-0.14903891043845474,15.0,0.44716494845360827
22,25,6.953508635307261,0.07863617054043415,-0.19722137793311612,-0.2764955564831685,172.0,0.5300687285223368
22,30,10.380608747567976,0.3400541057151292,0.14868919210043674,-0.1011472389692818,89.0,0.5253436426116839
22,35,13.807622318220726,0.35630343692212785,0.4945910271522378,-0.09024786098295867,59.0,0.5347938144329897
22,40,17.131469222421007,0.24480930676991464,0.8300798485096432,-0.1650335030690696,55.0,0.5369415807560137
22,45,13.868620231032105,0.2178534279119826,0.5007477842063881,-0.18311438953039016,49.0,0.5262027491408935
22,50,8.506771060389427,0.12961989315327327,-0.04044454817267962,-0.24229778816715042,51.0,0.5167525773195877
22,55,13.529050974899196,0.21683349163797283,0.4664737358543778,-0.1837985205158923,55.0,0.5017182130584192
22,60,15.84348594935614,-0.07736091670742407,0.7000786773779211,-0.38113193794528755,43.0,0.4961340206185567
22,65,16.028866791485893,-0.12325561863499357,0.7187898882191188,-0.4119162020793562,35.0,0.4995704467353952
22,70,11.613397624376985,-0.18830338941079816,0.273119377720759,-0.4555475510759127,37.0,0.4961340206185567
22,75,7.037123293006031,-0.2840853852229879,-0.18878182467808657,-0.5197941445721319,35.0,0.49355670103092786
22,80,4.806011914936938,-0.1976043207546514,-0.4139765908990023,-0.46178623038216227,29.0,0.48582474226804123
22,85,5.778722374934817,-0.13225011199069536,-0.3157971334353247,-0.4179493354822277,29.0,0.47594501718213056
22,90,9.843989245919534,-0.20237399699180714,0.09452609454683603,-0.4649855315422464,23.0,0.4789518900343643
22,95,6.032917828441509,-0.16116133366100394,-0.2901401956914097,-0.4373417848708737,23.0,0.4853951890034364
22,100,6.314438078357172,-0.11068737687729291,-0.26172525975886185,-0.40348594634786683,21.0,0.4849656357388316
22,105,3.892546638019523,0.00739651021874721,-0.5061762011508089,-0.3242801683894665,21.0,0.4832474226804124
22,110,3.4590975759518354,0.0631605114899565,-0.5499259041734722,-0.28687598724858776,21.0,0.4802405498281787
22,115,1.6667254814670067,-0.004756641934606676,-0.7308370046976094,-0.3324319992160576,19.0,0.48109965635738833
22,120,1.4623848503666292,0.10577261934934423,-0.7514619009275362,-0.2582935511817177,19.0,0.4733676975945017
22,125,0.9297001362255217,0.13447510679289798,-0.8052278450438174,-0.2390411120622392,19.0,0.47036082474226804
22,130,2.1479977429971435,0.09210391399333995,-0.6822603197820909,-0.2674619522907187,17.0,0.468213058419244
22,135,2.698510829390745,0.2859000373204641,-0.6266948885756697,-0.13747154385368376,17.0,0.4639175257731959
22,140,2.511947788440901,0.15345238224022406,-0.6455254233509096,-0.22631194212803973,17.0,0.4583333333333333
22,145,2.584144531823134,0.08453847565036265,-0.6382383246844394,-0.27253653481241746,13.0,0.45017182130584193
22,150,1.4858284472459644,-0.05932083136349231,-0.749095647332797,-0.3690313962944194,15.0,0.4493127147766323
22,155,3.4037772920422773,-0.0871571799540336,-0.5555095960163551,-0.3877028653648933,15.0,0.45103092783505155
22,160,3.8280364395493294,0.04297709675526673,-0.5126874668841819,-0.30041418543322185,15.0,0.45146048109965636
22,165,2.7667010436977018,-0.15772400267868436,-0.6198121845025548,-0.4350361656941125,15.0,0.452319587628866
22,170,3.6239930073480746,-0.04576870840669334,-0.5332823656710106,-0.3599411938275229,13.0,0.45489690721649484
22,175,3.8200305388048985,-0.005740703989825513,-0.5134955336459992,-0.3330920672622556,13.0,0.4531786941580756
22,180,3.6941155173802454,0.1360843274069341,-0.5262046274600276,-0.23796171356193607,13.0,0.452319587628866
22,185,2.8874323726579822,0.1303466174947494,-0.6076263009702496,-0.24181033159501786,13.0,0.4527491408934708
22,190,3.7912262572879385,0.26229584373887915,-0.5164028620322616,-0.15330425872857223,13.0,0.45060137457044674
22,195,3.0173635256016844,0.3922075985563003,-0.5945118433507945,-0.06616483726046007,15.0,0.4488831615120275
22,200,2.153067958494972,0.24899910349695897,-0.6817485631728304,-0.16222316105362422,15.0,0.4480240549828179
23,25,9.001593968730873,0.2778620561880569,0.009499856333537116,-0.14286308849592144,188.0,0.5309278350515464
23,30,13.950050997194905,0.4158231957437244,0.5089669087778796,-0.05032447331935075,93.0,0.5240549828178694
23,35,13.424391367671216,0.48191427151044697,0.45591003382939177,-0.00599331857041141,61.0,0.5347938144329897
23,40,18.65273114971032,0.2886012392618851,0.9836267433191623,-0.13565968953168828,53.0,0.5365120274914089
23,45,11.673609540983287,0.13179670697067358,0.27919680111483647,-0.2408376716676185,49.0,0.5270618556701031
23,50,8.76043311221303,0.1498048458129091,-0.014841448739350782,-0.22875855840619552,49.0,0.5180412371134021
23,55,12.20253575024711,0.23870275330258428,0.3325833846866373,-0.16912952607372456,51.0,0.5025773195876289
23,60,16.557435294519355,-0.09400329038326194,0.7721403671070777,-0.39229495253166413,41.0,0.49699312714776633
23,65,13.534833350498259,-0.15300693949123878,0.4670573735580048,-0.4318721551874404,37.0,0.49785223367697595
23,70,6.916619112187602,-0.2233857381097487,-0.2009447812632189,-0.4790793367381535,35.0,0.49699312714776633
23,75,5.912178778942892,-0.2129468640199419,-0.30232685848773666,-0.47207737259531946,33.0,0.4944158075601375
23,80,6.489995607571563,-0.09029536970957186,-0.24400555417250458,-0.38980783300341904,29.0,0.4884020618556701
23,85,6.824498625523663,-0.05947770497150595,-0.21024286098364786,-0.3691366206096873,27.0,0.47852233676975947
23,90,7.841054652329168,-0.1590926730203016,-0.1076378995921421,-0.43595421304030313,25.0,0.4789518900343643
23,95,7.082747808220978,-0.08372994208418294,-0.18417676455479304,-0.3854040162297083,23.0,0.4853951890034364
23,100,7.318677365768147,0.030289709341289495,-0.16036347487383584,-0.3089243591334352,21.0,0.48625429553264604
23,105,4.709434550044222,0.15545213295868976,-0.42372452070789857,-0.2249705922176144,21.0,0.48281786941580757
23,110,2.954842371704674,0.1534251424072095,-0.6008223470639189,-0.22633021347918203,19.0,0.4793814432989691
23,115,1.6243575003017017,0.09526108084151397,-0.7351133701482802,-0.2653442556048812,21.0,0.4793814432989691
23,120,1.4580032031088246,0.12512670869662346,-0.7519041576609216,-0.24531163009894663,19.0,0.4733676975945017
23,125,1.2233602645188788,0.1371618597640154,-0.7755875838764618,-0.23723894951074453,17.0,0.4695017182130584
23,130,2.6639306121771713,0.15864222913906034,-0.6301852046611081,-0.22283080790036147,17.0,0.46735395189003437
23,135,3.0734486647981853,0.1953870967339535,-0.5888509516830939,-0.19818387345904498,17.0,0.4630584192439863
23,140,2.7517697813148208,0.07029794872608575,-0.6213192550032691,-0.2820884901326004,15.0,0.4574742268041237
23,145,2.6603832807717076,-0.016921560466805596,-0.6305432506441163,-0.34059172244196834,13.0,0.4497422680412371
23,150,2.121683175205487,-0.07774584787056071,-0.6849163516594305,-0.3813901338176158,15.0,0.45017182130584193
23,155,2.805423852587696,-0.07281100427953324,-0.6159037404951802,-0.3780800452412425,15.0,0.45146048109965636
23,160,2.6915634453634847,0.015046951649191342,-0.6273961151200925,-0.3191485693193016,15.0,0.4531786941580756
23,165,2.6458836063744235,0.06334486979304965,-0.6320067592875089,-0.2867523273388517,15.0,0.4527491408934708
23,170,3.60172554298953,-0.004486941211306439,-0.535529907626937,-0.3322510951475155,13.0,0.45489690721649484
23,175,3.926101412292388,0.02012340109720312,-0.5027893870176152,-0.315743497402341,13.0,0.4540378006872852
23,180,3.8013628308181557,0.17031693464709274,-0.5153797381627603,-0.21499989925618002,13.0,0.4518900343642612
23,185,2.8903130834097848,0.11321877687744641,-0.6073355396076933,-0.2532989772875297,13.0,0.4518900343642612
23,190,3.7670245441774313,0.3155456501918952,-0.5188456352526568,-0.11758649528117615,13.0,0.45103092783505155
23,195,2.8392023731516653,0.324091880505359,-0.612494342776867,-0.11185403815060235,15.0,0.4493127147766323
23,200,2.0121541117811104,0.26467665362864445,-0.6959715468750073,-0.15170731011748395,15.0,0.44673539518900346
24,25,7.571315020249948,0.21324779849211306,-0.13486377185637954,-0.18620365488369084,282.0,0.5382302405498282
24,30,13.998292881457804,0.5908738954668982,0.5138361501592947,0.06709228179186599,99.0,0.5223367697594502
24,35,12.844191746936685,0.4521018095507181,0.3973482250209699,-0.02599028259696845,63.0,0.5356529209621993
24,40,19.673574292377875,0.3729701466719402,1.0866644200218833,-0.07906852276666942,53.0,0.538659793814433
24,45,11.260266430082078,0.193163803057264,0.23747647009802186,-0.19967516672201957,51.0,0.5283505154639175
24,50,9.346752983786253,0.18426787206232276,0.04433810083736245,-0.20564218857780836,49.0,0.5219072164948454
24,55,14.573641172909664,0.15472874532145608,0.5719082953971701,-0.2254558106668173,53.0,0.509020618556701
24,60,19.804353129758553,-0.07355621424393521,1.0998644377350613,-0.3785799012031724,41.0,0.4944158075601375
24,65,14.467915847987769,-0.11714873372690549,0.561237026332144,-0.4078199567579761,39.0,0.4965635738831615
24,70,6.649671945563806,-0.12205647488463756,-0.227888799106563,-0.41111186614524475,35.0,0.4952749140893471
24,75,5.196503432498118,-0.07922062135025432,-0.37456276025261614,-0.3823793507518157,33.0,0.4965635738831615
24,80,5.016842136659017,0.014849662841362798,-0.3926966749971359,-0.319280902475762,29.0,0.49097938144329895
24,85,6.396328203011133,0.017124019970718773,-0.25345977034469824,-0.31775535796485554,27.0,0.4793814432989691
24,90,7.064034929970633,-0.023503469467861637,-0.18606552828229184,-0.3450065942394731,25.0,0.47766323024054985
24,95,8.38877752180069,0.04171348504536998,-0.05235409585338091,-0.3012617638029813,23.0,0.48668384879725085
24,100,8.384386733189391,0.019345529334261258,-0.052797275259199195,-0.3162652615451963,21.0,0.4836769759450172
24,105,5.010544906083685,0.2285288976708859,-0.39333227901995194,-0.1759537268174698,21.0,0.48152920962199314
24,110,2.6460177534181546,0.22117769406194854,-0.6319932193036026,-0.1808846095576605,19.0,0.47852233676975947
24,115,1.7933231719870504,0.20290104954576993,-0.7180590064313632,-0.19314382529804075,19.0,0.47809278350515466
24,120,1.2804324763312716,0.20131536823852159,-0.7698270631229325,-0.1942074346068412,17.0,0.4742268041237113
24,125,1.2538430260909808,0.10701731904647982,-0.7725108399570532,-0.25745865820638714,17.0,0.47036082474226804
24,130,3.8473073195715255,0.1315458000710601,-0.5107423818632694,-0.24100596961806497,15.0,0.46735395189003437
24,135,3.3021591840687012,0.24021628328272526,-0.5657663076686106,-0.1681143128851299,15.0,0.46091065292096217
24,140,2.795156695085575,0.07533850247285323,-0.6169400447138627,-0.2787074955644835,15.0,0.4583333333333333
24,145,2.685206774288879,-0.08858147668375249,-0.6280377187041448,-0.3886582245870134,13.0,0.45060137457044674
24,150,2.541937682528451,-0.13687638306267302,-0.6424984264674636,-0.42105244640035333,13.0,0.4484536082474227
24,155,3.249287462600149,-0.08470913736621433,-0.571102856562065,-0.3860608198461357,15.0,0.45103092783505155
24,160,2.685377504053458,-0.08683079666423266,-0.6280204862836574,-0.3874839409797206,15.0,0.452319587628866
24,165,1.8397634393673785,-0.019570879235341176,-0.7133716092629616,-0.342368775681679,15.0,0.452319587628866
24,170,3.163332966726486,0.025442726653325032,-0.5797785788026365,-0.312175514257071,15.0,0.4540378006872852
24,175,4.253541141078113,-0.004250352658257572,-0.4697396191305645,-0.33209240135057905,13.0,0.4536082474226804
24,180,4.091524092053205,0.14658768414228573,-0.48609263128298463,-0.23091649713269113,13.0,0.4518900343642612
24,185,2.6056057023478685,0.12866140296251838,-0.6360721651073558,-0.24294070366638776,13.0,0.45103092783505155
24,190,3.5864910723038443,0.38158063564790035,-0.5370675821232822,-0.07329296358823156,13.0,0.4518900343642612
24,195,2.5993866960270764,0.2779559849015847,-0.6366998736513143,-0.14280008500737995,15.0,0.45103092783505155
24,200,1.587397096566658,0.2561633830797263,-0.7388439277351215,-0.15741765920388373,15.0,0.4488831615120275
25,30,17.73849388299499,0.7205653351355539,0.8913492131285419,0.15408392498824997,107.0,0.5292096219931272
25,35,13.004827595707566,0.5947078744490704,0.4135618272490953,0.06966395600946806,69.0,0.5343642611683849
25,40,26.67537851904757,0.31869772252563666,1.7933838072512698,-0.11547221578449862,49.0,0.5369415807560137
25,45,13.983339515483674,0.06687116561387163,0.5123268486569761,-0.2843870342352084,49.0,0.5335051546391752
25,50,10.849259986187693,0.018711853917366517,0.1959919879883978,-0.31669030475475324,49.0,0.5236254295532646
25,55,17.642875389397236,0.050499253589499915,0.8816980659362499,-0.29536863435396277,53.0,0.5124570446735395
25,60,16.203876092573083,-0.024782585753345687,0.7364542590041057,-0.34586457243601254,43.0,0.4991408934707904
25,65,12.364233362994538,-0.06903200205767568,0.34890415489070103,-0.37554524715617177,37.0,0.49312714776632305
25,70,6.501547462499458,-0.02641689187200391,-0.24283958043606269,-0.3469607972532496,35.0,0.49699312714776633
25,75,7.485793769080082,-0.08470782909200891,-0.14349576502060502,-0.38605994231001484,33.0,0.49785223367697595
25,80,4.787529552870355,0.015629136953303036,-0.41584208772973275,-0.3187580635436015,29.0,0.4901202749140893
25,85,6.159175690609839,-0.0004767696741858618,-0.27739649762504215,-0.3295612382656369,27.0,0.4836769759450172
25,90,5.750793197710746,0.10259655855664795,-0.31861613413494927,-0.2604239211425582,25.0,0.47723367697594504
25,95,8.8367498711443,0.11065048572109504,-0.007138500847462481,-0.25502168056284646,23.0,0.48582474226804123
25,100,8.120157201045803,0.1363596160820868,-0.07946699166360127,-0.23777706132686127,21.0,0.484106529209622
25,105,4.007533569088914,0.28080584808017495,-0.4945701220840424,-0.14088851488815057,19.0,0.4802405498281787
25,110,2.8505853007531403,0.33058558261626825,-0.6113454195338048,-0.10749833187963287,19.0,0.47852233676975947
25,115,1.9277849720519167,0.12206834186742266,-0.7044872529416486,-0.24736305582642126,19.0,0.47809278350515466
25,120,1.6755851784413154,0.10265685207436803,-0.7299427609549934,-0.26038347874949075,17.0,0.4729381443298969
25,125,1.597530251485483,0.1960823988599698,-0.7378211489193907,-0.19771749360687718,17.0,0.47079037800687284
25,130,3.850770393283619,0.12124415674603095,-0.5103928403376125,-0.24791588505085616,15.0,0.46649484536082475
25,135,2.640274339429768,0.20852823097694673,-0.6325729244600274,-0.18936934518961646,15.0,0.46262886597938147
25,140,2.6081006646239215,0.06014011088924742,-0.6358203388417518,-0.2889019468033458,15.0,0.4566151202749141
25,145,3.1777601583570014,-0.14972634073329094,-0.5783223861273654,-0.42967166549165925,13.0,0.45060137457044674
25,150,2.680419966405908,-0.17401246625261324,-0.628520869878374,-0.4459617920504909,13.0,0.4493127147766323
25,155,3.1498917441340533,-0.09162254255447311,-0.581135253780488,-0.3906980455485072,15.0,0.45146048109965636
25,160,2.2461764108848774,-0.1356967445769942,-0.6723507642214924,-0.42026119378947113,15.0,0.4518900343642612
25,165,1.9509885189026064,-0.039990093551103056,-0.7021452285317963,-0.35606513845354326,15.0,0.4527491408934708
25,170,2.8620578524684137,0.10713846456057996,-0.6101874501796642,-0.25737739881591104,15.0,0.4540378006872852
25,175,4.561328324826447,-0.0344645473716374,-0.43867345920179124,-0.3523588310601079,13.0,0.4540378006872852
25,180,3.5590184594366194,0.16393450465799853,-0.5398405000030998,-0.2192809687990558,13.0,0.4531786941580756
25,185,3.253759800468771,0.13868542427208563,-0.5706514460719008,-0.23621700557665504,13.0,0.4527491408934708
25,190,3.729165385090452,0.315319881192065,-0.5226669077196957,-0.11773793177018588,13.0,0.45103092783505155
25,195,2.828311611969992,0.2779559849015847,-0.6135935897451636,-0.14280008500737995,13.0,0.45017182130584193
25,200,1.680729334249567,0.2288807646234099,-0.7294235412620502,-0.17571770904740902,15.0,0.4488831615120275
26,30,25.9858797394772,0.49410627706056487,1.7237900083933497,0.0021845735046082115,111.0,0.5360824742268041
26,35,19.19477241027082,0.46507531105208133,1.0383370801288168,-0.017288195423769248,73.0,0.5347938144329897
26,40,22.024964546205013,0.3668873527414247,1.3239994019101533,-0.08314860885864628,55.0,0.538659793814433
26,45,16.516986976195852,-0.05018147736181644,0.7680577607081207,-0.36290109637338785,47.0,0.5356529209621993
26,50,11.793024977751145,-0.01172222544346635,0.2912498665200156,-0.3371042239735702,49.0,0.5262027491408935
26,55,18.649149961136334,0.06541524471238569,0.9832652800001911,-0.2853636056412149,47.0,0.5171821305841925
26,60,14.878467256014252,-0.09246878310641471,0.602675579898307,-0.3912656686417575,43.0,0.502147766323024
26,65,7.836548971356585,0.05171273563753109,-0.10809267553173008,-0.2945546808839632,37.0,0.4952749140893471
26,70,6.254450441617936,-0.1517305168946843,-0.2677800457119185,-0.43101598380580597,35.0,0.49742268041237114
26,75,6.168972045448455,-0.1118623485801662,-0.27640771335394554,-0.4042740686742389,33.0,0.49785223367697595
26,80,3.8755371869124984,0.04693630733746623,-0.5078930313383306,-0.2977585110480351,29.0,0.49183848797250856
26,85,5.93687916000948,0.07850360646759613,-0.2998337527671824,-0.2765844749696502,27.0,0.48625429553264604
26,90,6.812952888534182,0.0869967093601216,-0.21140821721272351,-0.27088765351139243,25.0,0.47809278350515466
26,95,8.253887911148812,0.12119335569557155,-0.06596902993285725,-0.24794996029026173,23.0,0.48625429553264604
26,100,8.036215540772655,0.11594519324729124,-0.08793955056281977,-0.25147021017185667,21.0,0.484106529209622
26,105,3.5300033341166968,0.24668582122664717,-0.5427691096760716,-0.1637748149359901,19.0,0.4793814432989691
26,110,3.2978139552944263,0.20706079558142565,-0.5662048885425275,-0.19035364004105038,19.0,0.4789518900343643
26,115,1.9681090780941926,0.10391091530952234,-0.7004171837723019,-0.25954230510089094,19.0,0.47809278350515466
26,120,2.050156413331129,0.09148457542269628,-0.6921358264813353,-0.2678773789379425,17.0,0.4733676975945017
26,125,2.2571452869956,0.19522756042739964,-0.6712436328089861,-0.198290883802149,17.0,0.4699312714776632
26,130,3.747444340372109,0.11691526197881563,-0.5208219415284616,-0.2508195282672966,15.0,0.46649484536082475
26,135,2.668820137443518,0.22673810960233043,-0.6296916858210764,-0.1771549132419411,15.0,0.46219931271477666
26,140,2.3965686487745645,0.028297177039173782,-0.6571710895598362,-0.3102608672293108,15.0,0.4579037800687285
26,145,2.7760453913495047,-0.17103686053634404,-0.618869023078334,-0.44396587904787377,13.0,0.45060137457044674
26,150,2.6301648107468223,-0.15257582348682075,-0.6335933185876975,-0.4315829804375232,13.0,0.4493127147766323
26,155,3.8583447911088102,-0.08627935065787073,-0.5096283268470378,-0.3871140538510861,13.0,0.4488831615120275
26,160,1.9002542960162625,-0.10785159944954326,-0.707266031363333,-0.4015838243665749,15.0,0.4527491408934708
26,165,1.7931284499338802,0.02392816551666499,-0.7180786604870382,-0.31319141910272663,15.0,0.4531786941580756
26,170,2.9196705205442193,0.11065162786890825,-0.6043723790692643,-0.25502091445742503,15.0,0.45532646048109965
26,175,3.9103310110604,0.22196041758899265,-0.504381155072566,-0.18035959105250698,13.0,0.4536082474226804
26,180,3.8615813022554057,0.11511597950911168,-0.5093016531640505,-0.25202641238404244,13.0,0.4518900343642612
26,185,3.407178074748991,0.15274904965004743,-0.5551663417646246,-0.2267837084827764,13.0,0.4518900343642612
26,190,3.5015240018884404,0.24520602634257815,-0.5456436396642699,-0.16476740002015333,13.0,0.4518900343642612
26,195,2.3898350691811143,0.1971823183689998,-0.6578507359895402,-0.19697971318190277,13.0,0.45060137457044674
26,200,1.7417625827243208,0.2549244993584163,-0.7232632176416892,-0.15824865106364983,15.0,0.4493127147766323
27,30,23.276905498253097,0.623884846081858,1.4503626811216352,0.0892346594600204,131.0,0.5347938144329897
27,35,20.992830554384334,0.3868217286008224,1.2198220958010002,-0.06977745563115656,83.0,0.5330756013745704
27,40,21.93331696379061,0.1903751478732123,1.3147490542585785,-0.20154568105502846,55.0,0.5403780068728522
27,45,17.224577832025005,0.03402924921214878,0.8394776633292123,-0.3064160307580578,47.0,0.5395189003436426
27,50,14.730183243365435,-0.03184526847307034,0.5877086966261462,-0.35060192732029205,49.0,0.5287800687285223
27,55,21.49557720113417,-0.008494072249811468,1.2705662741042643,-0.33493891258892405,49.0,0.5197594501718213
27,60,15.585041278438624,-0.05391821112732986,0.6739928495611669,-0.36540754252958685,41.0,0.5017182130584192
27,65,8.014707342279085,-0.060202938471039635,-0.09011045685607011,-0.36962307718682685,37.0,0.4965635738831615
27,70,7.09615088090945,-0.11454986562179514,-0.1828239401954217,-0.40607674373256886,37.0,0.4991408934707904
27,75,4.96375520432171,-0.04992178193020602,-0.398054945962269,-0.3627269034398827,35.0,0.5
27,80,4.135490933082988,0.001042790907429536,-0.4816548866752982,-0.32854197999948687,31.0,0.49312714776632305
27,85,5.7456704887922125,-0.08773415255065375,-0.3191331891097329,-0.3880898746724274,27.0,0.48625429553264604
27,90,6.83497307745635,0.025171441673108363,-0.20918563373024424,-0.31235748097949956,25.0,0.4789518900343643
27,95,6.715449298864893,0.06627740593315568,-0.2212496344978967,-0.28478530362308163,25.0,0.48281786941580757
27,100,5.280026968927095,0.2002828991188199,-0.3661324042224542,-0.19489997210586074,21.0,0.48281786941580757
27,105,4.513275212562157,0.26541136625881623,-0.443523647089726,-0.15121449533233644,19.0,0.47766323024054985
27,110,3.3071039480500417,0.07234405854619563,-0.5652672133698047,-0.2807160444579563,19.0,0.47766323024054985
27,115,2.2034510770765325,0.07145438492871348,-0.676663198667059,-0.28131280065166475,19.0,0.47723367697594504
27,120,2.303436492872168,0.0774409470235824,-0.6665712809990645,-0.2772972628871033,17.0,0.4725085910652921
27,125,2.421575272012338,0.16074502712792826,-0.6546470736234922,-0.22142033815132467,17.0,0.47036082474226804
27,130,3.3328485390810307,0.09908788644312017,-0.5626687114681675,-0.2627773929936913,15.0,0.46692439862542956
27,135,2.756447354435052,0.16460740690372333,-0.6208471293193405,-0.21882961385831567,15.0,0.46134020618556704
27,140,2.58120191739415,0.007489697885373348,-0.6385353342263776,-0.3242176619644769,15.0,0.45618556701030927
27,145,3.32559526949787,-0.18861431094106507,-0.5634008122338097,-0.45575610435353964,13.0,0.45060137457044674
27,150,2.4936281531957474,-0.16180530906880797,-0.6473744955293927,-0.43777373688749155,13.0,0.4497422680412371
27,155,3.2721022190670377,-0.14770369889005874,-0.5688000742807992,-0.42831496116337,13.0,0.4497422680412371
27,160,2.341932356939249,-0.1177500469424847,-0.66268574341709,-0.40822329274401026,15.0,0.452319587628866
27,165,1.8323366074052014,-0.01786720950415177,-0.7141212283559053,-0.3412260246276484,15.0,0.4531786941580756
27,170,3.108132459332672,0.04479682152240794,-0.585350181135006,-0.2991935894705029,15.0,0.4540378006872852
27,175,3.6224894159439067,0.11766642346356893,-0.5334341290110579,-0.25031568027215156,13.0,0.45446735395189003
27,180,4.224251525980364,0.07634909457471961,-0.47269593412652255,-0.27802963226242394,13.0,0.4531786941580756
27,185,3.416357033791048,0.14649845804949257,-0.5542398736573191,-0.2309763462981248,13.0,0.45146048109965636
27,190,3.0989726393124233,0.2853648198929608,-0.5862747174662539,-0.1378305455241472,13.0,0.4518900343642612
27,195,2.7990424347690857,0.20149565716924056,-0.6165478418645451,-0.1940865042634552,13.0,0.45103092783505155
27,200,2.0917932506568646,0.26190902755534706,-0.6879332582277227,-0.15356371899446464,13.0,0.4497422680412371
28,30,20.609184318962352,0.4716757621067931,1.1810991861575753,-0.012860886385072101,159.0,0.5360824742268041
28,35,16.76759708244454,0.21370878985773145,0.7933528153808795,-0.1858944409795431,83.0,0.5309278350515464
28,40,27.45825006021317,0.17029889811440535,1.8724020828186565,-0.2150119974148561,57.0,0.5373711340206185
28,45,16.072634361770334,0.06277034232142875,0.7232075196539027,-0.2871376965578646,49.0,0.5390893470790378
28,50,14.99889540818955,-0.0339010892384658,0.614830862616198,-0.35198088669460315,47.0,0.5322164948453608
28,55,20.220717120476284,-0.06955028507084227,1.141889677924385,-0.37589288992327596,47.0,0.5231958762886598
28,60,11.279629526975466,-0.0019340438476977972,0.2394308629271209,-0.3305387173904375,41.0,0.5038659793814433
28,65,9.142419489546128,-0.09115014120642628,0.023713924958554067,-0.3903811783009866,37.0,0.4991408934707904
28,70,8.70823208120745,-0.12668714812757886,-0.020110302230639143,-0.41421792985722283,35.0,0.49699312714776633
28,75,4.213833067168829,-0.09843301788063963,-0.47374750977599833,-0.3952662301648958,35.0,0.4995704467353952
28,80,5.295742166883462,-0.07980584464800455,-0.36454620804924376,-0.38277189428775116,29.0,0.49269759450171824
28,85,6.351858279946455,-0.024233091947515883,-0.2579482929827205,-0.34549599476259396,27.0,0.48754295532646047
28,90,7.1258982355136276,-0.03455190426355559,-0.17982142376722976,-0.3524174264430562,25.0,0.4798109965635739
28,95,6.36810100144757,-0.03962767714564286,-0.2563088518023341,-0.355822044547632,25.0,0.48281786941580757
28,100,4.805200401608913,0.08127023764004981,-0.41405850010173684,-0.27472873343092596,21.0,0.48281786941580757
28,105,5.485482561091199,0.12038216127129053,-0.34539497062726665,-0.24849407589342143,19.0,0.47852233676975947
28,110,3.3454037653188866,0.05076858557270758,-0.5614014635551872,-0.2951879776209938,19.0,0.47723367697594504
28,115,2.174482429220353,0.022656481942640472,-0.6795871171884886,-0.3140444117444374,19.0,0.47809278350515466
28,120,2.5153659556916788,0.05398322868675565,-0.6451804144093976,-0.2930317282378777,17.0,0.4725085910652921
28,125,2.4784120349379597,0.08225670840833521,-0.6489103176436691,-0.2740670497198222,17.0,0.4699312714776632
28,130,2.7399440272200546,0.14502198235048636,-0.6225128744500319,-0.2319667050104981,15.0,0.46563573883161513
28,135,3.491279011336233,0.07955295092260162,-0.5466777064863111,-0.2758806181950384,15.0,0.46219931271477666
28,140,2.5874609427495217,-0.10751153070198305,-0.6379035864053013,-0.4013557203434752,15.0,0.45618556701030927
28,145,3.3097533886226183,-0.20918567927332643,-0.5649997950077172,-0.4695545257342685,13.0,0.45103092783505155
28,150,2.6889456039006445,-0.15366711959420354,-0.6276603440608897,-0.43231497664203444,13.0,0.45017182130584193
28,155,3.2721022190670377,-0.1705007361769193,-0.5688000742807992,-0.4436062690450615,13.0,0.4497422680412371
28,160,2.5162348330241393,-0.15726028876489972,-0.6450927152341428,-0.4347251256174798,15.0,0.4518900343642612
28,165,1.801420994294229,-0.07221115414345791,-0.7172416616679915,-0.37767769062830825,15.0,0.4527491408934708
28,170,2.8941687567372725,-0.006518961454771266,-0.6069463714728602,-0.3336140901180312,15.0,0.45489690721649484
28,175,4.160213406908108,0.11743227920862043,-0.47915955104652785,-0.25047273453521635,13.0,0.45446735395189003
28,180,4.462459275617768,0.2939417416953949,-0.44865269763958804,-0.13207750181465583,13.0,0.4531786941580756
28,185,2.4086689644391055,0.11296044612495071,-0.655949757543846,-0.25347225485083824,13.0,0.4531786941580756
28,190,3.4900846460429173,0.31172246010892635,-0.5467982584299094,-0.12015093275229449,13.0,0.45060137457044674
28,195,2.769618241567388,0.23713134357886823,-0.619517740352997,-0.17018356259571932,13.0,0.45060137457044674
28,200,2.2375462357327676,0.16010141665087807,-0.6732218414321276,-0.2218520453875158,13.0,0.45017182130584193
29,30,21.952459584573095,0.16838688310109218,1.3166811935745897,-0.216294497850114,203.0,0.5399484536082474
29,35,15.901113581492549,0.2995197908543006,0.705895258869274,-0.12833597759838422,87.0,0.5347938144329897
29,40,21.34622195998186,0.08549640228654964,1.2554912675645764,-0.2718939973222301,59.0,0.5382302405498282
29,45,12.919368911201783,0.1866904018380231,0.4049361491821033,-0.20401725599614573,49.0,0.5369415807560137
29,50,13.609951753337477,0.02470016884458026,0.47463936669942575,-0.31267359126289385,49.0,0.5330756013745704
29,55,18.34765705342203,0.10045183873534724,0.9528344258808659,-0.26186251031951135,45.0,0.5279209621993127
29,60,13.26371612128546,0.007536955111865584,0.43969245504646115,-0.32418596377532916,41.0,0.5051546391752577
29,65,9.342647269401962,-0.09686776837092681,0.04392369508423477,-0.39421632565916953,37.0,0.49785223367697595
29,70,6.716716199583578,-0.18606506892057784,-0.22112176127113903,-0.45404617844914663,35.0,0.4952749140893471
29,75,4.747461771439368,-0.12988583791985164,-0.4198862850571431,-0.41636347841321253,33.0,0.49699312714776633
29,80,6.0186908421639975,-0.14553943086180543,-0.29157618086018466,-0.42686325985928886,29.0,0.4948453608247423
29,85,6.567379278401507,-0.021023485189130886,-0.2361949187048359,-0.34334312355814545,27.0,0.4896907216494845
29,90,6.244747593217077,-0.05939626239958384,-0.2687593920138497,-0.3690819923074976,25.0,0.4802405498281787
29,95,4.797314862665683,-0.06294749511011466,-0.4148544182778987,-0.3714640120433498,25.0,0.48238831615120276
29,100,5.419527804353335,0.10936352125690041,-0.3520520412561632,-0.25588492299242915,21.0,0.48281786941580757
29,105,4.671491995096063,0.09355004466127137,-0.4275542106442072,-0.26649194776766416,19.0,0.47637457044673537
29,110,3.363761591053885,0.008641999344170204,-0.5595485366617323,-0.3234447458983555,19.0,0.47637457044673537
29,115,2.215851531104966,0.0621163628766912,-0.6754115725163363,-0.2875763588678808,19.0,0.47680412371134023
29,120,2.5879692977485087,0.07282966233722576,-0.6378522761541505,-0.28039032155880406,17.0,0.4720790378006873
29,125,1.8631199434539383,0.08705336309486689,-0.7110141462832054,-0.27084965253390847,17.0,0.47121993127147765
29,130,2.6112701974642256,0.21582958801316154,-0.6355004255402386,-0.18447189746471992,15.0,0.46563573883161513
29,135,2.9211730305514965,0.0805327142863892,-0.6042207248788194,-0.2752234335329108,15.0,0.46134020618556704
29,140,2.9873909504073883,-0.1161302415778892,-0.5975370921708512,-0.4071367944316737,15.0,0.45532646048109965
29,145,2.5828861044946283,-0.2060066369275414,-0.6383653426589048,-0.4674221558711743,13.0,0.45103092783505155
29,150,3.290370092911746,-0.16102515790498306,-0.5669562265821815,-0.4372504438169844,13.0,0.45060137457044674
29,155,3.86881624792559,-0.21379044779367917,-0.5085714019023551,-0.4726432136318497,13.0,0.4493127147766323
29,160,4.0699952358614695,-0.1499806167007205,-0.4882656226382156,-0.42984222327317945,13.0,0.4493127147766323
29,165,1.949699401662436,-0.10503410338406272,-0.7022753441586471,-0.39969396476549635,15.0,0.4536082474226804
29,170,3.3246662266947826,-0.06790007292872702,-0.5634945841444847,-0.3747859960046642,13.0,0.45575601374570446
29,175,4.430743136757631,0.044134311047657526,-0.45185393113525507,-0.29963797404191794,13.0,0.45446735395189003
29,180,5.397185753619593,0.316169629957175,-0.3543071115056078,-0.11716795551292569,13.0,0.4531786941580756
29,185,2.9376552884805944,0.09773200647033331,-0.6025571063532628,-0.2636868610905152,13.0,0.4518900343642612
29,190,3.012123391590321,0.30974149091947534,-0.5950407504978131,-0.1214796847913806,13.0,0.452319587628866
29,195,2.7507737511703545,0.20519047570427573,-0.621419788207365,-0.19160817310685496,13.0,0.45103092783505155
29,200,2.0620205369368407,0.1690932899137627,-0.6909383342503035,-0.21582066943432698,13.0,0.4488831615120275
30,35,14.928201591716672,0.18456959356401237,0.607695460219724,-0.20543980629809344,95.0,0.5335051546391752
30,40,16.12946427284289,0.09870741520201376,0.7289435840494933,-0.26303259733514495,65.0,0.538659793814433
30,45,10.697886822995816,0.20759008797286826,0.18071330471324143,-0.18999861263923745,49.0,0.5378006872852233
30,50,17.708905262475383,-0.1125371768606993,0.8883627183501059,-0.4047267155193117,49.0,0.5352233676975945
30,55,11.15992651965969,0.05426797705983688,0.22734877190585312,-0.29284073082945106,45.0,0.5292096219931272
30,60,14.549675210519128,-0.16337644152696995,0.5694893174156823,-0.4388275874312427,41.0,0.5077319587628866
30,65,8.87665122574594,-0.16856575555036934,-0.0031111016285179094,-0.44230836422816067,37.0,0.49828178694158076
30,70,8.139467094633126,-0.28801848920180484,-0.07751796885152118,-0.5224323077296515,37.0,0.49699312714776633
30,75,4.767048946860175,-0.23673617178696582,-0.41790927510901843,-0.488034254394497,31.0,0.4957044673539519
30,80,5.760073594197802,-0.2665408506674962,-0.31767942755100953,-0.5080259978540658,29.0,0.4957044673539519
30,85,5.8169142461598495,-0.07646817825299668,-0.31194227903558425,-0.3805331259859659,27.0,0.49097938144329895
30,90,6.631516750232121,-0.12730689360460756,-0.2297212737237433,-0.4146336294403872,25.0,0.48152920962199314
30,95,4.36242233747629,-0.13938887397971333,-0.4587498156587354,-0.4227377211875538,25.0,0.4832474226804124
30,100,6.1528189391317865,0.0037785694524696822,-0.27803810932452766,-0.32670693312467003,21.0,0.48238831615120276
30,105,4.611257766970896,0.06291168813890069,-0.4336338860268335,-0.28704288764100594,19.0,0.47680412371134023
30,110,3.3587254613535187,0.03262710974367411,-0.5600568528586198,-0.3073565278075526,19.0,0.47680412371134023
30,115,2.613197709664055,0.05346365359616012,-0.6353058742222294,-0.2933802376769763,19.0,0.47637457044673537
30,120,2.5030523898745307,0.037091124419084354,-0.6464232705943445,-0.30436225175618914,17.0,0.4729381443298969
30,125,1.8274709849885968,0.11361149213038901,-0.714612334588161,-0.25303556017033946,17.0,0.47036082474226804
30,130,3.283888990013078,0.17967633216303192,-0.567610389555158,-0.20872200326458767,15.0,0.46649484536082475
30,135,2.621430348258183,0.04848946915753971,-0.6344749219256254,-0.2967167144635938,15.0,0.46091065292096217
30,140,2.756139688348437,-0.17765561515213568,-0.6208781832564637,-0.4484054653568268,15.0,0.45532646048109965
30,145,3.026191061826478,-0.21139958049017327,-0.5936208457179604,-0.47103951892441287,13.0,0.45060137457044674
30,150,3.1605382785085263,-0.2018545404219858,-0.5800606575756149,-0.4646371016019716,13.0,0.45017182130584193
30,155,4.173292782387911,-0.22014999760329812,-0.47783939870790326,-0.47690893609850926,13.0,0.45060137457044674
30,160,4.112176388722699,-0.18078162969135814,-0.48400811449636116,-0.45050226636480006,13.0,0.4497422680412371
30,165,2.5649348867639685,-0.15667896123250946,-0.6401772290218954,-0.4343351951995037,15.0,0.4527491408934708
30,170,3.7641527785003888,-0.11912761882609035,-0.5191354937539578,-0.40914731087567846,13.0,0.45532646048109965
30,175,6.333267746271981,0.11157084260433736,-0.25982470799538937,-0.25440434330600903,13.0,0.45446735395189003
30,180,4.370399854585587,0.3258782733985013,-0.4579446137678257,-0.11065579982765816,13.0,0.4540378006872852
30,185,3.1630212584219484,0.09053391651701959,-0.5798100407365675,-0.2685150415356852,13.0,0.452319587628866
30,190,3.1019338490818864,0.2706735799466058,-0.5859758310241336,-0.14768482046157516,13.0,0.45103092783505155
30,195,2.1378356258675226,0.2087657751058536,-0.6832860218666257,-0.18921001043199437,13.0,0.4493127147766323
30,200,1.4785828344322152,0.1920844339093779,-0.7498269752708634,-0.2003991628163646,13.0,0.4497422680412371
31,35,20.573207066123036,0.24838195056610735,1.1774678618220626,-0.1626371216642506,105.0,0.5330756013745704
31,40,17.5996858615561,0.03773358295608409,0.8773387785779496,-0.3039313171936464,65.0,0.5335051546391752
31,45,9.311494372904503,0.13378375182611868,0.040779311835236864,-0.23950484432356478,49.0,0.5373711340206185
31,50,9.144931839694372,-0.0017769643254728074,0.023967506249860326,-0.3304333549564499,47.0,0.5373711340206185
31,55,9.649473612476434,0.008022437989091413,0.07489287361931685,-0.323860321980146,47.0,0.5304982817869416
31,60,13.31394448448235,-0.12629555022979433,0.44476219948816276,-0.41395526221556844,43.0,0.509020618556701
31,65,10.292701000439143,-0.15751970789704206,0.1398163205986933,-0.4348991332207518,35.0,0.49699312714776633
31,70,7.438251057585495,-0.3350542551976774,-0.1482944361697781,-0.5539819503539862,37.0,0.49742268041237114
31,75,6.390593154065476,-0.3434988773000376,-0.254038631184761,-0.5596462529072901,31.0,0.4957044673539519
31,80,6.335578189184184,-0.27568328891862526,-0.2595915059882665,-0.5141583665618163,29.0,0.4957044673539519
31,85,4.655589197427945,-0.14124701255337302,-0.4291593419874168,-0.4239840835397817,27.0,0.49097938144329895
31,90,5.16046329099921,-0.12789316122939542,-0.3782004321856235,-0.4150268734676217,25.0,0.48152920962199314
31,95,6.083969825205068,-0.15549736998186725,-0.2849873187040536,-0.4335426327548084,25.0,0.48109965635738833
31,100,6.570611652096713,0.00667807932671205,-0.2358686626309412,-0.3247620620594023,21.0,0.48281786941580757
31,105,3.441963610499217,0.03596540243419155,-0.5516553020791379,-0.3051173394126938,19.0,0.47637457044673537
31,110,3.264137480168949,0.005959772282491782,-0.5696039864170539,-0.3252438726573562,19.0,0.47551546391752575
31,115,2.3527056641289357,0.046268402815137444,-0.6615983515379328,-0.2982065137230313,19.0,0.47508591065292094
31,120,2.53920479137798,0.19082588818384338,-0.6427742678215919,-0.20124334313375292,17.0,0.47164948453608246
31,125,2.3814551767652072,0.12833435326352194,-0.6586965511882372,-0.24316007505123216,17.0,0.47079037800687284
31,130,3.0438950774907028,0.16099992032280386,-0.5918339104229027,-0.2212493663592121,15.0,0.46649484536082475
31,135,3.240563432376929,0.0513562604067761,-0.5719834069307886,-0.29479378969608994,15.0,0.46091065292096217
31,140,2.4992344248402314,-0.19968277639198218,-0.6468086326841935,-0.46318037229055753,15.0,0.45575601374570446
31,145,2.6718205792331475,-0.16956141165624217,-0.6293888395382701,-0.44297620908306923,13.0,0.45017182130584193
31,150,2.8363191461676176,-0.21578250441584534,-0.6127853581125497,-0.47397940266132776,13.0,0.45060137457044674
31,155,4.399806362779811,-0.25750731665375537,-0.45497650029609793,-0.5019666775956627,13.0,0.45017182130584193
31,160,3.8504606024855583,-0.22773452561617114,-0.510424108730142,-0.48199632317968055,13.0,0.4493127147766323
31,165,3.017900052519339,-0.1523651958743596,-0.5944576895981042,-0.43144170016368755,15.0,0.452319587628866
31,170,3.6919915535694505,-0.11398575851898596,-0.5264190074047203,-0.40569836406512516,13.0,0.45532646048109965
31,175,6.603535352648077,0.09076732505503982,-0.23254554522780724,-0.26835848076104707,13.0,0.45489690721649484
31,180,4.305425489512608,0.3043030229140091,-0.4645027296453149,-0.12512758375429733,13.0,0.4540378006872852
31,185,2.8386620111336227,0.21152728269619492,-0.6125488836211851,-0.187357705579825,13.0,0.45146048109965636
31,190,3.052929591079354,0.1824683242744607,-0.5909220217581257,-0.20684925065897963,13.0,0.45103092783505155
31,195,1.7739110182527904,0.23921883149379708,-0.7200183507585902,-0.16878336220981716,13.0,0.4497422680412371
31,200,0.9836512603835978,0.16382003510118648,-0.7997823478303845,-0.2193577502340408,13.0,0.4488831615120275
32,35,21.52228895792653,0.21056116704784644,1.2732623958153244,-0.18800573592001013,121.0,0.5347938144329897
32,40,18.641531628366494,0.023462812263040478,0.9824963319844346,-0.3135035587805882,69.0,0.5335051546391752
32,45,13.893034172553572,0.033316837366813346,0.5032119784673739,-0.30689388710090226,53.0,0.5390893470790378
32,50,8.039670917748142,0.1183878927524804,-0.08759078589878355,-0.24983174857150514,47.0,0.5356529209621993
32,55,10.185340185097662,-0.037190275530811,0.1289799751119718,-0.3541871365525827,47.0,0.5300687285223368
32,60,13.796855757654493,-0.25749057867324676,0.4935043162360777,-0.501955450451975,47.0,0.5197594501718213
32,65,8.614567945566312,-0.14408482411873091,-0.029564188458069407,-0.42588756993628474,37.0,0.4995704467353952
32,70,7.199096831509275,-0.3615074395210215,-0.17243320421218222,-0.5717256501536323,31.0,0.49785223367697595
32,75,7.019304934687872,-0.36512168272952716,-0.19058030102280898,-0.5741499347203126,31.0,0.4952749140893471
32,80,5.819277931707082,-0.3062671276572744,-0.3117037030418168,-0.5346727381651052,35.0,0.49742268041237114
32,85,5.386484215223471,-0.1502620664786839,-0.35538725948074135,-0.43003100812069794,27.0,0.49269759450171824
32,90,5.730228731633437,-0.1313325902022986,-0.32069178583762015,-0.41733389988952363,25.0,0.4836769759450172
32,95,5.151631959435289,-0.12185756967509331,-0.3790918128968266,-0.41097844877349854,25.0,0.48195876288659795
32,100,6.397256079288078,0.039286825387337077,-0.25336611617605265,-0.3028894665385665,21.0,0.484106529209622
32,105,3.688759093928727,0.005576560169811229,-0.5267452721534309,-0.32550091546187754,19.0,0.47680412371134023
32,110,4.2685967892756445,0.03567935590734983,-0.46821999388483526,-0.30530920756886626,19.0,0.47551546391752575
32,115,2.5958437492780124,0.10096101745901387,-0.6370574770738647,-0.26152097433251364,19.0,0.47637457044673537
32,120,2.1496860822231225,0.10250777827114721,-0.6820899091244101,-0.2604834712789349,17.0,0.4725085910652921
32,125,2.7547961165601103,0.11000204853709339,-0.621013795193074,-0.25545662535403746,15.0,0.47036082474226804
32,130,3.1266324636832294,0.15529627747995778,-0.5834829035998006,-0.22507513361395248,15.0,0.46649484536082475
32,135,3.4047543902381845,0.04433125921261838,-0.5554109736876067,-0.29950586937457657,15.0,0.46091065292096217
32,140,2.6836774989299617,-0.1895268235138905,-0.6281920744258376,-0.45636817997202495,15.0,0.45575601374570446
32,145,2.4991873017801494,-0.21425463989325944,-0.6468133889982901,-0.47295457445569766,13.0,0.45103092783505155
32,150,3.0769814837682974,-0.23810668941233348,-0.5884943704967419,-0.4889535408220742,13.0,0.45017182130584193
32,155,3.8980072662524554,-0.239915590411366,-0.5056250386627223,-0.49016687664969283,13.0,0.45017182130584193
32,160,3.898338126506724,-0.21201510155198,-0.5055916436478682,-0.47145238494491004,13.0,0.45017182130584193
32,165,3.7145228083624193,-0.12224754442338204,-0.5241448400522335,-0.411240027673736,13.0,0.4484536082474227
32,170,4.554218670836532,-0.043938424631407846,-0.4393910642859248,-0.35871351531971574,13.0,0.45532646048109965
32,175,5.736840269924208,0.19613005697082309,-0.3200244575122009,-0.19768552652111304,13.0,0.45446735395189003
32,180,3.8585708073355116,0.27777448014078665,-0.5096055141484723,-0.14292183087919785,13.0,0.4527491408934708
32,185,2.59317306795787,0.21876322842636342,-0.6373270393473809,-0.18250413304831925,13.0,0.452319587628866
32,190,2.6834674312301896,0.2772967195926006,-0.6282132773774275,-0.1432422928560816,13.0,0.45103092783505155
32,195,1.607967197723426,0.23001385293327936,-0.7367677072619205,-0.1749576803653774,13.0,0.4497422680412371
32,200,0.9403337624862196,0.08991312568853504,-0.8041545517051716,-0.2689314422972858,13.0,0.4488831615120275
33,35,30.881234360565728,0.17221358891073768,2.2178972279166467,-0.21372770217523596,143.0,0.5365120274914089
33,40,18.453112738628374,-0.14617281728208875,0.9634784791585924,-0.4272881092218951,77.0,0.5335051546391752
33,45,11.166946795686643,0.1025772838727832,0.22805735572387142,-0.260436849801734,53.0,0.5373711340206185
33,50,6.61164940669519,0.025853819564558567,-0.23172656213166742,-0.3118997701682865,47.0,0.5378006872852233
33,55,11.830087376873045,0.03397086289623741,0.2949907188987373,-0.30645519387918807,51.0,0.5313573883161512
33,60,12.82803777686324,-0.3421421596778047,0.3957177418680504,-0.5587362229499309,47.0,0.5214776632302406
33,65,8.065368748835917,-0.26923671902871915,-0.0849970036604425,-0.509834274631493,37.0,0.5004295532646048
33,70,7.61196720505812,-0.33695523950077244,-0.1307605884186398,-0.5552570518459526,31.0,0.49871134020618557
33,75,6.47610898847335,-0.3658200548136433,-0.24540718475543288,-0.5746183737731518,31.0,0.4944158075601375
33,80,7.04374517598313,-0.3480433095712302,-0.18811345222316211,-0.5626944697493248,29.0,0.49828178694158076
33,85,6.146163154668429,-0.17269497352867713,-0.2787099035885773,-0.445078072529393,27.0,0.49312714776632305
33,90,6.956572666808544,-0.04886328955957575,-0.19691211329289804,-0.3620169106225679,25.0,0.48668384879725085
33,95,5.39017206889067,-0.049091407202735526,-0.3550150300382289,-0.3621699224841931,23.0,0.48195876288659795
33,100,5.851519603095383,-0.03523505636218771,-0.30844942550003673,-0.352875656560363,23.0,0.48109965635738833
33,105,3.3962663754803817,-0.008042961278917016,-0.5562677020956333,-0.3346363260441043,19.0,0.47766323024054985
33,110,4.027598173682454,0.05163558246580724,-0.4925449233489313,-0.2946064320342566,19.0,0.47508591065292094
33,115,2.6000495881118018,0.04496672572799909,-0.6366329653698557,-0.29907962477037997,19.0,0.47637457044673537
33,120,2.745229462015584,0.17630280197550596,-0.6219793949183263,-0.2109848275121653,17.0,0.4720790378006873
33,125,2.6626531838615564,0.18523038284252347,-0.6303141404792508,-0.20499657623378775,15.0,0.47079037800687284
33,130,3.7131163197246027,0.17768361078812012,-0.5242868024316552,-0.21005863818265946,15.0,0.46563573883161513
33,135,3.8881741547202644,-0.02885115455385656,-0.5066175329301454,-0.3485935997821368,15.0,0.46134020618556704
33,140,3.6806828683264348,-0.227977018489822,-0.5275604370772142,-0.4821589773501963,15.0,0.4566151202749141
33,145,2.7380791165406233,-0.2557888310234637,-0.6227011071526237,-0.5008139886504989,13.0,0.45103092783505155
33,150,2.760745697272934,-0.22713900455031144,-0.6204132808257024,-0.48159687232764625,13.0,0.45060137457044674
33,155,3.594243768412861,-0.19797824088486715,-0.5362850722920773,-0.46203704050991445,13.0,0.4497422680412371
33,160,4.063054748795586,-0.20796103539433974,-0.48896615304544866,-0.46873308537062053,13.0,0.4497422680412371
33,165,3.7892817296042987,-0.14442455750059813,-0.5165991307893625,-0.42611544900997533,13.0,0.4493127147766323
33,170,4.118152462679908,-0.03876782014014457,-0.48340492606258734,-0.35524528810161426,13.0,0.45489690721649484
33,175,6.374208989882143,0.1981477056454306,-0.2556923487262779,-0.19633217140341563,13.0,0.45446735395189003
33,180,3.678627563876449,0.3311334333593743,-0.527767886965049,-0.1071308563045994,13.0,0.4536082474226804
33,185,2.4367499778933386,0.2524403625578,-0.6531154314217924,-0.159914907084574,13.0,0.452319587628866
33,190,2.0954696867994147,0.20254019050672878,-0.687562181200468,-0.19338587458709677,13.0,0.45103092783505155
33,195,1.4899907312294651,0.22223913730012423,-0.7486755317895646,-0.1801726374206829,13.0,0.4497422680412371
33,200,1.2125835113070345,0.12298514743946831,-0.7766753235760648,-0.24674810064196484,13.0,0.4484536082474227
34,35,31.835883104718953,-0.07073168634377869,2.3142536460120677,-0.376685324938799,187.0,0.5395189003436426
34,40,16.57642437433184,-0.0046442615664654685,0.7740570089346244,-0.332356619122255,77.0,0.5356529209621993
34,45,10.492495556150942,0.16429990717546072,0.15998236372320518,-0.2190358719329608,49.0,0.5382302405498282
34,50,6.574541722281075,0.16129521838435146,-0.235471985331413,-0.22105129265695111,47.0,0.5360824742268041
34,55,8.634424917673757,0.09427488756250768,-0.027559946878941588,-0.26600575318767583,51.0,0.5322164948453608
34,60,11.17740900022847,-0.37542366955084705,0.22911334680038653,-0.5810600805561807,47.0,0.5244845360824743
34,65,6.953498544702908,-0.3398702265302851,-0.19722239641713735,-0.5572123043455881,41.0,0.5038659793814433
34,70,7.790611958720664,-0.3188337412917467,-0.11272927723755188,-0.543101901819004,33.0,0.4995704467353952
34,75,6.482504235070867,-0.3334307831269234,-0.2447616875935209,-0.5528929925671104,31.0,0.4957044673539519
34,80,5.971237630156578,-0.2607049129702047,-0.2963658184773307,-0.5041114926933847,29.0,0.49785223367697595
34,85,4.64089130554261,-0.1414193486068871,-0.43064285749434894,-0.4240996794227133,27.0,0.4961340206185567
34,90,7.0247508986514084,-0.1857190033541951,-0.19003061865658066,-0.4538140520084947,27.0,0.48711340206185566
34,95,5.945522425660607,-0.06830609628633955,-0.29896135428146664,-0.3750583396469669,23.0,0.48152920962199314
34,100,4.643556994510075,-0.06990538201229368,-0.4303737991184442,-0.3761310742360555,23.0,0.48195876288659795
34,105,4.45070913779394,-0.023659991671742486,-0.44983868484144185,-0.3451115828474113,19.0,0.47809278350515466
34,110,3.829173684998345,0.052023276208725155,-0.5125726802690698,-0.29434638313789496,19.0,0.47594501718213056
34,115,2.292982545206171,0.04076511040065056,-0.6676264386769243,-0.3018978942131356,19.0,0.47594501718213056
34,120,2.2770025496024964,0.1781858280944002,-0.6692393619086165,-0.20972177162595707,17.0,0.47164948453608246
34,125,2.534255088448739,0.24170409394956271,-0.643273860627657,-0.16711635114606704,15.0,0.4699312714776632
34,130,4.009891247318081,0.12233266628236739,-0.4943321524322982,-0.2471857579627248,15.0,0.4652061855670103
34,135,4.279001631928727,-0.09096720616443243,-0.4671697925672954,-0.39025847305581474,15.0,0.46219931271477666
34,140,3.709279521620549,-0.21664052054547966,-0.5246740654166286,-0.4745549243241035,15.0,0.45618556701030927
34,145,3.423034111691557,-0.235775293566452,-0.5535659301636755,-0.4873897371038596,13.0,0.45060137457044674
34,150,3.081095906578944,-0.22187575808525872,-0.5880790857682048,-0.47806650471269596,13.0,0.45017182130584193
34,155,4.272639280091596,-0.19908309505871358,-0.46781196953284787,-0.4627781309035507,13.0,0.45017182130584193
34,160,4.234071923635665,-0.21583209796773806,-0.47170472312024103,-0.4740126679607347,13.0,0.45060137457044674
34,165,4.618876688636094,-0.15445223040201528,-0.43286487857157385,-0.4328415964361957,13.0,0.45017182130584193
34,170,4.174323284027079,-0.060168525288915475,-0.4777353861615087,-0.36959999425037204,15.0,0.4527491408934708
34,175,5.7973792885122695,0.266610164920019,-0.31391401844035993,-0.1504103908697283,13.0,0.4540378006872852
34,180,4.188990819793807,0.4001674190733906,-0.47625493461592805,-0.060825719519928656,13.0,0.45446735395189003
34,185,2.0772491135798044,0.24691159481306824,-0.6894012546626599,-0.16362337537048532,13.0,0.4531786941580756
34,190,1.96356100888956,0.18506977234365518,-0.7008762381213413,-0.2051043071005808,13.0,0.452319587628866
34,195,1.7253979594370548,0.15982008634343403,-0.7249149628444135,-0.2220407500991608,13.0,0.4497422680412371
34,200,1.1239366080045494,0.11442641109842233,-0.78562280099097,-0.25248894629757934,13.0,0.4488831615120275
35,40,13.07537037968629,0.27398075546291567,0.4206819853473476,-0.14546650417765017,87.0,0.5378006872852233
35,45,9.182492335567202,0.09561948662900144,0.027758633474779026,-0.2651038518553023,53.0,0.5382302405498282
35,50,8.927193963413734,-0.005217647238857648,0.001990373853676175,-0.33274122246966253,51.0,0.5356529209621993
35,55,8.034629019176519,0.14522645668340806,-0.08809968437032856,-0.23182955210157985,47.0,0.5347938144329897
35,60,8.675092767973021,-0.36531031134989744,-0.023455182262136054,-0.5742764589819123,45.0,0.5274914089347079
35,65,8.966041273450557,-0.270593688263298,0.005911384246992002,-0.5107444733599869,39.0,0.5051546391752577
35,70,8.325560726990803,-0.28948609681955906,-0.05873481331481434,-0.5234167181006224,33.0,0.5008591065292096
35,75,5.398792660844473,-0.3401858537575787,-0.3541449200971454,-0.557424014009772,31.0,0.49699312714776633
35,80,5.607265441527126,-0.25170972512967205,-0.3331029499065382,-0.49807789345886877,29.0,0.4957044673539519
35,85,5.334669379555706,-0.2028699541593092,-0.3606171327715476,-0.46531819905728256,27.0,0.49828178694158076
35,90,8.086584312276626,-0.1521053904935088,-0.08285563416350139,-0.43126743348078844,27.0,0.4892611683848797
35,95,5.854161725151863,-0.14529657815601082,-0.30818274582429994,-0.42670036432828284,23.0,0.48281786941580757
35,100,5.143063341266386,-0.0362306571903942,-0.3799566769212538,-0.35354346433730377,23.0,0.48238831615120276
35,105,4.8851479894673036,-0.009717726309051655,-0.4059890784965826,-0.3357596890225051,19.0,0.4789518900343643
35,110,2.8756451774555156,0.006553422950293486,-0.6088160285177453,-0.3248456763908282,19.0,0.47551546391752575
35,115,2.522443315337818,0.01711134737158848,-0.6444660689192352,-0.31776385821918784,19.0,0.47508591065292094
35,120,2.1266507255948435,0.16754841065799875,-0.6844149574396629,-0.2168569104178666,17.0,0.4733676975945017
35,125,3.082536908809236,0.23613416225887773,-0.5879336397973921,-0.1708524305010517,15.0,0.47164948453608246
35,130,4.281172397379992,0.03999920043696514,-0.46695068875064016,-0.3024116348767577,15.0,0.46563573883161513
35,135,4.9744052969337424,-0.08610099067320687,-0.39697999061061207,-0.38699441736477647,15.0,0.46176975945017185
35,140,3.46828220946247,-0.20770184483289045,-0.5489988633199393,-0.46855923108309716,15.0,0.45618556701030927
35,145,3.166833356718147,-0.1977746918077632,-0.5794252707994582,-0.46190050822425543,13.0,0.45146048109965636
35,150,3.2748612652188855,-0.2206733905413094,-0.5685215930004537,-0.4772600063914392,13.0,0.45103092783505155
35,155,4.032130825175692,-0.19133243404730738,-0.49208742516958726,-0.45757930869166863,13.0,0.4497422680412371
35,160,4.41162106747062,-0.22280327551501733,-0.4537839961087371,-0.47868864496739694,13.0,0.45060137457044674
35,165,4.707574363933495,-0.08783837569859942,-0.423912276541359,-0.3881597832409657,13.0,0.45017182130584193
35,170,4.989577715355109,0.020199098409510174,-0.39544857929112764,-0.31569272278221217,13.0,0.4497422680412371
35,175,5.161248109147018,0.24791499944902018,-0.37812121743146154,-0.16295033312270601,13.0,0.45446735395189003
35,180,4.065814331744282,0.3907249035374889,-0.4886876175841053,-0.06715936763482422,13.0,0.4540378006872852
35,185,2.4346567062454625,0.40747256073363336,-0.6533267134868717,-0.05592573322607253,13.0,0.4527491408934708
35,190,1.7789765050130542,0.21447805501856276,-0.7195070714392404,-0.18537844978871798,13.0,0.4518900343642612
35,195,1.7719420080091677,0.1463087187085601,-0.7202170906358808,-0.23110361558504833,13.0,0.4497422680412371
35,200,1.1517314098895048,0.128134789550292,-0.7828173633179946,-0.2432939341199618,13.0,0.4484536082474227
36,40,7.407685788705738,0.18264248605263744,-0.15137950787328636,-0.20673243015560394,93.0,0.5352233676975945
36,45,4.107826738681707,0.07931734188672435,-0.4844471416259578,-0.2760386549724483,53.0,0.5399484536082474
36,50,6.618147017574136,-0.06992048805926532,-0.23107073294390856,-0.37614120674635554,51.0,0.5365120274914089
36,55,6.830500987877314,0.05284704435343923,-0.209637019159573,-0.29379383360413547,49.0,0.5335051546391752
36,60,7.407419046363627,-0.37309304412069544,-0.1514064312173935,-0.579496793600911,45.0,0.5304982817869416
36,65,8.657160438001885,-0.27446099045808947,-0.025265162209950898,-0.5133384994076691,37.0,0.5094501718213058
36,70,7.90446062545592,-0.35445765945537433,-0.10123808762594344,-0.56699694983501,33.0,0.5004295532646048
36,75,4.904126081314955,-0.2884550330619753,-0.4040735457271474,-0.5227251232602721,29.0,0.4965635738831615
36,80,5.807150898035283,-0.28919568327743905,-0.3129277318104018,-0.5232219207315745,29.0,0.4965635738831615
36,85,4.371488961564579,-0.10334133118302435,-0.45783468595609267,-0.3985585233230873,27.0,0.49871134020618557
36,90,8.40906257489206,-0.13488043751130507,-0.05030664639227733,-0.4197136488383275,27.0,0.49140893470790376
36,95,4.347151759914703,-0.16540135581418802,-0.4602911345627769,-0.44018581602078544,23.0,0.48238831615120276
36,100,4.947084095771323,-0.08269440075117729,-0.39973762591699946,-0.38470941801731984,23.0,0.4802405498281787
36,105,4.67988338183394,-0.08958008453097421,-0.4267072352787994,-0.3893280493476958,19.0,0.47766323024054985
36,110,2.832747403814611,-0.025915213383605362,-0.6131458679876249,-0.34662429211325296,19.0,0.47551546391752575
36,115,2.513900283382209,0.125636772635344,-0.6453283504274431,-0.24496950034637488,19.0,0.47594501718213056
36,120,2.2405671475821327,0.19834714721055802,-0.6729169290264186,-0.19619839426657126,17.0,0.4725085910652921
36,125,2.7267910352399385,0.15967096282293425,-0.6238404571889229,-0.2221407759768953,15.0,0.4699312714776632
36,130,4.5023871747897575,0.05192916406036452,-0.4446226191737114,-0.2944095096669207,15.0,0.46563573883161513
36,135,4.446335630129166,-0.08610099067320687,-0.450280120013982,-0.38699441736477647,15.0,0.46134020618556704
36,140,4.092384934894256,-0.13441827697299302,-0.486005743060259,-0.41940365070158847,15.0,0.45618556701030927
36,145,3.1904280914528593,-0.20100568147205966,-0.5770437622719786,-0.464067722195862,13.0,0.45103092783505155
36,150,3.3746210224378395,-0.20701136882188853,-0.5584524519320144,-0.4680960883888823,13.0,0.45103092783505155
36,155,4.4954749595255175,-0.20652598693037783,-0.44532029599782685,-0.467770514330732,13.0,0.45017182130584193
36,160,4.335484342765105,-0.19986919834005878,-0.46146877244461115,-0.4633054164078292,13.0,0.4497422680412371
36,165,4.573451375813921,-0.08598039133059376,-0.43744983242105606,-0.3869135243235,13.0,0.45146048109965636
36,170,5.106810077891521,0.0023869393637863112,-0.38361586007575577,-0.3276403809177194,13.0,0.45060137457044674
36,175,4.33805561051434,0.21542644488803098,-0.4612092443702299,-0.18474230916643308,13.0,0.4540378006872852
36,180,3.4095965768451393,0.4004616584702323,-0.5549222329229502,-0.06062835592608029,13.0,0.45489690721649484
36,185,2.3399763209366613,0.4365592230103801,-0.6628831737536712,-0.03641560554904899,13.0,0.4536082474226804
36,190,2.348131652935333,0.21447805501856276,-0.662060024313017,-0.18537844978871798,13.0,0.452319587628866
36,195,1.7203205936846335,0.14255431579885025,-0.7254274411567352,-0.23362191347094874,13.0,0.45017182130584193
36,200,1.218400662759389,0.06919448092609182,-0.7760881758100404,-0.2828286506041089,13.0,0.4488831615120275
37,40,10.297468715689273,0.17707622424083702,0.14029754467908417,-0.210466047907916,99.0,0.5369415807560137
37,45,5.413703365363022,0.19209966538373524,-0.3526399245817937,-0.20038894617457215,57.0,0.5373711340206185
37,50,7.319048328239839,0.003793206492279877,-0.16032603218589536,-0.3266971152049378,49.0,0.538659793814433
37,55,7.141074784919244,0.05162057460362468,-0.1782895954914061,-0.29461649868626894,47.0,0.5360824742268041
37,60,7.429431514713462,-0.36428018781776184,-0.14918462700236734,-0.5735854948058288,45.0,0.529639175257732
37,65,7.615365694356978,-0.27045688054065464,-0.1304175656495018,-0.5106527084090764,39.0,0.5124570446735395
37,70,7.091136745277023,-0.31918267919584775,-0.1833300364453192,-0.543335954904765,35.0,0.502147766323024
37,75,5.760665421195145,-0.3266467910327764,-0.31761969214576724,-0.5483425718052707,29.0,0.4952749140893471
37,80,5.397473416129577,-0.2947250392491346,-0.3542780766074296,-0.5269307835757563,29.0,0.49742268041237114
37,85,2.8485031570308816,-0.03365577953743559,-0.6115555784139851,-0.35181634311301324,27.0,0.5
37,90,7.259893048319434,-0.141966871059522,-0.1662968051214615,-0.42446693479410336,27.0,0.49398625429553267
37,95,5.045972973962706,-0.07027661486192804,-0.38975638606270313,-0.37638008184735716,23.0,0.4836769759450172
37,100,6.6382655451515955,-0.08148724509968397,-0.2290400915518881,-0.38389970803194606,21.0,0.4793814432989691
37,105,3.8073246986384177,-0.06787216108671823,-0.514777983609751,-0.37476727389773734,19.0,0.4789518900343643
37,110,2.702798192021909,-0.03309479907908186,-0.6262621483570865,-0.3514400606690993,19.0,0.47551546391752575
37,115,2.066601804697112,0.053794785441855675,-0.690475929041666,-0.29315812815729403,19.0,0.4742268041237113
37,120,2.332900674850815,0.1865365281776581,-0.6635973462875153,-0.2041204680708516,17.0,0.4737972508591065
37,125,2.8139603005107645,0.1562087462801922,-0.6150421235390351,-0.22446308735630727,15.0,0.47079037800687284
37,130,4.359086693109338,-0.021432060808369124,-0.45908649524398404,-0.3436171791517785,15.0,0.46692439862542956
37,135,3.4443255172625156,-0.09084355799889077,-0.5514169056249649,-0.39017553499046387,15.0,0.46134020618556704
37,140,3.694527644017704,-0.16192219536773444,-0.526163029912416,-0.4378521393729349,15.0,0.45618556701030927
37,145,3.1528028715113887,-0.20355863757846804,-0.5808414223493805,-0.4657801393551757,13.0,0.45103092783505155
37,150,3.280447006921425,-0.20452861495987185,-0.5679578023223019,-0.4664307599858606,13.0,0.45060137457044674
37,155,4.33420805160585,-0.18797187567136364,-0.46159759348513096,-0.45532518539773637,13.0,0.45060137457044674
37,160,4.605061103127535,-0.20988236407111638,-0.4342593394574744,-0.4700218330253628,13.0,0.45103092783505155
37,165,3.636541254573827,-0.0950870943112736,-0.5320158221769197,-0.393021923292736,13.0,0.45103092783505155
37,170,4.827746533462908,-0.001961882363939682,-0.41178283114950354,-0.33055739031347864,13.0,0.45146048109965636
37,175,4.008854679328995,0.2520731089239401,-0.4944367772790311,-0.16016124560283662,13.0,0.4531786941580756
37,180,3.629675571537361,0.4052708622836114,-0.5327088023219458,-0.057402541305924815,13.0,0.4540378006872852
37,185,1.910835362306777,0.4187884125936847,-0.7061980431073085,-0.04833552873772928,13.0,0.4527491408934708
37,190,2.4440433537682136,0.1941854693312164,-0.65237928257183,-0.19898987532424872,13.0,0.45146048109965636
37,195,1.8115493598930152,0.09743599678616244,-0.7162193662569967,-0.2638854121197416,13.0,0.45103092783505155
37,200,1.0019897921129912,0.06110725994048338,-0.7979313683561058,-0.2882532232993289,13.0,0.4484536082474227
38,40,9.61465893884242,0.32119653695476313,0.0713788929336665,-0.11379611461862438,117.0,0.5399484536082474
38,45,6.055683419032384,0.20469761936624753,-0.2878423759136135,-0.1919387607139813,61.0,0.5425257731958762
38,50,6.4035308645319,-0.02804631519396894,-0.2527327776480174,-0.34805374689281243,49.0,0.5399484536082474
38,55,6.061190001780848,0.07718842382742364,-0.2872865750571857,-0.27746664498229157,47.0,0.5335051546391752
38,60,7.51076236551793,-0.32342625771647704,-0.14097558727737114,-0.5461823715185798,45.0,0.5313573883161512
38,65,8.553592697273816,-0.264482316733506,-0.035718657894003525,-0.5066452185986975,41.0,0.5193298969072165
38,70,8.591845257775908,-0.33615504909551086,-0.031857677889018055,-0.5547203172827345,31.0,0.5055841924398625
38,75,5.286596859794603,-0.3711244667466932,-0.3654692795337684,-0.5781763534780995,31.0,0.4965635738831615
38,80,4.3127465953249455,-0.18976532256232304,-0.46376378190469847,-0.45652815525009216,29.0,0.49828178694158076
38,85,3.2606131682977475,-0.15236767124288497,-0.5699597089487598,-0.4314433605383128,29.0,0.4995704467353952
38,90,4.920609711616387,-0.14048350769599616,-0.40240978868270283,-0.42347195612180155,27.0,0.4961340206185567
38,95,5.392638724348664,-0.11011221006735594,-0.35476606089008567,-0.4031001482872063,23.0,0.4849656357388316
38,100,7.348768174170468,-0.1391914017839,-0.15732629231532835,-0.4226052650220329,21.0,0.4793814432989691
38,105,3.8821573681315007,-0.07949642623421127,-0.5072248306484828,-0.38256434923836424,23.0,0.4793814432989691
38,110,2.6696537501968347,-0.07884462265693315,-0.6296075460372237,-0.38212714641006984,19.0,0.47637457044673537
38,115,2.427924601116034,0.0565259509830669,-0.654006211093176,-0.2913261754942785,19.0,0.47465635738831613
38,120,2.3445891251744726,0.14773091602180943,-0.6624175854454553,-0.23014966456449426,17.0,0.4737972508591065
38,125,3.0311161221069574,0.04388738901367306,-0.5931237401904692,-0.29980359910963694,15.0,0.47164948453608246
38,130,5.0896578392253575,-0.031874842459336805,-0.3853471023680769,-0.35062176432470626,15.0,0.46692439862542956
38,135,3.9886981101882677,-0.08842989929061673,-0.4964712583542835,-0.38855655275320544,15.0,0.46176975945017185
38,140,3.373246177414866,-0.18606629711426448,-0.5585912203980721,-0.45404700227057415,15.0,0.4574742268041237
38,145,3.007747384252249,-0.22663260380018835,-0.5954824379721206,-0.48125719969017966,13.0,0.45060137457044674
38,150,3.2424582352218474,-0.20162840705575658,-0.5717921570954418,-0.4644854207110811,13.0,0.45060137457044674
38,155,4.354009687232882,-0.18363045961734348,-0.45959893723262213,-0.4524131434210009,13.0,0.4497422680412371
38,160,4.792304595649165,-0.20474168931028358,-0.4153601240533161,-0.46657368143011835,13.0,0.45103092783505155
38,165,3.176895823845493,-0.010110800551413557,-0.5784096267779977,-0.33602334693492086,13.0,0.45103092783505155
38,170,4.289045783064685,-0.019533497212248063,-0.4661559972502247,-0.3423437013697338,13.0,0.45103092783505155
38,175,4.456062861900422,0.3360799320114607,-0.44929831260345254,-0.10381294999626434,13.0,0.4518900343642612
38,180,3.1536428618680636,0.34807786092355997,-0.5807566388491668,-0.09576523648731194,13.0,0.4536082474226804
38,185,2.1005278402572207,0.4415758772760747,-0.6870516420599138,-0.03305064176241901,13.0,0.45446735395189003
38,190,2.1613479485982183,0.25410377766314274,-0.6809128315038782,-0.1587991571653724,13.0,0.4527491408934708
38,195,1.5881520760696155,0.09717265270695385,-0.7387677247116682,-0.26406205241485226,13.0,0.45017182130584193
38,200,1.256038568792388,0.09422069634695696,-0.7722892352759818,-0.2660421024093331,13.0,0.4497422680412371
39,40,8.693949055857807,0.2905154128592271,-0.021551943641353488,-0.13437574120771756,165.0,0.5412371134020618
39,45,7.066182411239568,0.2101593319620414,-0.18584877462889948,-0.18827527024315005,63.0,0.5451030927835051
39,50,8.383529246127354,-0.1120262033478917,-0.05288382477007125,-0.4043839756621359,51.0,0.5403780068728522
39,55,8.614239454829919,0.029306909664846392,-0.029597344308250118,-0.3095835804282646,49.0,0.5378006872852233
39,60,7.612929973456652,-0.2641904441558304,-0.13066341245218493,-0.5064494425690627,45.0,0.5326460481099656
39,65,6.88970861785588,-0.32031601370212426,-0.20366096232862407,-0.5440961487251439,45.0,0.5236254295532646
39,70,6.421740866231959,-0.3043743268842425,-0.250894771210492,-0.5334031258459722,33.0,0.5042955326460481
39,75,4.327556033040228,-0.269943961684604,-0.46226900764244605,-0.5103086636962699,31.0,0.49785223367697595
39,80,3.7774165400526964,-0.1318198418757246,-0.517796730610467,-0.4176607281198973,29.0,0.4991408934707904
39,85,3.9396479003596285,-0.13057483982500828,-0.5014220871851627,-0.4168256323383146,29.0,0.49785223367697595
39,90,4.617152933999893,-0.12191825601202877,-0.4330388638446253,-0.4110191546534169,27.0,0.4961340206185567
39,95,5.792763544404015,-0.04502544928065133,-0.31437990348115674,-0.3594426464071203,23.0,0.48754295532646047
39,100,5.620705822754904,-0.1339512379502411,-0.33174635985090006,-0.41909038027965606,21.0,0.4806701030927835
39,105,4.922904095514639,-0.1537998104092454,-0.40217820757444145,-0.43240398014193426,19.0,0.4798109965635739
39,110,2.5456795572347777,-0.0642975314555021,-0.6421207444709474,-0.3723695604770795,19.0,0.47723367697594504
39,115,3.407763591080677,-0.0392951066558378,-0.5551072433194602,-0.3555989700450999,19.0,0.47508591065292094
39,120,2.656504490010479,0.08248173542397774,-0.6309347521116274,-0.273916110923057,17.0,0.4737972508591065
39,125,3.3922686468594945,0.04869212922185606,-0.5566712084248308,-0.29658077849087106,15.0,0.47121993127147765
39,130,4.449553554204459,-0.11273256402064902,-0.44995532239653646,-0.40485777312918114,15.0,0.46649484536082475
39,135,5.039806149556242,-0.08391900077229875,-0.39037882768269117,-0.38553082896292934,15.0,0.46262886597938147
39,140,3.3621396735025746,-0.20519031248425312,-0.559712243120938,-0.4668745992638573,15.0,0.4570446735395189
39,145,2.8674788076568625,-0.16214604272387778,-0.6096402920465669,-0.43800228690299414,13.0,0.4518900343642612
39,150,2.9035776426806206,-0.18841426641865067,-0.6059966959473626,-0.45562192277793434,13.0,0.45060137457044674
39,155,3.900711735417655,-0.18186750209151037,-0.5053520660503305,-0.4512306245712644,13.0,0.45103092783505155
39,160,4.523006786635385,-0.21299190158800152,-0.4425414013937363,-0.47210758192957536,13.0,0.45060137457044674
39,165,3.094538411364274,-0.04324606794906172,-0.5867222813736273,-0.35824911114909996,13.0,0.4518900343642612
39,170,3.8541998463894425,-0.021006770995803725,-0.5100466922707688,-0.34333191236991323,13.0,0.45060137457044674
39,175,4.0014371695468975,0.3123749139698664,-0.49518545544800996,-0.11971329374066797,13.0,0.45103092783505155
39,180,2.608539451468719,0.34418113499027414,-0.6357760503755163,-0.09837899875942913,13.0,0.4527491408934708
39,185,2.0816195425785655,0.3707731124541511,-0.6889601302318783,-0.08054220227282993,13.0,0.4536082474226804
39,190,2.090907354682896,0.21603031601379796,-0.6880226751607879,-0.1843372574402472,13.0,0.452319587628866
39,195,1.6140906146446223,0.08221887245069848,-0.7361496469285831,-0.2740924285122478,13.0,0.45146048109965636
39,200,1.490113877421623,0.16840384186260637,-0.748663102164479,-0.21628312261567706,13.0,0.4488831615120275
40,45,5.15558761308362,0.3504303271151905,-0.378692553358579,-0.09418729965434347,71.0,0.5429553264604811
40,50,8.857895879463186,-0.01816091290896682,-0.0050041518200293345,-0.3414230287002573,51.0,0.5412371134020618
40,55,7.415575892419742,-0.06668001945461144,-0.15058312895702108,-0.3739676346943732,49.0,0.5399484536082474
40,60,9.752823842786155,-0.16939541703992955,0.08532441512918876,-0.4428648667734173,47.0,0.5335051546391752
40,65,7.714202722035459,-0.1397902159207708,-0.12044155926953859,-0.4230069247296335,43.0,0.5240549828178694
40,70,8.300146234719112,-0.17718841745428904,-0.06129999706225242,-0.4480920885022164,31.0,0.5060137457044673
40,75,5.709252225571244,-0.3339290524193623,-0.3228090263417206,-0.5532272109597376,29.0,0.5012886597938144
40,80,3.95622141551378,-0.0887098511936778,-0.4997492577122442,-0.38874433288831267,29.0,0.4965635738831615
40,85,2.7673009960927013,-0.1262266751007387,-0.6197516289692615,-0.413909063633247,29.0,0.49785223367697595
40,90,4.135237658690901,-0.0634426086766735,-0.4816804506467235,-0.3717961137058329,27.0,0.49871134020618557
40,95,4.376890532417875,-0.05286385595657683,-0.4572894843594847,-0.3647003247745003,25.0,0.4896907216494845
40,100,4.801388946642704,-0.059953580752761915,-0.4144432051050433,-0.3694558183630209,21.0,0.4802405498281787
40,105,4.79095544358267,-0.16088215953786178,-0.4154962992291489,-0.4371545264383042,19.0,0.48109965635738833
40,110,3.4097668701130166,-0.05896442704831917,-0.5549050445597759,-0.36879233504952613,19.0,0.47508591065292094
40,115,2.8792279130027256,-0.04407219138065732,-0.6084544090567376,-0.3588032405116943,19.0,0.47551546391752575
40,120,3.2313959989892,0.03973202570519074,-0.5729087117088862,-0.30259084461486363,17.0,0.4737972508591065
40,125,3.578797112611185,0.015193339881051315,-0.5378441634590831,-0.3190503781598337,15.0,0.4725085910652921
40,130,4.8498579058007065,-0.09668884765724517,-0.40955104416953503,-0.394096313059072,15.0,0.4677835051546392
40,135,4.48909824428998,-0.1010735490318041,-0.4459639227171559,-0.39703738903504104,15.0,0.4639175257731959
40,140,3.543869287601032,-0.16229298815513038,-0.5413695649540877,-0.4381008518087237,15.0,0.4570446735395189
40,145,3.1723649588100225,-0.15128410301179285,-0.5788669446431973,-0.4307165478729671,13.0,0.4527491408934708
40,150,2.8439185101916578,-0.1635778584538935,-0.6120183246862299,-0.43896268955891904,13.0,0.45017182130584193
40,155,4.225283535678432,-0.19371113227030856,-0.4725917693658661,-0.4591748408842008,13.0,0.45017182130584193
40,160,4.451877334660382,-0.15779888978355483,-0.44972077417914846,-0.43508639686066874,13.0,0.45060137457044674
40,165,2.9020880586674616,-0.043952552650314614,-0.6061470454668474,-0.3587229918093202,13.0,0.45146048109965636
40,170,3.525243239221888,0.005171655349201387,-0.5432495646043027,-0.3257725088359119,13.0,0.45146048109965636
40,175,3.810771015488493,0.3471847994714814,-0.5144301334194805,-0.09636426510007279,13.0,0.45103092783505155
40,180,2.7402486674389013,0.36422311141546837,-0.6224821259255346,-0.08493567153147019,13.0,0.4518900343642612
40,185,1.7700945803277714,0.2698546624335685,-0.7204035587113482,-0.14823411639262052,13.0,0.4536082474226804
40,190,2.0994824019441927,0.1904703243775181,-0.6871571622230105,-0.20148184060014263,13.0,0.4527491408934708
40,195,1.4110223744335655,0.11467995828234145,-0.7566461157874343,-0.2523188773538365,13.0,0.45146048109965636
40,200,1.8242879583275422,0.14832102700664285,-0.7149336098735892,-0.2297538425706137,13.0,0.4497422680412371
